meter_id,timestamp,actual_kwh,expected_kwh,deviation_pct,anomaly_type,severity
M0001,2025-01-14 06:00:00,4.777176823566628,2.5407673102206356,88.0210283070663,positive_spike,medium
M0001,2025-01-27 07:00:00,,4.00220474384659,,missing_reading,high
M0001,2025-01-29 15:00:00,9.144552201593733,5.1243580953406545,78.45263799788812,positive_spike,medium
M0001,2025-01-31 12:00:00,0.32487368746726697,6.652417720795169,-95.11645688676876,negative_drop,medium
M0001,2025-02-07 12:00:00,7.0177311887628235,0.32487368746726697,2060.141451735731,positive_spike,high
M0001,2025-02-24 11:00:00,6.092693981102251,3.704044020587263,64.48762345260344,positive_spike,medium
M0001,2025-03-08 11:00:00,0.1805926926186049,4.887963518309336,-96.30535923719273,negative_drop,medium
M0001,2025-03-15 11:00:00,4.056295459223325,0.1805926926186049,2146.1016558349047,positive_spike,high
M0001,2025-03-20 01:00:00,,4.571237660081115,,missing_reading,high
M0001,2025-04-06 11:00:00,0.4571674186954198,4.205141932181456,-89.12837126383842,negative_drop,medium
M0001,2025-04-06 12:00:00,6.314603037511327,3.802062914701669,66.08360195972209,positive_spike,medium
M0001,2025-04-08 11:00:00,5.5973188540364625,3.4626298884925637,61.64935422749509,positive_spike,medium
M0001,2025-04-13 11:00:00,5.570741139946062,0.4571674186954198,1118.5341544773285,positive_spike,high
M0001,2025-04-28 09:00:00,,3.2676020244648747,,missing_reading,high
M0001,2025-05-05 08:00:00,,3.421584936525518,,missing_reading,high
M0001,2025-05-12 13:00:00,7.620397854663856,4.7255466391768115,61.259605216621594,positive_spike,medium
M0001,2025-06-05 04:00:00,,3.718229146683605,,missing_reading,high
M0001,2025-06-24 23:00:00,,6.3367307178788534,,missing_reading,high
M0001,2025-06-26 03:00:00,18.96625365972724,3.3627939825173545,464.0028428244447,positive_spike,high
M0001,2025-07-03 03:00:00,4.1694325789701745,18.96625365972724,-78.0165727308419,negative_drop,medium
M0001,2025-07-22 01:00:00,,4.54256524241341,,missing_reading,high
M0001,2025-07-22 11:00:00,,4.723262333110177,,missing_reading,high
M0001,2025-07-22 13:00:00,29.469558093627256,5.9382662540671465,396.2653547816826,positive_spike,high
M0001,2025-07-29 13:00:00,6.943948855994021,29.469558093627256,-76.43687484578997,negative_drop,medium
M0001,2025-08-04 09:00:00,3.824683965318981,2.3813412306454884,60.61049613970102,positive_spike,medium
M0001,2025-09-01 11:00:00,6.142012168012286,3.811144060512832,61.15927581036675,positive_spike,medium
M0001,2025-09-18 09:00:00,4.661420926429926,2.9075536206941868,60.32106487229627,positive_spike,medium
M0001,2025-09-23 07:00:00,4.085408976932727,2.467899863955708,65.54192642096798,positive_spike,medium
M0001,2025-10-22 02:00:00,5.077865392171778,2.784549251678376,82.35861294646215,positive_spike,medium
M0001,2025-10-31 18:00:00,9.869669866760319,6.013785730365749,64.11741803378254,positive_spike,medium
M0001,2025-11-02 00:00:00,5.659051418032847,3.4072312105259748,66.08944531120501,positive_spike,medium
M0001,2025-11-03 03:00:00,4.905486746931178,2.7501520435616653,78.37147434867576,positive_spike,medium
M0001,2025-11-06 04:00:00,0.6057142273442897,3.908803336384513,-84.5038449055216,negative_drop,medium
M0001,2025-11-10 15:00:00,9.051658446614132,5.371539052510158,68.51145189727752,positive_spike,medium
M0001,2025-11-13 04:00:00,4.0029927976022694,0.6057142273442897,560.8715161195903,positive_spike,high
M0001,2025-11-16 12:00:00,,4.684012091929777,,missing_reading,high
M0001,2025-11-24 17:00:00,10.342600337737135,6.349984442800606,62.87599490835319,positive_spike,medium
M0001,2025-11-28 19:00:00,10.435351655935388,6.449004604596961,61.813369593454624,positive_spike,medium
M0001,2025-12-31 14:00:00,7.547762821916628,4.639232419295504,62.694216192401974,positive_spike,medium
M0001,2026-01-07 22:00:00,36.50342264011182,7.459592482928028,389.34875093583605,positive_spike,high
M0001,2026-01-14 22:00:00,7.011588935574562,36.50342264011182,-80.79196845539116,negative_drop,medium
M0002,2025-01-01 19:00:00,,,,missing_reading,high
M0002,2025-01-13 16:00:00,7.254421105951796,4.440363223641155,63.374497548492826,positive_spike,medium
M0002,2025-01-23 02:00:00,6.572566858498183,3.9332674192384722,67.1019576840954,positive_spike,medium
M0002,2025-01-29 18:00:00,8.830887949369766,5.376812146987961,64.24021721340489,positive_spike,medium
M0002,2025-02-08 13:00:00,6.25220668625331,3.7824546921362034,65.29495248817571,positive_spike,medium
M0002,2025-03-18 04:00:00,4.461583440405837,2.7034871436217323,65.03068826984942,positive_spike,medium
M0002,2025-04-02 02:00:00,,5.235930685555339,,missing_reading,high
M0002,2025-04-07 01:00:00,5.8503158119061,3.539251334319838,65.29811701068114,positive_spike,medium
M0002,2025-04-07 07:00:00,,3.855847257669768,,missing_reading,high
M0002,2025-05-19 19:00:00,7.994022479807374,3.972356222977296,101.24132960602972,positive_spike,medium
M0002,2025-05-24 09:00:00,16.894884593155417,3.2371763776558615,421.9018867729883,positive_spike,high
M0002,2025-05-31 09:00:00,2.683058044242237,16.894884593155417,-84.11910996225912,negative_drop,medium
M0002,2025-06-20 11:00:00,4.7931812407423235,2.891166170482565,65.78712388372658,positive_spike,medium
M0002,2025-06-27 15:00:00,,5.737497539103432,,missing_reading,high
M0002,2025-07-08 19:00:00,,6.763984068058034,,missing_reading,high
M0002,2025-07-14 10:00:00,0.49508136876164266,3.9683441569777886,-87.52423305092856,negative_drop,medium
M0002,2025-07-21 10:00:00,3.7377885805456232,0.49508136876164266,654.9846987566978,positive_spike,high
M0002,2025-07-25 19:00:00,7.292301781733461,4.402684589329242,65.63307304383706,positive_spike,medium
M0002,2025-07-30 05:00:00,,2.890363904206457,,missing_reading,high
M0002,2025-08-08 19:00:00,0.5653726847871263,5.401702893574087,-89.53343610475692,negative_drop,medium
M0002,2025-08-15 19:00:00,5.956606410555889,0.5653726847871263,953.5716653517962,positive_spike,high
M0002,2025-09-16 03:00:00,0.4842098236220221,3.043000780534027,-84.08775223721611,negative_drop,medium
M0002,2025-09-21 21:00:00,21.11881543613641,4.755145347703064,344.1255501545855,positive_spike,high
M0002,2025-09-23 03:00:00,3.789890214686635,0.4842098236220221,682.6958541107692,positive_spike,high
M0002,2025-09-23 10:00:00,22.318776593994944,4.213349438242563,429.7157741396442,positive_spike,high
M0002,2025-09-28 21:00:00,5.178425104866072,21.11881543613641,-75.47956645330936,negative_drop,medium
M0002,2025-09-30 10:00:00,3.971997575588401,22.318776593994944,-82.20333646487998,negative_drop,medium
M0002,2025-11-13 08:00:00,0.2673821176716415,3.2411815803977224,-91.75047398489686,negative_drop,medium
M0002,2025-11-20 08:00:00,2.2731164346698662,0.2673821176716415,750.1377932316948,positive_spike,high
M0002,2025-12-01 03:00:00,,3.6218658311046,,missing_reading,high
M0002,2025-12-26 08:00:00,3.9416883285194126,2.369739259828707,66.33426281692829,positive_spike,medium
M0002,2025-12-28 05:00:00,,3.561632949378298,,missing_reading,high
M0002,2026-01-27 19:00:00,,6.943774052474141,,missing_reading,high
M0003,2025-01-27 18:00:00,20.9027851377883,12.88629606644307,62.20941246430617,positive_spike,medium
M0003,2025-02-03 22:00:00,23.154147409532616,13.897438888433772,66.60729790150613,positive_spike,medium
M0003,2025-02-05 14:00:00,1.1069473471825615,14.49703991634191,-92.36432158861102,negative_drop,medium
M0003,2025-02-12 14:00:00,14.758321766548368,1.1069473471825615,1233.2451452286084,positive_spike,high
M0003,2025-02-13 06:00:00,56.00976401310521,12.681681966489682,341.65879700426547,positive_spike,high
M0003,2025-02-16 17:00:00,17.768443656678613,11.051977295252055,60.77162648815757,positive_spike,medium
M0003,2025-02-18 21:00:00,87.42075059085336,16.865048734752115,418.35456846747314,positive_spike,high
M0003,2025-02-20 06:00:00,10.401340184528047,56.00976401310521,-81.42941616019962,negative_drop,medium
M0003,2025-02-20 08:00:00,15.491713486464223,7.536045286660459,105.56821113968195,positive_spike,medium
M0003,2025-02-25 21:00:00,20.622843714579005,87.42075059085336,-76.40966981500988,negative_drop,medium
M0003,2025-02-26 00:00:00,1.9755309084812847,20.457296041481676,-90.34314747914162,negative_drop,medium
M0003,2025-02-27 01:00:00,,19.63239726911706,,missing_reading,high
M0003,2025-03-05 00:00:00,13.642667931418309,1.9755309084812847,590.582358030849,positive_spike,high
M0003,2025-03-09 04:00:00,16.264374910700454,9.539245466736398,70.49959525011448,positive_spike,medium
M0003,2025-04-02 20:00:00,2.762823186102046,22.655970675107298,-87.80531972908302,negative_drop,medium
M0003,2025-04-08 12:00:00,20.449499909943075,12.203197562532262,67.57493112075487,positive_spike,medium
M0003,2025-04-09 20:00:00,28.112472420018634,2.762823186102046,917.5270195151855,positive_spike,high
M0003,2025-04-11 23:00:00,,22.519951391746012,,missing_reading,high
M0003,2025-04-16 18:00:00,,23.048759753300814,,missing_reading,high
M0003,2025-05-14 22:00:00,144.9955467419726,26.303718132926523,451.23593557851336,positive_spike,high
M0003,2025-05-16 01:00:00,25.168649275698872,15.414726195423352,63.27665478204517,positive_spike,medium
M0003,2025-05-18 18:00:00,,20.248468377137126,,missing_reading,high
M0003,2025-05-21 22:00:00,31.548901940047305,144.9955467419726,-78.24146834234138,negative_drop,medium
M0003,2025-06-07 15:00:00,23.902811948056662,14.297830888844366,67.17788966651169,positive_spike,medium
M0003,2025-08-05 05:00:00,20.243520691114007,10.763810667450752,88.07020409908773,positive_spike,medium
M0003,2025-08-21 23:00:00,33.52101348112723,20.176959378544723,66.13510912239818,positive_spike,medium
M0003,2025-08-30 00:00:00,2.786369545451228,23.899824665916515,-88.3414644902192,negative_drop,medium
M0003,2025-09-06 00:00:00,23.867751614385075,2.786369545451228,756.5895953517503,positive_spike,high
M0003,2025-09-16 02:00:00,26.3857659887716,16.43793629622763,60.51750969996711,positive_spike,medium
M0003,2025-09-16 13:00:00,26.43814098583345,15.60825973446055,69.38557812093713,positive_spike,medium
M0003,2025-09-19 10:00:00,,15.465907091948248,,missing_reading,high
M0003,2025-09-27 13:00:00,,17.65488998428212,,missing_reading,high
M0003,2025-09-28 02:00:00,23.72109985009693,14.679814885609805,61.589911282532825,positive_spike,medium
M0003,2025-09-28 13:00:00,,12.413681251501808,,missing_reading,high
M0003,2025-10-02 21:00:00,,27.21037289001083,,missing_reading,high
M0003,2025-10-13 04:00:00,,20.968631004990005,,missing_reading,high
M0003,2025-11-04 03:00:00,27.967048520784452,17.206124169513476,62.54124546152949,positive_spike,medium
M0003,2025-11-26 09:00:00,16.85225569269488,9.700971219316937,73.71720121319437,positive_spike,medium
M0003,2025-12-05 11:00:00,19.147034329949406,11.602341063235313,65.02733565229512,positive_spike,medium
M0004,2025-02-02 19:00:00,106.73776295885489,21.161113129112547,404.4052376054342,positive_spike,high
M0004,2025-02-09 19:00:00,20.546168571874393,106.73776295885489,-80.75079709156496,negative_drop,medium
M0004,2025-02-19 04:00:00,59.93470875743508,10.147069758367568,490.66026138246644,positive_spike,high
M0004,2025-02-19 18:00:00,,20.836560198309915,,missing_reading,high
M0004,2025-02-26 04:00:00,10.247962525053365,59.93470875743508,-82.90145603855616,negative_drop,medium
M0004,2025-02-26 05:00:00,,8.983388815873809,,missing_reading,high
M0004,2025-03-26 08:00:00,1.0553059706203365,10.111153833587352,-89.56295208253276,negative_drop,medium
M0004,2025-04-02 08:00:00,9.512782028945265,1.0553059706203365,801.4240697750816,positive_spike,high
M0004,2025-05-02 14:00:00,,19.526079329416422,,missing_reading,high
M0004,2025-05-10 19:00:00,,24.586873733586852,,missing_reading,high
M0004,2025-06-19 11:00:00,,14.384567372560115,,missing_reading,high
M0004,2025-06-26 11:00:00,0.7380802543861505,11.829095213122786,-93.76046738073973,negative_drop,medium
M0004,2025-07-03 11:00:00,10.659322929489992,0.7380802543861505,1344.1956502894361,positive_spike,high
M0004,2025-07-08 00:00:00,1.3306108930484457,12.29909228718241,-89.18122685821984,negative_drop,medium
M0004,2025-07-11 02:00:00,0.5187020015820781,10.335015859452842,-94.98112041010899,negative_drop,medium
M0004,2025-07-15 00:00:00,13.911492705107083,1.3306108930484457,945.4966795917087,positive_spike,high
M0004,2025-07-18 02:00:00,9.135126855851682,0.5187020015820781,1661.1512637292499,positive_spike,high
M0004,2025-07-27 05:00:00,10.485151665193156,6.361633676356369,64.81853873734107,positive_spike,medium
M0004,2025-10-23 01:00:00,92.49740176163927,16.52204925623783,459.8421862028845,positive_spike,high
M0004,2025-10-30 01:00:00,18.907723600121933,92.49740176163927,-79.55864355104146,negative_drop,medium
M0004,2025-11-15 15:00:00,,27.22464033737852,,missing_reading,high
M0004,2025-11-16 23:00:00,,27.683224057159197,,missing_reading,high
M0004,2026-01-06 02:00:00,,14.80359429243883,,missing_reading,high
M0004,2026-01-12 20:00:00,,23.364664181904896,,missing_reading,high
M0005,2025-01-08 19:00:00,10.104206480861384,5.787453871421998,74.58811258531458,positive_spike,medium
M0005,2025-01-16 07:00:00,122.19097199190445,23.755642847565916,414.3660930414458,positive_spike,high
M0005,2025-01-23 07:00:00,20.03074624459856,122.19097199190445,-83.60701619926088,negative_drop,medium
M0005,2025-03-01 05:00:00,,18.253304884760905,,missing_reading,high
M0005,2025-03-26 14:00:00,88.79350609864821,16.034217856792527,453.77510079815266,positive_spike,high
M0005,2025-03-27 23:00:00,0.5265242245380537,12.31806523921859,-95.72559314865705,negative_drop,medium
M0005,2025-04-02 14:00:00,13.953490083174295,88.79350609864821,-84.28546107001091,negative_drop,medium
M0005,2025-04-03 23:00:00,12.114706771344702,0.5265242245380537,2200.8830756027505,positive_spike,high
M0005,2025-04-16 02:00:00,,14.257134068123284,,missing_reading,high
M0005,2025-04-17 11:00:00,,20.651539035555334,,missing_reading,high
M0005,2025-06-07 04:00:00,,15.797222286077586,,missing_reading,high
M0005,2025-06-19 16:00:00,13.149769623433441,8.072525437597172,62.89536310643744,positive_spike,medium
M0005,2025-06-28 04:00:00,,18.368648319549266,,missing_reading,high
M0005,2025-07-05 15:00:00,14.368056398694277,8.71284127678502,64.90666984807041,positive_spike,medium
M0005,2025-07-08 00:00:00,12.881678255891758,7.27913799724053,76.96708402526663,positive_spike,medium
M0005,2025-07-08 04:00:00,18.412575281670787,10.712450324298112,71.88014622487589,positive_spike,medium
M0005,2025-07-08 05:00:00,17.49005860767045,10.683527686723002,63.71051885236645,positive_spike,medium
M0005,2025-07-08 06:00:00,19.15691222413821,11.956399934833945,60.223079928316814,positive_spike,medium
M0005,2025-07-08 09:00:00,21.806773231111233,13.13808109826647,65.98141743841549,positive_spike,medium
M0005,2025-07-08 16:00:00,11.795528544795166,6.507457857198346,81.26169701963299,positive_spike,medium
M0005,2025-08-17 12:00:00,56.33122874303708,17.48495769098315,222.16965999343898,positive_spike,high
M0005,2025-08-24 12:00:00,16.672669133617077,56.33122874303708,-70.4024401639243,negative_drop,medium
M0005,2025-09-08 17:00:00,,11.212715937866616,,missing_reading,high
M0005,2025-09-16 00:00:00,0.8259264397228112,12.495122939992934,-93.390009496591,negative_drop,medium
M0005,2025-09-23 00:00:00,13.313222399767435,0.8259264397228112,1511.913816953902,positive_spike,high
M0005,2025-10-14 12:00:00,,19.100433229767354,,missing_reading,high
M0005,2025-10-23 23:00:00,,13.696558649775929,,missing_reading,high
M0005,2025-11-05 09:00:00,,20.110234632977313,,missing_reading,high
M0005,2025-11-23 08:00:00,2.8099986529289667,23.733492593903815,-88.16019748542722,negative_drop,medium
M0005,2025-11-30 08:00:00,24.759776265234137,2.8099986529289667,781.1312503451236,positive_spike,high
M0005,2025-12-12 14:00:00,17.73889486968322,11.019513606546798,60.97711299293985,positive_spike,medium
M0005,2026-01-03 16:00:00,1.2042200911120913,12.272405574350447,-90.18757908694826,negative_drop,medium
M0005,2026-01-08 00:00:00,16.667502113450613,9.617714664229867,73.3000270369869,positive_spike,medium
M0005,2026-01-08 01:00:00,16.71032078795546,9.958435623936982,67.8006608567017,positive_spike,medium
M0005,2026-01-08 07:00:00,23.163732633589124,13.719977539776876,68.83214689260949,positive_spike,medium
M0005,2026-01-08 11:00:00,20.882307574235764,12.41771879225037,68.1654088290996,positive_spike,medium
M0005,2026-01-08 16:00:00,13.587515981203476,7.2422987610604075,87.61330386229483,positive_spike,medium
M0005,2026-01-10 16:00:00,10.746380184886757,1.2042200911120913,792.393364319518,positive_spike,high
M0006,2025-01-23 11:00:00,39.8270046105296,8.135639548780917,389.53747731482855,positive_spike,high
M0006,2025-01-30 11:00:00,8.580443061777162,39.8270046105296,-78.4557157996546,negative_drop,medium
M0006,2025-02-28 16:00:00,0.2681247493367415,4.227439243003046,-93.65751382990253,negative_drop,medium
M0006,2025-03-02 05:00:00,,8.831409663372472,,missing_reading,high
M0006,2025-03-07 16:00:00,5.345886775719066,0.2681247493367415,1893.8057896345458,positive_spike,high
M0006,2025-03-08 05:00:00,0.45944665114612826,9.36189469272163,-95.09237535535063,negative_drop,medium
M0006,2025-03-15 05:00:00,8.065015057508056,0.45944665114612826,1655.3757410983842,positive_spike,high
M0006,2025-04-10 09:00:00,1.525139868909057,7.734764113136016,-80.28201188037656,negative_drop,medium
M0006,2025-04-17 09:00:00,8.680593796393579,1.525139868909057,469.1670628611176,positive_spike,high
M0006,2025-04-22 16:00:00,6.120492789735547,3.8210557298786383,60.178056076924626,positive_spike,medium
M0006,2025-04-25 20:00:00,,3.5746809070627283,,missing_reading,high
M0006,2025-05-09 13:00:00,7.383499596755812,4.613015792931504,60.05797352936669,positive_spike,medium
M0006,2025-05-17 15:00:00,,4.292678391812487,,missing_reading,high
M0006,2025-06-13 20:00:00,,2.8503921260767644,,missing_reading,high
M0006,2025-07-11 10:00:00,,6.685273150053666,,missing_reading,high
M0006,2025-07-14 16:00:00,19.386484642249762,4.148214231302907,367.3453096023126,positive_spike,high
M0006,2025-07-17 19:00:00,,2.9817260158252084,,missing_reading,high
M0006,2025-07-21 16:00:00,3.493179335784665,19.386484642249762,-81.98136794655471,negative_drop,medium
M0006,2025-09-12 06:00:00,1.0450810259552965,6.893326262562183,-84.83923455602043,negative_drop,medium
M0006,2025-09-19 06:00:00,8.375176121659617,1.0450810259552965,701.3901232207297,positive_spike,high
M0006,2025-10-02 19:00:00,,3.4136851061537516,,missing_reading,high
M0006,2025-10-07 14:00:00,,5.3344135187493995,,missing_reading,high
M0006,2025-10-18 08:00:00,,7.574995712193064,,missing_reading,high
M0006,2025-11-19 07:00:00,10.654696277688114,6.5872381694127675,61.74754887658705,positive_spike,medium
M0006,2025-12-26 13:00:00,43.24058352771206,8.62438396108406,401.37590954701466,positive_spike,high
M0006,2026-01-02 13:00:00,7.69374801862189,43.24058352771206,-82.20711333904383,negative_drop,medium
M0007,2025-01-08 02:00:00,8.116596622373681,4.4899020899528885,80.77446812339836,positive_spike,medium
M0007,2025-01-08 05:00:00,5.992775135851261,3.2377449422680864,85.09101991379336,positive_spike,medium
M0007,2025-01-08 10:00:00,4.407960085324856,2.4220211773421245,81.99510914937825,positive_spike,medium
M0007,2025-01-08 11:00:00,5.159757008458746,2.555745856766617,101.88850134678782,positive_spike,medium
M0007,2025-01-08 12:00:00,5.713224601223705,3.205221495661324,78.24741937358411,positive_spike,medium
M0007,2025-01-08 17:00:00,9.38281523479643,5.689821136707697,64.90527574344124,positive_spike,medium
M0007,2025-01-08 19:00:00,9.72374127724501,5.603198535913736,73.53911725455788,positive_spike,medium
M0007,2025-01-08 20:00:00,11.156302726626999,6.668964214308737,67.2868884599854,positive_spike,medium
M0007,2025-01-08 21:00:00,9.3907086908091,5.605959405890935,67.51296273999094,positive_spike,medium
M0007,2025-01-08 22:00:00,8.902933282609037,5.113819042251482,74.09558705638726,positive_spike,medium
M0007,2025-01-08 23:00:00,9.833737871780453,5.7344892462583275,71.48411043227306,positive_spike,medium
M0007,2025-01-16 13:00:00,5.451580383263486,3.3555250845503073,62.46579137089307,positive_spike,medium
M0007,2025-01-16 19:00:00,36.17386754459547,8.553916429527982,322.89245917488574,positive_spike,high
M0007,2025-01-23 19:00:00,9.966469843031792,36.17386754459547,-72.44842611660188,negative_drop,medium
M0007,2025-01-29 01:00:00,,6.174868640311946,,missing_reading,high
M0007,2025-02-01 20:00:00,11.213242453766007,6.654694375929415,68.50123867934855,positive_spike,medium
M0007,2025-02-02 06:00:00,,4.525590870386292,,missing_reading,high
M0007,2025-02-04 00:00:00,9.120945139093763,5.637776998841117,61.78265193831957,positive_spike,medium
M0007,2025-02-14 14:00:00,6.821737220395031,3.5353726873656486,92.95666464737519,positive_spike,medium
M0007,2025-02-19 23:00:00,7.762838275946106,4.63558434340945,67.46191420252697,positive_spike,medium
M0007,2025-02-21 03:00:00,6.026391817400643,3.60764412934717,67.04507432919009,positive_spike,medium
M0007,2025-02-24 22:00:00,,7.372230034239584,,missing_reading,high
M0007,2025-03-01 21:00:00,10.352460922846529,6.167304756720726,67.86037549976905,positive_spike,medium
M0007,2025-03-02 10:00:00,4.996786636757759,3.075368453048269,62.47765797964803,positive_spike,medium
M0007,2025-03-03 23:00:00,8.43677509408816,5.237596754790217,61.08103561756696,positive_spike,medium
M0007,2025-03-08 03:00:00,7.7218417929487115,4.454563958677799,73.34674874082859,positive_spike,medium
M0007,2025-03-16 19:00:00,13.205605579331202,8.064629976670886,63.74719754696708,positive_spike,medium
M0007,2025-03-26 15:00:00,,6.165444957490918,,missing_reading,high
M0007,2025-03-31 15:00:00,6.8623159740748765,2.7681875116764334,147.8992461720561,positive_spike,high
M0007,2025-03-31 21:00:00,9.581277765288984,5.92861030088552,61.610854467157125,positive_spike,medium
M0007,2025-04-02 05:00:00,5.549491153319437,3.4142158417158823,62.540724154405815,positive_spike,medium
M0007,2025-04-07 18:00:00,8.786504276891085,5.3222526584958345,65.08995045294056,positive_spike,medium
M0007,2025-04-08 11:00:00,5.255538688089998,3.166964876925074,65.94875195435698,positive_spike,medium
M0007,2025-04-18 05:00:00,4.529961697094554,2.659740939968819,70.31589915473722,positive_spike,medium
M0007,2025-04-25 08:00:00,4.785408215517748,2.280430633802871,109.84669055850864,positive_spike,medium
M0007,2025-05-03 04:00:00,6.7407510366872225,4.071222766903367,65.57067551020644,positive_spike,medium
M0007,2025-05-10 01:00:00,0.7395948708035338,6.175889958915315,-88.02448107521931,negative_drop,medium
M0007,2025-05-12 20:00:00,8.272097734259988,4.629291093642468,78.69037757466334,positive_spike,medium
M0007,2025-05-17 01:00:00,6.144113954594638,0.7395948708035338,730.7404765962422,positive_spike,high
M0007,2025-05-21 14:00:00,7.896663316972117,4.222680031130912,87.00595969278886,positive_spike,medium
M0007,2025-05-29 13:00:00,7.389739671778024,4.343660538211444,70.127007089298,positive_spike,medium
M0007,2025-05-30 01:00:00,6.464529733929631,3.290898404774332,96.43662425285125,positive_spike,medium
M0007,2025-06-02 09:00:00,4.607841030817769,2.8110617134339133,63.918174005115006,positive_spike,medium
M0007,2025-06-03 11:00:00,5.312649417322044,3.1768219314472956,67.2315770906841,positive_spike,medium
M0007,2025-06-07 21:00:00,10.028125685723932,5.817914770843213,72.36632162403637,positive_spike,medium
M0007,2025-06-15 23:00:00,9.63964727057199,5.346821934481548,80.28741911912375,positive_spike,medium
M0007,2025-06-21 03:00:00,7.569125345868615,4.337158893362881,74.51805506714513,positive_spike,medium
M0007,2025-07-02 04:00:00,5.378551163747898,3.317968598031495,62.10373922582987,positive_spike,medium
M0007,2025-07-04 08:00:00,4.478020689283985,2.659493213512463,68.37872217653621,positive_spike,medium
M0007,2025-07-08 00:00:00,6.911916272468396,4.289791387025678,61.124764560189135,positive_spike,medium
M0007,2025-07-08 01:00:00,6.943531087485928,3.919775095018634,77.14105833036116,positive_spike,medium
M0007,2025-07-08 06:00:00,5.068654252057182,2.5631979737997734,97.74727913596286,positive_spike,medium
M0007,2025-07-08 08:00:00,4.164252755339882,2.101390666743731,98.1665199737808,positive_spike,medium
M0007,2025-07-08 09:00:00,3.9648565096391906,2.2929133184718076,72.91785422929587,positive_spike,medium
M0007,2025-07-08 13:00:00,6.784353804563102,3.059503469321964,121.74689038893706,positive_spike,high
M0007,2025-07-08 14:00:00,5.763892789388716,2.933410739164428,96.49116001499814,positive_spike,medium
M0007,2025-07-08 21:00:00,9.914005276417123,4.429518783529519,123.81675664816727,positive_spike,high
M0007,2025-07-08 23:00:00,8.206933018828698,3.770254973822513,117.67580908481668,positive_spike,medium
M0007,2025-07-11 00:00:00,7.258393925031352,4.401465637188344,64.9085673577589,positive_spike,medium
M0007,2025-07-20 23:00:00,9.287110999012492,5.167740331969313,79.71318995189098,positive_spike,medium
M0007,2025-07-28 20:00:00,9.863948729387157,5.626639622639736,75.30798826528522,positive_spike,medium
M0007,2025-07-31 13:00:00,6.681866982597259,4.017374222944374,66.32423597570781,positive_spike,medium
M0007,2025-08-06 23:00:00,,7.201600770719575,,missing_reading,high
M0007,2025-08-08 13:00:00,6.356347847285243,3.2136196842279334,97.79402891018651,positive_spike,medium
M0007,2025-08-08 22:00:00,10.316382598544909,6.213682379680304,66.02687373080197,positive_spike,medium
M0007,2025-08-15 02:00:00,41.41535876382505,6.22638735644866,565.1587251623723,positive_spike,high
M0007,2025-08-19 17:00:00,,7.382043037983184,,missing_reading,high
M0007,2025-08-22 02:00:00,6.479332606839572,41.41535876382505,-84.35524211250089,negative_drop,medium
M0007,2025-08-24 14:00:00,8.966690982286885,5.483940108556466,63.508185807798355,positive_spike,medium
M0007,2025-08-28 17:00:00,9.499248197638275,5.488842534576104,73.06468782442288,positive_spike,medium
M0007,2025-08-29 12:00:00,,4.879924388425208,,missing_reading,high
M0007,2025-08-30 23:00:00,11.952615047342524,6.4876467262417385,84.23652753772267,positive_spike,medium
M0007,2025-09-01 21:00:00,12.21895422479842,6.532276098978832,87.0550791126016,positive_spike,medium
M0007,2025-09-06 11:00:00,0.4876961292499345,5.053124831129639,-90.34862296997898,negative_drop,medium
M0007,2025-09-09 18:00:00,10.69840161743193,6.589828259815066,62.34719928394864,positive_spike,medium
M0007,2025-09-13 11:00:00,5.203684792151055,0.4876961292499345,966.9932525718839,positive_spike,high
M0007,2025-09-21 04:00:00,,7.427142681598565,,missing_reading,high
M0007,2025-09-27 14:00:00,8.934051941545082,5.358209321579399,66.73577692391567,positive_spike,medium
M0007,2025-09-28 00:00:00,13.947388181652045,8.478535010907603,64.50233635538196,positive_spike,medium
M0007,2025-10-05 14:00:00,10.676701840523988,6.616141462717958,61.373542278189475,positive_spike,medium
M0007,2025-10-06 00:00:00,12.795381136862382,6.8724808864560485,86.18285519104022,positive_spike,medium
M0007,2025-10-08 00:00:00,13.229782604136464,6.67295224896389,98.25981230707373,positive_spike,medium
M0007,2025-10-10 11:00:00,0.19286426606758125,6.505983252511144,-97.03558618917224,negative_drop,medium
M0007,2025-10-11 21:00:00,15.606617413968698,9.678931113818482,61.24319132396072,positive_spike,medium
M0007,2025-10-17 11:00:00,5.1296966599806195,0.19286426606758125,2559.7444744808927,positive_spike,high
M0007,2025-10-23 22:00:00,16.20272086452531,9.514645177818355,70.29243404997355,positive_spike,medium
M0007,2025-11-04 02:00:00,11.239461319690971,6.00363746508584,87.21085983379359,positive_spike,medium
M0007,2025-11-19 14:00:00,,7.292892908027082,,missing_reading,high
M0007,2025-11-21 06:00:00,32.78765105592666,5.819932554085418,463.3682306663625,positive_spike,high
M0007,2025-11-28 06:00:00,4.810898516350761,32.78765105592666,-85.32710224302222,negative_drop,medium
M0007,2025-12-12 02:00:00,9.703618652604153,5.408806973315688,79.40404788850644,positive_spike,medium
M0007,2025-12-14 14:00:00,10.355666722995334,6.170129619451913,67.8354809653937,positive_spike,medium
M0007,2025-12-17 09:00:00,5.701979111726685,3.2544442445331008,75.20592406230394,positive_spike,medium
M0007,2025-12-21 22:00:00,1.3492728426929887,12.457427896225008,-89.1689291406466,negative_drop,medium
M0007,2025-12-28 22:00:00,12.332842961900681,1.3492728426929887,814.036255060599,positive_spike,high
M0007,2025-12-29 17:00:00,9.868143333537219,5.804146818606191,70.01884414610582,positive_spike,medium
M0007,2026-01-03 00:00:00,13.516954539978506,7.796066360143465,73.38172759896524,positive_spike,medium
M0007,2026-01-07 01:00:00,10.188420849752992,6.304223700299223,61.61261614605157,positive_spike,medium
M0007,2026-01-08 00:00:00,9.859964487073137,5.503202002772582,79.16777327282487,positive_spike,medium
M0007,2026-01-08 04:00:00,6.353195841068814,3.870242148750424,64.15499591207892,positive_spike,medium
M0007,2026-01-08 10:00:00,4.316563820297242,2.653974835407886,62.64524300336236,positive_spike,medium
M0007,2026-01-08 13:00:00,6.844988680111972,3.9312417293002415,74.11772542744085,positive_spike,medium
M0007,2026-01-08 16:00:00,8.375208604701143,4.664813292254297,79.54006044803086,positive_spike,medium
M0007,2026-01-08 20:00:00,11.575257540640335,5.115560032715873,126.27547065448044,positive_spike,high
M0007,2026-01-09 09:00:00,4.763930293019347,2.8068208471721805,69.72690999565995,positive_spike,medium
M0007,2026-01-11 03:00:00,8.888068195421711,5.110333898972589,73.92343379380006,positive_spike,medium
M0007,2026-01-16 22:00:00,12.710521933704529,7.207612321041289,76.3485793568352,positive_spike,medium
M0007,2026-01-18 17:00:00,9.278547515792127,5.523659789002618,67.9782584413569,positive_spike,medium
M0008,2025-01-02 16:00:00,,,,missing_reading,high
M0008,2025-04-25 02:00:00,0.43835769706215083,10.817902388611204,-95.94784939524283,negative_drop,medium
M0008,2025-05-02 02:00:00,11.30893955639226,0.43835769706215083,2479.8428160801445,positive_spike,high
M0008,2025-05-17 12:00:00,,10.939189995063145,,missing_reading,high
M0008,2025-06-14 22:00:00,,5.915168303114786,,missing_reading,high
M0008,2025-07-18 10:00:00,0.5679671834996071,12.889779309086498,-95.59366246791188,negative_drop,medium
M0008,2025-07-18 11:00:00,68.15644748804324,13.724135237468413,396.6174284115808,positive_spike,high
M0008,2025-07-25 10:00:00,14.513677312022828,0.5679671834996071,2455.372516875857,positive_spike,high
M0008,2025-07-25 11:00:00,14.074112664509636,68.15644748804324,-79.35028426037218,negative_drop,medium
M0008,2025-08-27 13:00:00,60.079757552639606,9.971542752210459,502.51215930775925,positive_spike,high
M0008,2025-09-03 13:00:00,11.595821208019172,60.079757552639606,-80.6992876130378,negative_drop,medium
M0008,2025-09-11 06:00:00,,14.637929565095341,,missing_reading,high
M0008,2025-10-01 01:00:00,53.24433348071445,9.31621588629645,471.5231820575715,positive_spike,high
M0008,2025-10-08 01:00:00,9.753693267838125,53.24433348071445,-81.68125576898997,negative_drop,medium
M0008,2025-11-19 01:00:00,,10.913305870423942,,missing_reading,high
M0008,2025-11-29 15:00:00,,8.946405848416292,,missing_reading,high
M0008,2025-12-11 01:00:00,1.2978182899301955,9.068113732553245,-85.68811190279615,negative_drop,medium
M0008,2025-12-11 06:00:00,0.3378292387227935,15.652206931554256,-97.84165108345366,negative_drop,medium
M0008,2025-12-13 18:00:00,,5.535589471901912,,missing_reading,high
M0008,2025-12-18 01:00:00,11.674795754756563,1.2978182899301955,799.570906446734,positive_spike,high
M0008,2025-12-18 06:00:00,15.491008819093166,0.3378292387227935,4485.455325790893,positive_spike,high
M0008,2025-12-29 06:00:00,,15.026314729603078,,missing_reading,high
M0008,2026-01-03 08:00:00,,13.277962351433732,,missing_reading,high
M0009,2025-01-08 00:00:00,8.698970281502824,4.9649420400474895,75.20789188144518,positive_spike,medium
M0009,2025-01-08 01:00:00,6.907425192501654,4.156628809156371,66.1785429886289,positive_spike,medium
M0009,2025-01-08 03:00:00,5.604243460666292,3.4098404028373044,64.35500781805038,positive_spike,medium
M0009,2025-01-08 07:00:00,6.639492447160739,3.9910991760382535,66.3574908642436,positive_spike,medium
M0009,2025-01-08 10:00:00,10.215900351022505,5.277551482282568,93.5727275293973,positive_spike,medium
M0009,2025-01-08 12:00:00,11.589839241392724,7.241452000286566,60.048554363601106,positive_spike,medium
M0009,2025-01-08 14:00:00,12.630790674855813,7.024920604031443,79.7997641084696,positive_spike,medium
M0009,2025-01-08 15:00:00,17.863080548665636,9.062546854745248,97.10883524218507,positive_spike,medium
M0009,2025-01-08 19:00:00,16.580073962395538,9.162409774345893,80.95756870445358,positive_spike,medium
M0009,2025-01-08 20:00:00,16.777846296656598,10.120683245556041,65.7778026401893,positive_spike,medium
M0009,2025-01-08 21:00:00,11.72603020578896,7.086952171756381,65.45942348137595,positive_spike,medium
M0009,2025-01-08 22:00:00,12.974018311015561,7.166575284544347,81.03512201979824,positive_spike,medium
M0009,2025-01-08 23:00:00,10.939321379525063,6.3931948848436475,71.10883645137929,positive_spike,medium
M0009,2025-01-27 19:00:00,70.9243148633323,15.695425376973791,351.8788956646112,positive_spike,high
M0009,2025-02-03 19:00:00,13.104192934224603,70.9243148633323,-81.52369471671916,negative_drop,medium
M0009,2025-02-10 16:00:00,17.47772148446869,10.152397998524837,72.15362800993655,positive_spike,medium
M0009,2025-02-14 14:00:00,18.545862204841264,11.161479311394409,66.15953573383742,positive_spike,medium
M0009,2025-03-01 06:00:00,,5.789902362842784,,missing_reading,high
M0009,2025-03-01 15:00:00,0.739506898163283,15.044618379920587,-95.08457523156406,negative_drop,medium
M0009,2025-03-01 20:00:00,,15.970940155350526,,missing_reading,high
M0009,2025-03-08 15:00:00,15.3733301604518,0.739506898163283,1978.862306576804,positive_spike,high
M0009,2025-03-14 04:00:00,7.313428673118921,4.449132617477588,64.37875203785744,positive_spike,medium
M0009,2025-03-18 19:00:00,18.609756457391793,11.502601346816729,61.78737223247265,positive_spike,medium
M0009,2025-03-21 05:00:00,6.771350872577878,3.7961041401340165,78.37632010640321,positive_spike,medium
M0009,2025-04-04 16:00:00,,13.289819129193406,,missing_reading,high
M0009,2025-04-19 19:00:00,17.41548704191277,10.038891285306029,73.48018368725535,positive_spike,medium
M0009,2025-05-10 08:00:00,0.6657022354147988,6.355271090891571,-89.52519529231586,negative_drop,medium
M0009,2025-05-14 19:00:00,16.169936520569188,10.011884027834679,61.50742932712877,positive_spike,medium
M0009,2025-05-14 20:00:00,0.5210937199788296,13.32849760584295,-96.09037916058602,negative_drop,medium
M0009,2025-05-17 08:00:00,6.404166344971728,0.6657022354147988,862.0166501290618,positive_spike,high
M0009,2025-05-21 20:00:00,12.330923924764132,0.5210937199788296,2266.354352776522,positive_spike,high
M0009,2025-06-28 07:00:00,6.7649152821976655,4.044282634760749,67.27108100835943,positive_spike,medium
M0009,2025-07-05 15:00:00,,14.74246651046538,,missing_reading,high
M0009,2025-07-08 00:00:00,7.462187875174843,3.996556437412563,86.71543845396032,positive_spike,medium
M0009,2025-07-08 01:00:00,6.2590650446476,3.7005760282804996,69.13758822449924,positive_spike,medium
M0009,2025-07-08 13:00:00,10.26185600530274,5.852129884717672,75.35249913199438,positive_spike,medium
M0009,2025-07-08 17:00:00,15.079810986396689,8.173588865793146,84.49436635486288,positive_spike,medium
M0009,2025-07-08 18:00:00,14.874479690873645,9.213632280623166,61.43991031805761,positive_spike,medium
M0009,2025-07-08 21:00:00,10.114029509900828,5.308912688411194,90.51037573058426,positive_spike,medium
M0009,2025-07-08 22:00:00,9.841259125258183,5.8087927705340645,69.42004154769272,positive_spike,medium
M0009,2025-07-16 00:00:00,38.34728502892334,7.044118211872865,444.3873012279801,positive_spike,high
M0009,2025-07-23 00:00:00,8.781079517365551,38.34728502892334,-77.10117023736505,negative_drop,medium
M0009,2025-07-24 00:00:00,,7.088390039150836,,missing_reading,high
M0009,2025-07-29 05:00:00,5.13363094729587,3.0176628572215596,70.11943315704052,positive_spike,medium
M0009,2025-08-05 03:00:00,5.497113563606195,3.3833999893488813,62.473062035567594,positive_spike,medium
M0009,2025-09-22 18:00:00,15.391907434478572,9.54342505250267,61.28284499328881,positive_spike,medium
M0009,2025-09-29 17:00:00,15.244602814633597,8.771020516310404,73.80648906572566,positive_spike,medium
M0009,2025-10-19 02:00:00,,5.889211880347474,,missing_reading,high
M0009,2025-10-19 21:00:00,,12.549709464068846,,missing_reading,high
M0009,2025-10-20 00:00:00,7.986372611135365,4.914846324539308,62.49485912225272,positive_spike,medium
M0009,2025-10-25 19:00:00,,13.219966533333166,,missing_reading,high
M0009,2025-10-26 17:00:00,15.640370827241068,9.421738422058542,66.00302541432502,positive_spike,medium
M0009,2025-11-02 07:00:00,5.592846717103803,3.3132559036971503,68.80213541196544,positive_spike,medium
M0009,2025-11-13 19:00:00,16.44288179593545,9.306267212988056,76.68611291310611,positive_spike,medium
M0009,2025-11-24 22:00:00,12.080750931423161,7.5481662143295045,60.048819652234975,positive_spike,medium
M0009,2025-12-09 15:00:00,,14.595912604779837,,missing_reading,high
M0009,2025-12-10 01:00:00,7.548736469890677,4.669790705855506,61.650423870714945,positive_spike,medium
M0009,2025-12-23 04:00:00,0.5232090538235356,5.364424149703624,-90.24668745008833,negative_drop,medium
M0009,2025-12-23 23:00:00,11.137410974369374,6.501937405791291,71.29372799635468,positive_spike,medium
M0009,2025-12-30 04:00:00,5.449233431792444,0.5232090538235356,941.5021284456452,positive_spike,high
M0009,2026-01-05 21:00:00,15.331495379201646,8.819086203644625,73.84448938559719,positive_spike,medium
M0009,2026-01-08 00:00:00,8.472314054337629,5.009017456168294,69.14123634974558,positive_spike,medium
M0009,2026-01-08 02:00:00,6.432760750340725,3.7918691993362215,69.64616689486019,positive_spike,medium
M0009,2026-01-08 05:00:00,5.1105445347999625,3.0388566649366906,68.1732670634675,positive_spike,medium
M0009,2026-01-08 07:00:00,6.500285048745015,3.71236800285549,75.09807873963751,positive_spike,medium
M0009,2026-01-08 08:00:00,7.6509677792449216,4.565340846765727,67.58809552336444,positive_spike,medium
M0009,2026-01-08 11:00:00,9.999748154223402,5.868807340585102,70.38808013122575,positive_spike,medium
M0009,2026-01-08 15:00:00,13.934953561882288,8.692305797195845,60.31366000006273,positive_spike,medium
M0009,2026-01-08 17:00:00,14.908371014020492,8.676180439423613,71.83103922410936,positive_spike,medium
M0009,2026-01-08 18:00:00,18.476818157095835,11.003789270497288,67.91323155046955,positive_spike,medium
M0009,2026-01-08 23:00:00,10.943945096312419,4.504042690235766,142.98049217068038,positive_spike,high
M0009,2026-01-18 12:00:00,15.437586939669055,9.562753816140212,61.43453273484024,positive_spike,medium
M0009,2026-01-18 13:00:00,50.38401919912992,14.877436830959937,238.66061588163365,positive_spike,high
M0009,2026-01-25 13:00:00,11.918317665293404,50.38401919912992,-76.34504381599788,negative_drop,medium
M0010,2025-02-05 21:00:00,16.409740885877728,10.182570460492181,61.15519111354671,positive_spike,medium
M0010,2025-02-28 15:00:00,20.403687169114832,11.99940730223437,70.03912489340642,positive_spike,medium
M0010,2025-03-16 18:00:00,,9.324095319483966,,missing_reading,high
M0010,2025-03-22 03:00:00,,19.422381580018154,,missing_reading,high
M0010,2025-04-16 07:00:00,28.502441885330576,17.766172634369724,60.43096322384539,positive_spike,medium
M0010,2025-05-09 07:00:00,1.7284726504657997,27.42336981096016,-93.69708149515968,negative_drop,medium
M0010,2025-05-16 07:00:00,25.052036125052087,1.7284726504657997,1349.3741696347297,positive_spike,high
M0010,2025-05-21 18:00:00,1.9767543321965702,11.82934979125898,-83.2894084030109,negative_drop,medium
M0010,2025-05-28 18:00:00,9.538081366967848,1.9767543321965702,382.51222782798345,positive_spike,high
M0010,2025-07-16 01:00:00,,14.853343360459375,,missing_reading,high
M0010,2025-07-30 06:00:00,0.6369395685439618,21.76140526558603,-97.073077033535,negative_drop,medium
M0010,2025-07-31 12:00:00,19.144307909489793,11.802591478094449,62.20427475628156,positive_spike,medium
M0010,2025-08-06 06:00:00,20.909753047891716,0.6369395685439618,3182.847240232103,positive_spike,high
M0010,2025-08-24 09:00:00,99.16705160326264,18.427584993375458,438.1445894234771,positive_spike,high
M0010,2025-08-28 01:00:00,,13.610263942220904,,missing_reading,high
M0010,2025-08-31 09:00:00,15.878110570801857,99.16705160326264,-83.98852208057434,negative_drop,medium
M0010,2025-09-08 21:00:00,46.010099661251594,11.33396763304109,305.9487476135162,positive_spike,high
M0010,2025-09-15 21:00:00,10.36715033851329,46.010099661251594,-77.4676638067702,negative_drop,medium
M0010,2025-09-18 19:00:00,0.8800264052186669,11.763080271209164,-92.5187418182244,negative_drop,medium
M0010,2025-09-25 19:00:00,11.41903687478082,0.8800264052186669,1197.5788916178537,positive_spike,high
M0010,2025-09-27 22:00:00,45.347645981978054,8.477605926722699,434.9109922535489,positive_spike,high
M0010,2025-10-04 22:00:00,10.025651528105358,45.347645981978054,-77.89157229442577,negative_drop,medium
M0010,2025-10-25 00:00:00,,13.236277035439999,,missing_reading,high
M0010,2025-11-02 15:00:00,,14.456434774905023,,missing_reading,high
M0010,2025-11-06 19:00:00,,11.904469014000323,,missing_reading,high
M0010,2025-11-08 19:00:00,,7.769886966528247,,missing_reading,high
M0010,2025-12-17 21:00:00,13.43638377309105,6.701802468837052,100.48910476799887,positive_spike,medium
M0010,2026-01-17 06:00:00,,22.022372143012884,,missing_reading,high
M0010,2026-01-29 17:00:00,13.651725440857119,8.44389147558005,61.675756732997534,positive_spike,medium
M0011,2025-01-14 01:00:00,,9.902824617852927,,missing_reading,high
M0011,2025-01-19 17:00:00,6.145176121589253,3.8016069955228087,61.64680170323995,positive_spike,medium
M0011,2025-01-20 07:00:00,16.387421323680982,8.77542163080593,86.74226735902114,positive_spike,medium
M0011,2025-02-01 11:00:00,0.22904476162925805,9.356615152239788,-97.55205533301829,negative_drop,medium
M0011,2025-02-08 11:00:00,9.577196601230186,0.22904476162925805,4081.3646088672654,positive_spike,high
M0011,2025-02-09 11:00:00,10.208626517230774,6.142026219401041,66.20942588920275,positive_spike,medium
M0011,2025-03-14 08:00:00,16.020480546157902,9.567722075756556,67.4429965597752,positive_spike,medium
M0011,2025-03-18 11:00:00,15.140763033552146,9.208079744864612,64.42910414623871,positive_spike,medium
M0011,2025-03-22 17:00:00,6.729943239024878,4.151802598092031,62.09689839583501,positive_spike,medium
M0011,2025-03-26 11:00:00,15.636752538198431,8.952382651861678,74.6658196625087,positive_spike,medium
M0011,2025-04-03 20:00:00,7.399004495814773,4.401120161068902,68.11639366869214,positive_spike,medium
M0011,2025-04-08 23:00:00,8.843872351655474,4.508490601003505,96.16038125236403,positive_spike,medium
M0011,2025-04-15 03:00:00,15.624307939276505,9.649569269618741,61.91715404820166,positive_spike,medium
M0011,2025-04-16 18:00:00,7.114774166149543,4.367696116147076,62.89535665832394,positive_spike,medium
M0011,2025-04-26 13:00:00,13.342453950839058,7.6171036952062146,75.16439955039688,positive_spike,medium
M0011,2025-05-02 11:00:00,66.90510096141587,12.760758756500408,424.3034700215926,positive_spike,high
M0011,2025-05-09 11:00:00,16.943810591200332,66.90510096141587,-74.67485984219377,negative_drop,medium
M0011,2025-05-10 13:00:00,,8.702692875791845,,missing_reading,high
M0011,2025-05-21 04:00:00,1.7838421659758035,13.73965666141332,-87.0168359374978,negative_drop,medium
M0011,2025-05-28 04:00:00,14.677770337568358,1.7838421659758035,722.8177704017481,positive_spike,high
M0011,2025-05-29 01:00:00,14.877826726012692,8.926733798616333,66.66596161206012,positive_spike,medium
M0011,2025-06-06 01:00:00,14.665705662612645,8.857250399204172,65.57853737465031,positive_spike,medium
M0011,2025-06-11 02:00:00,69.95327163241043,11.684583359300754,498.68006826900404,positive_spike,high
M0011,2025-06-18 02:00:00,12.787270518803314,69.95327163241043,-81.72026808696282,negative_drop,medium
M0011,2025-07-30 10:00:00,1.4861542485664447,12.520112536536361,-88.12986509322876,negative_drop,medium
M0011,2025-07-31 07:00:00,,13.369306539027754,,missing_reading,high
M0011,2025-08-06 10:00:00,15.228662770582508,1.4861542485664447,924.7027039940294,positive_spike,high
M0011,2025-08-07 07:00:00,18.08582179714721,10.96480088204311,64.94437055182725,positive_spike,medium
M0011,2025-08-08 05:00:00,61.5719399767855,13.325772445002716,362.0515638466837,positive_spike,high
M0011,2025-08-10 12:00:00,11.443131589381792,6.882765597537077,66.25775536328875,positive_spike,medium
M0011,2025-08-15 05:00:00,11.49817247837208,61.5719399767855,-81.32562904026209,negative_drop,medium
M0011,2025-09-10 12:00:00,12.345729849002831,7.130868617913659,73.13079949318895,positive_spike,medium
M0011,2025-09-19 20:00:00,,6.80303074658603,,missing_reading,high
M0011,2025-09-26 20:00:00,,5.9859218924009845,,missing_reading,high
M0011,2025-10-07 10:00:00,,16.03240593023371,,missing_reading,high
M0011,2025-10-10 12:00:00,,11.823231847059557,,missing_reading,high
M0011,2025-10-28 16:00:00,,6.6640279387482275,,missing_reading,high
M0011,2025-10-30 12:00:00,0.361336902189158,12.12642586571264,-97.02025224752468,negative_drop,medium
M0011,2025-11-06 12:00:00,11.304320050163295,0.361336902189158,3028.4709592837385,positive_spike,high
M0011,2025-11-06 13:00:00,12.390171181683597,6.7081836245546755,84.70232592218466,positive_spike,medium
M0011,2025-11-12 09:00:00,15.892863475530397,9.569170414558485,66.08402596061075,positive_spike,medium
M0011,2025-11-30 14:00:00,9.52837568775942,5.553512253900239,71.57386626936186,positive_spike,medium
M0011,2025-12-02 00:00:00,,10.216123849207177,,missing_reading,high
M0011,2025-12-06 22:00:00,7.4894208941989255,4.374787263945394,71.19508772283946,positive_spike,medium
M0011,2025-12-10 21:00:00,6.6468012014461655,3.9835777874615426,66.85506236045438,positive_spike,medium
M0011,2025-12-26 17:00:00,6.39661331916748,3.5256902720328482,81.4286799356119,positive_spike,medium
M0011,2026-01-02 21:00:00,6.542398747189846,3.9813268607881636,64.32709435704759,positive_spike,medium
M0011,2026-01-06 07:00:00,16.93827870209404,9.700519255555747,74.61208267168826,positive_spike,medium
M0012,2025-01-07 05:00:00,,,,missing_reading,high
M0012,2025-01-08 01:00:00,6.841754877012981,4.030622450701696,69.74437473849461,positive_spike,medium
M0012,2025-01-08 06:00:00,4.280475590873767,2.6198697581560895,63.385052922876625,positive_spike,medium
M0012,2025-01-08 07:00:00,3.3313445448423167,2.0085042837976115,65.86195865828695,positive_spike,medium
M0012,2025-01-08 10:00:00,3.8345530109811365,2.028805830948973,89.00542143983913,positive_spike,medium
M0012,2025-01-08 18:00:00,7.602478209240001,4.67312274854172,62.68518115883872,positive_spike,medium
M0012,2025-02-20 08:00:00,,3.3692399539537257,,missing_reading,high
M0012,2025-05-12 12:00:00,1.0490388754563025,5.086517241216126,-79.37608729690476,negative_drop,medium
M0012,2025-05-19 12:00:00,5.422480073801965,1.0490388754563025,416.8998214144674,positive_spike,high
M0012,2025-05-30 00:00:00,0.37637468069524704,7.764625414621284,-95.15270009050907,negative_drop,medium
M0012,2025-06-06 00:00:00,9.253725901874953,0.37637468069524704,2358.6472939096966,positive_spike,high
M0012,2025-06-07 02:00:00,,5.418697861272133,,missing_reading,high
M0012,2025-06-22 09:00:00,0.44775548028851236,3.272902562247892,-86.31931529360944,negative_drop,medium
M0012,2025-06-29 09:00:00,3.6632074403285073,0.44775548028851236,718.1267682012759,positive_spike,high
M0012,2025-07-08 02:00:00,7.387145015175728,4.536163792540487,62.850050241209296,positive_spike,medium
M0012,2025-07-08 05:00:00,4.719803146588013,2.9132825151494965,62.00979898256842,positive_spike,medium
M0012,2025-07-08 08:00:00,4.270120341926789,2.5382457169292634,68.2311650698942,positive_spike,medium
M0012,2025-07-08 17:00:00,9.59408381061145,5.938999733402767,61.54376563870447,positive_spike,medium
M0012,2025-07-08 19:00:00,10.84799709487799,6.757436254607871,60.53421277160817,positive_spike,medium
M0012,2025-07-11 00:00:00,48.22756701831598,8.729911009499535,452.440534225798,positive_spike,high
M0012,2025-07-12 21:00:00,11.706796173571831,6.947191900454126,68.51119619722293,positive_spike,medium
M0012,2025-07-18 00:00:00,7.491978165329326,48.22756701831598,-84.46536155870353,negative_drop,medium
M0012,2025-08-02 23:00:00,,7.839073640396782,,missing_reading,high
M0012,2025-08-20 10:00:00,,4.025368644335763,,missing_reading,high
M0012,2025-09-10 10:00:00,,3.874479997940937,,missing_reading,high
M0012,2025-10-09 20:00:00,,9.873971331980961,,missing_reading,high
M0012,2025-11-16 11:00:00,0.3118521094991701,4.26456242977679,-92.6873597318754,negative_drop,medium
M0012,2025-11-23 11:00:00,4.30447307723226,0.3118521094991701,1280.293076787321,positive_spike,high
M0012,2025-12-04 16:00:00,31.317910112789928,6.745594515317969,364.27205254737555,positive_spike,high
M0012,2025-12-07 21:00:00,40.11867542825561,8.09122063150993,395.82970549610286,positive_spike,high
M0012,2025-12-11 16:00:00,6.686056877249534,31.317910112789928,-78.65101198269609,negative_drop,medium
M0012,2025-12-14 21:00:00,8.880405063161007,40.11867542825561,-77.86466036486705,negative_drop,medium
M0012,2026-01-02 18:00:00,,8.796576320346102,,missing_reading,high
M0012,2026-01-08 11:00:00,4.0494440283513615,2.403808240281396,68.45952853033415,positive_spike,medium
M0012,2026-01-08 16:00:00,7.019290460231196,4.362361961302964,60.90573231879759,positive_spike,medium
M0012,2026-01-26 09:00:00,,3.612451934077648,,missing_reading,high
M0013,2025-01-08 23:00:00,14.27292936134059,8.60291278815337,65.90810243938668,positive_spike,medium
M0013,2025-02-12 19:00:00,116.41904356316526,20.612010019329986,464.8116969377913,positive_spike,high
M0013,2025-02-19 19:00:00,20.849182982802798,116.41904356316526,-82.09126072102568,negative_drop,medium
M0013,2025-04-04 21:00:00,1.5757161132223405,19.578565840718387,-91.95183076206094,negative_drop,medium
M0013,2025-04-11 21:00:00,18.647107744121705,1.5757161132223405,1083.4052839624999,positive_spike,high
M0013,2025-05-07 02:00:00,,10.401247799597028,,missing_reading,high
M0013,2025-05-08 22:00:00,,17.67758490002129,,missing_reading,high
M0013,2025-05-30 01:00:00,,12.127067956238315,,missing_reading,high
M0013,2025-06-08 10:00:00,0.4186496539439014,16.85247378788951,-97.51579703245258,negative_drop,medium
M0013,2025-06-12 03:00:00,0.5657065811134258,9.284519830693865,-93.9069915145935,negative_drop,medium
M0013,2025-06-15 10:00:00,15.877625721316333,0.4186496539439014,3692.580639143181,positive_spike,high
M0013,2025-06-19 03:00:00,9.223349202302701,0.5657065811134258,1530.412215489746,positive_spike,high
M0013,2025-06-23 00:00:00,1.1859955166956828,13.534569787229202,-91.2372869227454,negative_drop,medium
M0013,2025-06-30 00:00:00,12.689769298607677,1.1859955166956828,969.9677292172913,positive_spike,high
M0013,2025-08-04 08:00:00,,10.890307605767992,,missing_reading,high
M0013,2025-08-07 02:00:00,,9.54855912730058,,missing_reading,high
M0013,2025-09-05 00:00:00,70.24253236618047,11.356230758167515,518.5373814781049,positive_spike,high
M0013,2025-09-09 02:00:00,,8.32741359125938,,missing_reading,high
M0013,2025-09-12 00:00:00,11.096504272368817,70.24253236618047,-84.20258510253905,negative_drop,medium
M0013,2025-09-26 07:00:00,,9.475568960665836,,missing_reading,high
M0013,2025-11-05 13:00:00,,18.555657462700395,,missing_reading,high
M0013,2025-11-08 22:00:00,76.61080927043301,11.715933362616624,553.9027399633727,positive_spike,high
M0013,2025-11-15 22:00:00,12.728096102203844,76.61080927043301,-83.3860310008289,negative_drop,medium
M0013,2025-12-29 16:00:00,,20.387368709981423,,missing_reading,high
M0014,2025-01-21 16:00:00,,16.32368639827866,,missing_reading,high
M0014,2025-02-07 05:00:00,1.5031217105599102,12.625745690626019,-88.09478863750677,negative_drop,medium
M0014,2025-02-14 05:00:00,11.25537627120426,1.5031217105599102,648.8000600438173,positive_spike,high
M0014,2025-02-26 06:00:00,,9.908290573729854,,missing_reading,high
M0014,2025-04-03 20:00:00,31.35667644279582,19.254488640079725,62.853852049461565,positive_spike,medium
M0014,2025-06-02 03:00:00,76.50461092047135,20.04213989842121,281.7187750819856,positive_spike,high
M0014,2025-06-09 03:00:00,20.6639136237012,76.50461092047135,-72.98997619217761,negative_drop,medium
M0014,2025-07-06 08:00:00,,9.032851446036677,,missing_reading,high
M0014,2025-08-07 10:00:00,1.8753191876874908,13.399676092106501,-86.00474239230151,negative_drop,medium
M0014,2025-08-14 10:00:00,11.307329614042963,1.8753191876874908,502.9549363266715,positive_spike,high
M0014,2025-09-16 10:00:00,1.063696165669778,13.087857402481127,-91.87264857066575,negative_drop,medium
M0014,2025-09-19 11:00:00,,13.256597153400817,,missing_reading,high
M0014,2025-09-23 10:00:00,14.222242321614267,1.063696165669778,1237.0587185165737,positive_spike,high
M0014,2025-10-05 08:00:00,,13.72887977514292,,missing_reading,high
M0014,2025-10-18 11:00:00,43.89227424995919,13.804379918467092,217.9590427762815,positive_spike,high
M0014,2025-10-25 11:00:00,12.516602385392527,43.89227424995919,-71.48335874757238,negative_drop,medium
M0014,2025-11-03 17:00:00,3.509707991770289,27.836690548387665,-87.39179147151322,negative_drop,medium
M0014,2025-11-10 17:00:00,25.634018760074635,3.509707991770289,630.3746870161951,positive_spike,high
M0014,2025-12-13 16:00:00,,17.40217376005122,,missing_reading,high
M0014,2026-01-03 08:00:00,,8.674677663421805,,missing_reading,high
M0014,2026-01-16 05:00:00,,14.104040582747102,,missing_reading,high
M0014,2026-01-18 06:00:00,46.56249039995591,9.837909571240191,373.296588698834,positive_spike,high
M0014,2026-01-25 02:00:00,,15.855269572294658,,missing_reading,high
M0014,2026-01-25 06:00:00,9.494613633995534,46.56249039995591,-79.60887926646527,negative_drop,medium
M0015,2025-02-16 07:00:00,,7.275169177081883,,missing_reading,high
M0015,2025-03-14 01:00:00,1.6141043548885368,8.479006025785887,-80.96351919104892,negative_drop,medium
M0015,2025-03-17 23:00:00,0.6612429901954547,10.732894553896916,-93.83909916495575,negative_drop,medium
M0015,2025-03-21 01:00:00,9.846545574581068,1.6141043548885368,510.031535120976,positive_spike,high
M0015,2025-03-24 23:00:00,10.586714057739773,0.6612429901954547,1501.0323307337412,positive_spike,high
M0015,2025-04-11 20:00:00,86.07406418065948,12.499368724020941,588.62729055464,positive_spike,high
M0015,2025-04-18 20:00:00,15.905704717671306,86.07406418065948,-81.52090891829266,negative_drop,medium
M0015,2025-05-12 02:00:00,35.38568592097749,8.169855198728007,333.1250072398689,positive_spike,high
M0015,2025-05-19 02:00:00,9.202894179922456,35.38568592097749,-73.99260763102303,negative_drop,medium
M0015,2025-06-04 23:00:00,,12.041830472187225,,missing_reading,high
M0015,2025-06-10 22:00:00,,13.423889442033806,,missing_reading,high
M0015,2025-06-17 06:00:00,1.274640312235914,8.104065800441875,-84.27159473253025,negative_drop,medium
M0015,2025-06-24 06:00:00,9.204113755591973,1.274640312235914,622.0949837563626,positive_spike,high
M0015,2025-07-04 15:00:00,,15.332071196227721,,missing_reading,high
M0015,2025-07-07 10:00:00,1.0777590180482368,12.137181361529771,-91.12018692029831,negative_drop,medium
M0015,2025-07-14 10:00:00,11.217788562614803,1.0777590180482368,940.8438597832019,positive_spike,high
M0015,2025-09-07 20:00:00,76.5380693608629,13.90584454659086,450.40216438797233,positive_spike,high
M0015,2025-09-14 20:00:00,13.485058105634682,76.5380693608629,-82.3812408410054,negative_drop,medium
M0015,2025-09-23 12:00:00,,15.485460581110853,,missing_reading,high
M0015,2025-09-27 15:00:00,,14.62869304191645,,missing_reading,high
M0015,2025-10-22 19:00:00,,15.068737828972191,,missing_reading,high
M0015,2025-11-14 07:00:00,,8.968841849853414,,missing_reading,high
M0015,2025-12-10 11:00:00,,11.150818322786167,,missing_reading,high
M0016,2025-01-04 22:00:00,,,,missing_reading,high
M0016,2025-01-08 03:00:00,21.785143118918377,12.591966904413065,73.00826220630718,positive_spike,medium
M0016,2025-01-10 06:00:00,3.1520114068349203,15.564089199925498,-79.74817950253069,negative_drop,medium
M0016,2025-01-11 08:00:00,18.060692384134395,11.228020006820255,60.85376026373089,positive_spike,medium
M0016,2025-01-12 18:00:00,10.874751296042806,6.424579599852525,69.26790503603434,positive_spike,medium
M0016,2025-01-17 06:00:00,17.935282225462892,3.1520114068349203,469.0107017560744,positive_spike,high
M0016,2025-01-19 03:00:00,16.097858059194834,9.857373020380155,63.3077902795446,positive_spike,medium
M0016,2025-01-21 18:00:00,12.96227778299053,6.02923224868945,114.99052032384536,positive_spike,medium
M0016,2025-01-26 12:00:00,12.907054285618258,7.8249056419459855,64.94836968293956,positive_spike,medium
M0016,2025-01-31 10:00:00,19.262306316117858,10.856882867044417,77.42022781315738,positive_spike,medium
M0016,2025-02-03 13:00:00,18.425173466162033,11.39042244730678,61.760229275066024,positive_spike,medium
M0016,2025-02-15 20:00:00,,8.881752635620819,,missing_reading,high
M0016,2025-03-18 18:00:00,,12.826601581877245,,missing_reading,high
M0016,2025-03-23 22:00:00,10.737521970371935,5.96250890563701,80.08395694336966,positive_spike,medium
M0016,2025-04-22 16:00:00,12.24777724843439,7.309458830775707,67.56065711549552,positive_spike,medium
M0016,2025-04-24 06:00:00,19.945133352295898,11.359641106677376,75.57890398994942,positive_spike,medium
M0016,2025-04-27 00:00:00,12.576984969954173,7.5642274247244705,66.26926008127386,positive_spike,medium
M0016,2025-05-03 10:00:00,12.919953701051613,7.800873984347725,65.62187425377213,positive_spike,medium
M0016,2025-05-20 09:00:00,,16.020425755459947,,missing_reading,high
M0016,2025-05-28 15:00:00,49.10126557652695,10.607672001356264,362.88446296462615,positive_spike,high
M0016,2025-06-04 15:00:00,12.063845936904983,49.10126557652695,-75.43068229452695,negative_drop,medium
M0016,2025-06-09 18:00:00,11.810015641986364,6.87353252404893,71.81872058749707,positive_spike,medium
M0016,2025-06-21 14:00:00,11.88070063618383,7.088867564969164,67.59659462245166,positive_spike,medium
M0016,2025-06-24 14:00:00,14.487969812508636,6.93093071284318,109.03353983415363,positive_spike,medium
M0016,2025-07-03 01:00:00,16.261295250876014,8.308980884968143,95.70745770151522,positive_spike,medium
M0016,2025-07-04 19:00:00,12.595673082694407,7.33213345363922,71.78728622898551,positive_spike,medium
M0016,2025-07-07 18:00:00,9.685576467569739,5.6962853388656445,70.03320394582832,positive_spike,medium
M0016,2025-07-11 13:00:00,13.903155708113216,8.342045616384382,66.6636260152595,positive_spike,medium
M0016,2025-08-07 14:00:00,13.536818732410419,7.933879823136022,70.62041566265779,positive_spike,medium
M0016,2025-08-30 05:00:00,,13.418454940105532,,missing_reading,high
M0016,2025-09-01 17:00:00,12.140335664028747,7.192452863880719,68.79270387708006,positive_spike,medium
M0016,2025-09-15 14:00:00,15.449825028188531,9.520460455222604,62.2802289957864,positive_spike,medium
M0016,2025-09-19 04:00:00,112.62656480004439,13.82808999324169,714.4766548025739,positive_spike,high
M0016,2025-09-20 15:00:00,,8.372435318689082,,missing_reading,high
M0016,2025-09-23 00:00:00,,12.317563365870107,,missing_reading,high
M0016,2025-09-26 04:00:00,18.439834037519596,112.62656480004439,-83.6274558579875,negative_drop,medium
M0016,2025-10-01 04:00:00,73.55319684739887,12.41909653939644,492.2588379442093,positive_spike,high
M0016,2025-10-01 13:00:00,,14.185888084960325,,missing_reading,high
M0016,2025-10-08 04:00:00,16.55055671088332,73.55319684739887,-77.49852158673562,negative_drop,medium
M0016,2025-10-13 06:00:00,2.065631074927289,16.86553852619907,-87.75235625166358,negative_drop,medium
M0016,2025-10-20 03:00:00,15.846097799119434,9.674267242371275,63.79636206158153,positive_spike,medium
M0016,2025-10-20 06:00:00,18.595960433236712,2.065631074927289,800.25564869522,positive_spike,high
M0016,2025-10-24 03:00:00,2.4134062370166163,14.439489717320063,-83.28606976933712,negative_drop,medium
M0016,2025-10-31 03:00:00,14.273811198660546,2.4134062370166163,491.4383985476653,positive_spike,high
M0016,2025-11-01 15:00:00,12.58877802160478,7.729610329193728,62.864329318887,positive_spike,medium
M0016,2025-11-02 02:00:00,16.426773935350894,10.064401625913774,63.216597925258796,positive_spike,medium
M0016,2025-11-03 05:00:00,18.976468381579,11.192860740864976,69.54082446765537,positive_spike,medium
M0016,2025-11-04 20:00:00,1.3215071071806028,11.96023654742693,-88.95082800461078,negative_drop,medium
M0016,2025-11-07 01:00:00,,14.649975402732073,,missing_reading,high
M0016,2025-11-11 20:00:00,10.360632793094602,1.3215071071806028,684.0012919187936,positive_spike,high
M0016,2025-11-29 09:00:00,13.36221015419954,8.208516175525988,62.784720995488705,positive_spike,medium
M0016,2025-12-12 09:00:00,18.86601326568013,11.211052207633452,68.28048711462176,positive_spike,medium
M0016,2025-12-13 15:00:00,12.538276667428846,7.571114265958721,65.60675518798472,positive_spike,medium
M0016,2025-12-17 20:00:00,13.363571428829808,7.799148238177084,71.34654991444695,positive_spike,medium
M0016,2025-12-27 04:00:00,17.35405184229581,10.654239950219427,62.88399663777423,positive_spike,medium
M0016,2025-12-27 21:00:00,9.352958037916103,5.839876241200126,60.15678503478047,positive_spike,medium
M0017,2025-02-21 05:00:00,0.6326120237803584,9.816577517625662,-93.55567637861053,negative_drop,medium
M0017,2025-02-28 05:00:00,10.164409039825925,0.6326120237803584,1506.7366186127038,positive_spike,high
M0017,2025-03-16 07:00:00,,12.047178585303397,,missing_reading,high
M0017,2025-03-22 01:00:00,,7.145841343743896,,missing_reading,high
M0017,2025-03-30 15:00:00,0.9027932445741323,7.653665052430046,-88.20443227669736,negative_drop,medium
M0017,2025-04-06 15:00:00,8.53746268951062,0.9027932445741323,845.6719731590296,positive_spike,high
M0017,2025-04-18 05:00:00,,10.83755936842496,,missing_reading,high
M0017,2025-04-23 16:00:00,30.42088473411577,6.236051652630433,387.8228473505975,positive_spike,high
M0017,2025-04-30 16:00:00,6.115540281220286,30.42088473411577,-79.89690196497816,negative_drop,medium
M0017,2025-06-07 17:00:00,26.121728917273856,5.182603285141604,404.0271747630039,positive_spike,high
M0017,2025-06-14 17:00:00,5.247415359181711,26.121728917273856,-79.91168434600941,negative_drop,medium
M0017,2025-06-16 02:00:00,1.009734682372514,8.263447916039595,-87.78070978807055,negative_drop,medium
M0017,2025-06-23 02:00:00,7.059267598128533,1.009734682372514,599.1210385625052,positive_spike,high
M0017,2025-07-09 18:00:00,,3.4921274506335998,,missing_reading,high
M0017,2025-10-03 16:00:00,,5.891425342086519,,missing_reading,high
M0017,2025-10-10 17:00:00,,4.92616123517107,,missing_reading,high
M0017,2025-10-13 10:00:00,,12.687637394612924,,missing_reading,high
M0017,2025-11-19 15:00:00,0.5262885571512147,7.076174393449881,-92.56252703949215,negative_drop,medium
M0017,2025-11-26 15:00:00,6.808119782044352,0.5262885571512147,1193.6096917813518,positive_spike,high
M0017,2025-11-28 15:00:00,,7.327969558358412,,missing_reading,high
M0017,2025-12-23 18:00:00,21.47622100856111,3.871455839464703,454.7324288097931,positive_spike,high
M0017,2025-12-25 23:00:00,,5.5694782005578976,,missing_reading,high
M0017,2025-12-30 18:00:00,3.708786422483244,21.47622100856111,-82.73073078822945,negative_drop,medium
M0018,2025-01-04 21:00:00,,,,missing_reading,high
M0018,2025-01-08 02:00:00,7.553588044870061,4.6284045071412425,63.20068898938077,positive_spike,medium
M0018,2025-01-08 05:00:00,7.1490405060025015,4.343561764456472,64.58935992353942,positive_spike,medium
M0018,2025-01-08 08:00:00,6.738304404137685,4.2092228729551096,60.08428651835723,positive_spike,medium
M0018,2025-01-17 11:00:00,,7.337591228275991,,missing_reading,high
M0018,2025-01-31 12:00:00,0.9069379615899896,6.497119908549407,-86.04092314201294,negative_drop,medium
M0018,2025-02-07 12:00:00,6.595209342708937,0.9069379615899896,627.1952021003299,positive_spike,high
M0018,2025-02-07 19:00:00,,7.86765351628244,,missing_reading,high
M0018,2025-04-04 16:00:00,,8.134855538539275,,missing_reading,high
M0018,2025-05-01 09:00:00,0.87096006649077,6.036160129501919,-85.5709582283292,negative_drop,medium
M0018,2025-05-08 09:00:00,6.626108198281251,0.87096006649077,660.782090156997,positive_spike,high
M0018,2025-05-28 02:00:00,48.335347307686966,7.353626152208316,557.2994915327823,positive_spike,high
M0018,2025-06-04 02:00:00,8.566898813537339,48.335347307686966,-82.27612029142301,negative_drop,medium
M0018,2025-07-01 05:00:00,,7.264431259897284,,missing_reading,high
M0018,2025-07-03 01:00:00,,8.857695003589864,,missing_reading,high
M0018,2025-07-04 02:00:00,38.94450966099494,8.140264375979255,378.41824125411165,positive_spike,high
M0018,2025-07-08 08:00:00,7.944009839597411,4.345010234249753,82.8306358631418,positive_spike,medium
M0018,2025-07-08 12:00:00,9.216247173196862,5.61358683672531,64.17751147808318,positive_spike,medium
M0018,2025-07-11 02:00:00,8.066064516228987,38.94450966099494,-79.28831410013208,negative_drop,medium
M0018,2025-08-24 02:00:00,,8.550492362484976,,missing_reading,high
M0018,2025-09-16 16:00:00,,10.64692525958715,,missing_reading,high
M0018,2025-10-12 05:00:00,1.317569901724656,7.685319528483338,-82.85601663221058,negative_drop,medium
M0018,2025-10-19 05:00:00,7.245909602457466,1.317569901724656,449.9449853076339,positive_spike,high
M0018,2025-10-31 18:00:00,44.63540697807798,11.781054400421244,278.87446624881045,positive_spike,high
M0018,2025-11-07 18:00:00,10.643813177561714,44.63540697807798,-76.15387895356423,negative_drop,medium
M0018,2025-11-20 19:00:00,,10.954103770784949,,missing_reading,high
M0018,2026-01-04 20:00:00,1.3543339134207908,8.559952170198466,-84.17825372744588,negative_drop,medium
M0018,2026-01-08 00:00:00,7.955185109169943,4.7801921576883775,66.41977658523543,positive_spike,medium
M0018,2026-01-08 05:00:00,6.697287913013609,4.112690249651934,62.84445232850722,positive_spike,medium
M0018,2026-01-11 20:00:00,7.6306397671771435,1.3543339134207908,463.42381236718745,positive_spike,high
M0019,2025-01-08 00:00:00,13.69573688319274,7.920027464634391,72.92537108423994,positive_spike,medium
M0019,2025-01-08 16:00:00,10.267151201489382,6.016883120331841,70.63903346892886,positive_spike,medium
M0019,2025-01-08 18:00:00,9.718289460902339,5.804540867412178,67.42563594414,positive_spike,medium
M0019,2025-01-08 23:00:00,11.793065702116063,7.340596812556184,60.65540722716,positive_spike,medium
M0019,2025-01-25 03:00:00,,22.851667034253897,,missing_reading,high
M0019,2025-02-02 17:00:00,66.90137971323493,9.003077944441939,643.0945297384277,positive_spike,high
M0019,2025-02-09 17:00:00,9.58284842280722,66.90137971323493,-85.67615725731966,negative_drop,medium
M0019,2025-03-17 02:00:00,,16.165837805645495,,missing_reading,high
M0019,2025-03-29 02:00:00,3.3426065784008885,19.34381053033086,-82.72002006450734,negative_drop,medium
M0019,2025-04-05 02:00:00,18.22522722049766,3.3426065784008885,445.2399734466105,positive_spike,high
M0019,2025-06-21 14:00:00,18.63726354349703,11.24484124899314,65.74056610328587,positive_spike,medium
M0019,2025-06-28 21:00:00,11.339774006703319,6.746512700298809,68.08349010001967,positive_spike,medium
M0019,2025-06-30 13:00:00,,14.848439671486968,,missing_reading,high
M0019,2025-07-04 02:00:00,,20.842862959775776,,missing_reading,high
M0019,2025-07-08 01:00:00,18.00688258403546,10.208306887191688,76.39440881845555,positive_spike,medium
M0019,2025-07-08 10:00:00,24.905047508401204,12.776515228573532,94.92832797399478,positive_spike,medium
M0019,2025-07-08 11:00:00,21.751510151069834,12.86595212760938,69.06257644463565,positive_spike,medium
M0019,2025-07-08 16:00:00,11.87694512979653,6.847604672676864,73.44671162439636,positive_spike,medium
M0019,2025-07-08 17:00:00,10.962736195423977,6.023587771433771,81.99678682219252,positive_spike,medium
M0019,2025-07-27 18:00:00,48.51301095829975,9.425155665838092,414.71840549156525,positive_spike,high
M0019,2025-08-03 18:00:00,8.746664651381938,48.51301095829975,-81.97047662347676,negative_drop,medium
M0019,2025-08-16 07:00:00,,22.90836206987721,,missing_reading,high
M0019,2025-08-18 04:00:00,,16.35767600531141,,missing_reading,high
M0019,2025-09-21 01:00:00,82.86594380488125,13.103357672970695,532.402364897779,positive_spike,high
M0019,2025-09-28 01:00:00,15.691413774030002,82.86594380488125,-81.06409816440697,negative_drop,medium
M0019,2025-10-03 14:00:00,,12.29213699336739,,missing_reading,high
M0019,2025-10-26 23:00:00,0.5956284654380054,10.58841919043907,-94.37471774846395,negative_drop,medium
M0019,2025-11-02 23:00:00,10.413610982128242,0.5956284654380054,1648.3400452445499,positive_spike,high
M0019,2025-11-05 05:00:00,,19.788159549131958,,missing_reading,high
M0019,2025-11-18 01:00:00,1.814471688279562,13.122483677494063,-86.17280285597533,negative_drop,medium
M0019,2025-11-25 01:00:00,14.696749303481688,1.814471688279562,709.9740215520688,positive_spike,high
M0019,2025-12-05 05:00:00,,20.40734455195986,,missing_reading,high
M0019,2026-01-01 12:00:00,11.954284191419449,7.331823775188439,63.046529185191794,positive_spike,medium
M0019,2026-01-08 00:00:00,13.650212833219685,8.467549906805509,61.20616923968508,positive_spike,medium
M0019,2026-01-08 10:00:00,22.89423718519901,14.217374220207475,61.029996331241776,positive_spike,medium
M0019,2026-01-08 12:00:00,2.184994870821958,11.954284191419449,-81.72207690703635,negative_drop,medium
M0019,2026-01-08 21:00:00,9.507109008165497,5.621279678429227,69.12713033381928,positive_spike,medium
M0019,2026-01-15 12:00:00,17.65228362999525,2.184994870821958,707.8867307983546,positive_spike,high
M0020,2025-01-06 11:00:00,,,,missing_reading,high
M0020,2025-01-17 17:00:00,3.135344882917683,23.90045834970356,-86.8816537447008,negative_drop,medium
M0020,2025-01-24 17:00:00,24.54240627162622,3.135344882917683,682.7657622400889,positive_spike,high
M0020,2025-01-25 06:00:00,,10.309745811604193,,missing_reading,high
M0020,2025-04-16 22:00:00,,28.965612245981088,,missing_reading,high
M0020,2025-04-30 21:00:00,,29.203738316136565,,missing_reading,high
M0020,2025-06-25 12:00:00,65.27975124328246,12.42610675811213,425.3435570289617,positive_spike,high
M0020,2025-07-02 12:00:00,14.022049167074632,65.27975124328246,-78.5200634193324,negative_drop,medium
M0020,2025-07-26 19:00:00,113.34860675319034,22.643305932993655,400.58329419128506,positive_spike,high
M0020,2025-08-02 19:00:00,23.129735463206014,113.34860675319034,-79.59415988802616,negative_drop,medium
M0020,2025-08-09 13:00:00,,13.061285069048187,,missing_reading,high
M0020,2025-09-13 02:00:00,0.7932211571647139,17.191715385787468,-95.38602670318475,negative_drop,medium
M0020,2025-09-20 02:00:00,20.87805690725321,0.7932211571647139,2532.060014873991,positive_spike,high
M0020,2025-11-10 14:00:00,,22.260608041825034,,missing_reading,high
M0020,2025-12-25 17:00:00,,24.772276171979595,,missing_reading,high
M0020,2025-12-26 05:00:00,,14.267208288006177,,missing_reading,high
M0020,2025-12-29 10:00:00,,10.769143534890306,,missing_reading,high
M0020,2026-01-01 07:00:00,0.6754470119054625,9.917036954349363,-93.18902394924294,negative_drop,medium
M0020,2026-01-08 07:00:00,9.415188757267282,0.6754470119054625,1293.9196696875842,positive_spike,high
M0020,2026-01-14 23:00:00,145.68268489834318,28.49251052257481,411.3016797270911,positive_spike,high
M0020,2026-01-21 23:00:00,29.279400759877635,145.68268489834318,-79.9019349620659,negative_drop,medium
M0020,2026-01-29 14:00:00,2.227194612719379,17.31543074613413,-87.13751540245902,negative_drop,medium
M0021,2025-01-08 00:00:00,14.235612700855983,8.529204144062094,66.9043495783438,positive_spike,medium
M0021,2025-01-08 02:00:00,12.97951279387107,7.794488833776022,66.5216676894407,positive_spike,medium
M0021,2025-01-08 03:00:00,10.514346867562033,6.55522408568529,60.39645220553665,positive_spike,medium
M0021,2025-01-08 05:00:00,9.48501172995439,5.674930805001375,67.13880848723569,positive_spike,medium
M0021,2025-01-08 06:00:00,7.435127455073239,4.418949046619351,68.25555978658251,positive_spike,medium
M0021,2025-01-08 07:00:00,6.08535971282381,3.5484468765316413,71.49361184101546,positive_spike,medium
M0021,2025-01-08 16:00:00,12.257361924553713,6.2258871640840825,96.87735420686744,positive_spike,medium
M0021,2025-01-08 18:00:00,14.603316568768378,8.263839332705187,76.71346187690156,positive_spike,medium
M0021,2025-01-08 22:00:00,15.876318347788546,8.741483769581732,81.62040640096282,positive_spike,medium
M0021,2025-01-13 07:00:00,6.368493505060242,1.0197188880105987,524.5342299665288,positive_spike,high
M0021,2025-02-01 18:00:00,,10.481288942901548,,missing_reading,high
M0021,2025-03-20 09:00:00,6.436722349781058,3.7096650538594877,73.5122243202085,positive_spike,medium
M0021,2025-04-15 00:00:00,,14.727520534355314,,missing_reading,high
M0021,2025-04-18 10:00:00,7.502716253023925,4.5216980116089225,65.92696446692354,positive_spike,medium
M0021,2025-04-25 22:00:00,1.0915338763111324,13.786045616787957,-92.08232798111507,negative_drop,medium
M0021,2025-05-02 22:00:00,14.357876314662457,1.0915338763111324,1215.3853147632285,positive_spike,high
M0021,2025-06-29 22:00:00,,12.90624787341686,,missing_reading,high
M0021,2025-07-08 05:00:00,8.780649409907658,5.358706077483084,63.85764180654257,positive_spike,medium
M0021,2025-07-08 07:00:00,5.744560821504437,3.590278737254631,60.00319869028093,positive_spike,medium
M0021,2025-07-08 08:00:00,6.279841990218793,3.8552130058589085,62.89221842412047,positive_spike,medium
M0021,2025-07-08 09:00:00,6.112718403693788,3.389688579847816,80.33274325065653,positive_spike,medium
M0021,2025-07-08 10:00:00,6.098109472092123,3.39686251013089,79.52182209038384,positive_spike,medium
M0021,2025-07-08 14:00:00,8.275898077754842,4.817380687624415,71.79248671410103,positive_spike,medium
M0021,2025-07-08 17:00:00,13.91106734912589,8.097784728035283,71.78855472613989,positive_spike,medium
M0021,2025-07-08 20:00:00,15.252252093419823,7.837410557004425,94.60830822226903,positive_spike,medium
M0021,2025-07-08 21:00:00,13.534792107399689,8.270417224359626,63.6530750532683,positive_spike,medium
M0021,2025-07-08 22:00:00,15.833623797833804,9.568091801952914,65.48361079271889,positive_spike,medium
M0021,2025-08-20 21:00:00,18.765607846315266,11.314433259775047,65.85548224523588,positive_spike,medium
M0021,2025-09-05 01:00:00,15.241882419172747,8.767414750508383,73.84694180560967,positive_spike,medium
M0021,2025-09-12 15:00:00,43.60657253918384,11.861823028274149,267.6211694883837,positive_spike,high
M0021,2025-09-19 15:00:00,11.5185164015226,43.60657253918384,-73.58536630877758,negative_drop,medium
M0021,2025-09-20 16:00:00,,10.791388230501102,,missing_reading,high
M0021,2025-10-09 20:00:00,,16.772802617093937,,missing_reading,high
M0021,2025-10-10 21:00:00,,18.105996606982323,,missing_reading,high
M0021,2025-10-14 13:00:00,45.60437155951951,6.978516559782374,553.4966445783097,positive_spike,high
M0021,2025-10-15 18:00:00,72.20124040701057,15.454048740726671,367.1995126865089,positive_spike,high
M0021,2025-10-21 13:00:00,7.571126006778329,45.60437155951951,-83.3982450632018,negative_drop,medium
M0021,2025-10-22 18:00:00,15.913185022921338,72.20124040701057,-77.95995618189379,negative_drop,medium
M0021,2025-11-17 21:00:00,,15.29588410412869,,missing_reading,high
M0021,2025-11-23 19:00:00,,12.86833862572976,,missing_reading,high
M0021,2025-12-18 10:00:00,,5.5496469097502565,,missing_reading,high
M0021,2026-01-08 02:00:00,13.085555111193505,6.950208056587128,88.2757322464835,positive_spike,medium
M0021,2026-01-08 03:00:00,11.442335710346944,6.462771385246669,77.04998410539035,positive_spike,medium
M0021,2026-01-08 05:00:00,7.989268226697538,4.85331223218828,64.61475883852843,positive_spike,medium
M0021,2026-01-08 07:00:00,6.609003079463388,3.3926422885420116,94.80400576812971,positive_spike,medium
M0021,2026-01-08 16:00:00,11.41190226879596,5.85555623078117,94.89014909986673,positive_spike,medium
M0021,2026-01-08 18:00:00,16.502497928629126,7.723502727144764,113.66598176537181,positive_spike,medium
M0021,2026-01-08 19:00:00,14.905992095556218,8.381967764350026,77.83404225143894,positive_spike,medium
M0021,2026-01-09 19:00:00,1.193509386073703,11.231518823520354,-89.37357088718643,negative_drop,medium
M0021,2026-01-16 17:00:00,0.8982849924721554,11.3262997226251,-92.06903389040848,negative_drop,medium
M0021,2026-01-16 19:00:00,13.623346092919842,1.193509386073703,1041.4527821801778,positive_spike,high
M0021,2026-01-23 17:00:00,12.924932669400988,0.8982849924721554,1338.8454418937235,positive_spike,high
M0022,2025-01-08 08:00:00,19.863301669010603,12.018414679369805,65.27389176466785,positive_spike,medium
M0022,2025-01-22 22:00:00,,6.452066138217656,,missing_reading,high
M0022,2025-02-06 19:00:00,18.874852367024815,2.787029635866005,577.239026242356,positive_spike,high
M0022,2025-02-13 19:00:00,3.7161572291540566,18.874852367024815,-80.3115957842068,negative_drop,medium
M0022,2025-02-21 08:00:00,0.6302082601972337,15.96412124458977,-96.05234606689791,negative_drop,medium
M0022,2025-02-25 20:00:00,0.28668372111997614,4.601669853311459,-93.77000675279491,negative_drop,medium
M0022,2025-02-26 20:00:00,,4.712395898157077,,missing_reading,high
M0022,2025-02-28 08:00:00,16.220625774222754,0.6302082601972337,2473.851661218507,positive_spike,high
M0022,2025-03-02 14:00:00,,7.763422438716102,,missing_reading,high
M0022,2025-03-04 20:00:00,5.128160769229306,0.28668372111997614,1688.7868725839471,positive_spike,high
M0022,2025-03-23 02:00:00,10.911606360669676,6.5862649145322045,65.67214502097937,positive_spike,medium
M0022,2025-04-13 03:00:00,,10.744546020137358,,missing_reading,high
M0022,2025-04-16 11:00:00,0.43797770381483403,20.65224365248077,-97.87927301660406,negative_drop,medium
M0022,2025-04-23 11:00:00,22.074884994038445,0.43797770381483403,4940.184649073176,positive_spike,high
M0022,2025-05-08 03:00:00,66.90636516380492,17.01248602102508,293.27800229265677,positive_spike,high
M0022,2025-05-15 03:00:00,16.839866158720454,66.90636516380492,-74.83069642553156,negative_drop,medium
M0022,2025-05-22 00:00:00,10.125331502970985,6.196136854118076,63.413619507798444,positive_spike,medium
M0022,2025-06-18 03:00:00,,18.61591420819543,,missing_reading,high
M0022,2025-07-31 02:00:00,17.781137169575125,10.467163755133988,69.87540832972773,positive_spike,medium
M0022,2025-08-10 07:00:00,17.371858540398513,10.817698643802764,60.58737733788223,positive_spike,medium
M0022,2025-08-28 09:00:00,,21.60192301273211,,missing_reading,high
M0022,2025-09-07 19:00:00,6.721146797567401,3.9751021081361437,69.08111074205411,positive_spike,medium
M0022,2025-09-20 20:00:00,5.54556446767015,3.452230403814334,60.63714813307109,positive_spike,medium
M0022,2025-10-05 21:00:00,6.939603488634692,4.045964082268803,71.51915705448528,positive_spike,medium
M0022,2025-11-01 06:00:00,21.982390362770253,13.684383384927111,60.63851577691924,positive_spike,medium
M0022,2025-11-02 17:00:00,7.016834105970737,4.3821630051331635,60.12261747797564,positive_spike,medium
M0022,2025-11-03 16:00:00,11.710033725451416,7.30923890746378,60.208660213497645,positive_spike,medium
M0022,2025-11-06 19:00:00,8.531390600063824,4.8359164583152054,76.41724528541778,positive_spike,medium
M0022,2025-11-28 01:00:00,56.10858589586724,10.990399336809327,410.52363227555287,positive_spike,high
M0022,2025-11-28 05:00:00,,17.296253492254987,,missing_reading,high
M0022,2025-12-05 01:00:00,12.484265989991053,56.10858589586724,-77.74981174332073,negative_drop,medium
M0022,2026-01-04 12:00:00,1.2223019027548598,13.008753392039027,-90.6040043506177,negative_drop,medium
M0022,2026-01-04 15:00:00,9.668142741704536,5.679928134109947,70.21593431163276,positive_spike,medium
M0022,2026-01-08 08:00:00,21.39020210347329,11.720135929303462,82.50814011458763,positive_spike,medium
M0022,2026-01-08 11:00:00,16.008811060060356,9.599821777371407,66.76154444654533,positive_spike,medium
M0022,2026-01-11 00:00:00,,6.623665674079785,,missing_reading,high
M0022,2026-01-11 12:00:00,8.32692494046691,1.2223019027548598,581.2494459592547,positive_spike,high
M0022,2026-01-30 04:00:00,,13.32234022290863,,missing_reading,high
M0023,2025-01-09 20:00:00,22.8715865569193,121.3430720506421,-81.15130417386011,negative_drop,medium
M0023,2025-02-06 15:00:00,,20.747072622728048,,missing_reading,high
M0023,2025-02-24 11:00:00,0.41679476306693947,13.042792849765709,-96.80440556046686,negative_drop,medium
M0023,2025-03-03 11:00:00,12.315352765316819,0.41679476306693947,2854.7762727860636,positive_spike,high
M0023,2025-03-14 16:00:00,,19.164789737613564,,missing_reading,high
M0023,2025-03-23 22:00:00,,17.557884427698987,,missing_reading,high
M0023,2025-05-19 02:00:00,,10.007035750644324,,missing_reading,high
M0023,2025-05-24 06:00:00,,7.177884528736494,,missing_reading,high
M0023,2025-06-01 10:00:00,56.66803059490505,9.55496816092995,493.0739866472747,positive_spike,high
M0023,2025-06-08 10:00:00,9.656373065609598,56.66803059490505,-82.95975179614273,negative_drop,medium
M0023,2025-06-09 03:00:00,,8.621018883953482,,missing_reading,high
M0023,2025-07-19 01:00:00,1.2886941886923284,11.03350211137884,-88.32017091505969,negative_drop,medium
M0023,2025-07-26 01:00:00,12.009102864519747,1.2886941886923284,831.8815099729514,positive_spike,high
M0023,2025-08-30 11:00:00,,13.212270953189975,,missing_reading,high
M0023,2025-10-04 09:00:00,53.112943180191685,10.901825469635746,387.19311575959676,positive_spike,high
M0023,2025-10-11 09:00:00,10.388483555493922,53.112943180191685,-80.44076842013855,negative_drop,medium
M0023,2025-11-20 09:00:00,0.5055126443415465,10.665049542446686,-95.26010036493861,negative_drop,medium
M0023,2025-11-23 07:00:00,,9.335260906509093,,missing_reading,high
M0023,2025-11-27 09:00:00,11.075942993061457,0.5055126443415465,2091.031840061762,positive_spike,high
M0023,2026-01-06 06:00:00,,8.530164350617786,,missing_reading,high
M0023,2026-01-18 01:00:00,1.648115515266089,14.81149096248505,-88.87272375589681,negative_drop,medium
M0023,2026-01-25 01:00:00,14.2356078183764,1.648115515266089,763.7506101068441,positive_spike,high
M0024,2025-01-08 01:00:00,3.509907991435935,2.148464164748084,63.36823527366048,positive_spike,medium
M0024,2025-01-08 04:00:00,2.9054625324353265,1.7912405763867778,62.2039256332678,positive_spike,medium
M0024,2025-01-08 06:00:00,2.6281568634055046,1.5316516754866025,71.5897227462337,positive_spike,medium
M0024,2025-01-08 07:00:00,2.444424038404302,1.4886802347361294,64.20074515448776,positive_spike,medium
M0024,2025-01-08 09:00:00,2.349792450335673,1.4556692843159467,61.42350983519557,positive_spike,medium
M0024,2025-01-08 15:00:00,3.0681260791731364,1.8479947087769892,66.02461384771146,positive_spike,medium
M0024,2025-02-16 10:00:00,,2.2143631213332586,,missing_reading,high
M0024,2025-02-18 15:00:00,,3.0027256313633077,,missing_reading,high
M0024,2025-03-16 19:00:00,,3.2566519942730374,,missing_reading,high
M0024,2025-03-20 02:00:00,0.228919378707646,2.9994817448953954,-92.36803560824373,negative_drop,medium
M0024,2025-03-24 20:00:00,,3.6017732924753414,,missing_reading,high
M0024,2025-03-27 02:00:00,3.153271038197152,0.228919378707646,1277.4591980804773,positive_spike,high
M0024,2025-04-18 07:00:00,,2.1876132705471187,,missing_reading,high
M0024,2025-05-11 19:00:00,,3.104791600120526,,missing_reading,high
M0024,2025-06-26 08:00:00,8.674379431167317,1.9224133017410348,351.2234400017603,positive_spike,high
M0024,2025-07-03 08:00:00,1.8640913375449786,8.674379431167317,-78.51037815054251,negative_drop,medium
M0024,2025-08-17 16:00:00,,2.1616053708690313,,missing_reading,high
M0024,2025-09-18 01:00:00,0.06630522216048962,2.6762468723309234,-97.52245494068565,negative_drop,medium
M0024,2025-09-25 01:00:00,2.905213493012271,0.06630522216048962,4281.57568642225,positive_spike,high
M0024,2025-10-12 19:00:00,13.599594987949478,3.028830668672536,349.00479675576764,positive_spike,high
M0024,2025-10-19 19:00:00,2.924659695349467,13.599594987949478,-78.49450885896977,negative_drop,medium
M0024,2025-11-23 16:00:00,0.11529092906298771,2.641071343026246,-95.63469084743153,negative_drop,medium
M0024,2025-11-30 16:00:00,2.7416631190540732,0.11529092906298771,2278.038880713851,positive_spike,high
M0024,2025-12-02 07:00:00,,2.272861004205474,,missing_reading,high
M0024,2025-12-23 03:00:00,0.49768214756572615,2.880143528957121,-82.72023103841866,negative_drop,medium
M0024,2025-12-30 03:00:00,2.8893600485577258,0.49768214756572615,480.56332996677236,positive_spike,high
M0024,2025-12-30 06:00:00,,2.3059801263359994,,missing_reading,high
M0024,2026-01-01 20:00:00,11.575560254772492,2.3402952407212005,394.61965539037254,positive_spike,high
M0024,2026-01-08 03:00:00,3.032672828240022,1.8786215792896086,61.4307459082213,positive_spike,medium
M0024,2026-01-08 06:00:00,2.57028771052099,1.6037065894228495,60.27169355499119,positive_spike,medium
M0024,2026-01-08 20:00:00,3.744668540870066,11.575560254772492,-67.65021771342622,negative_drop,medium
M0024,2026-01-08 21:00:00,3.7460517482926114,2.3339600171052037,60.501967507516106,positive_spike,medium
M0025,2025-02-01 22:00:00,3.245058531145135,1.515635032502238,114.10553738571909,positive_spike,medium
M0025,2025-02-04 23:00:00,13.636993903718313,3.3708689489559447,304.55425916044834,positive_spike,high
M0025,2025-02-11 23:00:00,2.9592888616739192,13.636993903718313,-78.29955133391218,negative_drop,medium
M0025,2025-03-09 07:00:00,0.7790318264300153,4.859115060463748,-83.96761927354596,negative_drop,medium
M0025,2025-03-16 07:00:00,4.8430810316032105,0.7790318264300153,521.679483083133,positive_spike,high
M0025,2025-03-21 23:00:00,3.5019262314440236,2.1160193092285273,65.49594874541951,positive_spike,medium
M0025,2025-04-09 01:00:00,4.900941470246624,2.8850542930888574,69.87345721662227,positive_spike,medium
M0025,2025-04-10 01:00:00,4.52204377441872,2.7022339193873783,67.34464555325802,positive_spike,medium
M0025,2025-04-11 15:00:00,12.71672365604224,1.9794332968622343,542.4426463978647,positive_spike,high
M0025,2025-04-15 07:00:00,,4.272379182874798,,missing_reading,high
M0025,2025-04-18 15:00:00,2.270183727136048,12.71672365604224,-82.14804545149181,negative_drop,medium
M0025,2025-04-19 06:00:00,7.170817342269115,4.462268538314261,60.698919858778375,positive_spike,medium
M0025,2025-05-03 03:00:00,,5.9425486952715145,,missing_reading,high
M0025,2025-05-15 11:00:00,4.603718794068129,2.6872448744147523,71.3174276709993,positive_spike,medium
M0025,2025-05-25 14:00:00,2.899565255139616,1.8051755852845046,60.62510920136505,positive_spike,medium
M0025,2025-06-12 20:00:00,0.07374708795162117,2.2991200669066,-96.79237770079378,negative_drop,medium
M0025,2025-06-19 20:00:00,2.656315957280692,0.07374708795162117,3501.926572372948,positive_spike,high
M0025,2025-06-23 12:00:00,0.33264391059757126,3.7495617541323543,-91.12845893974229,negative_drop,medium
M0025,2025-06-26 05:00:00,0.25076499340934044,5.986568993807835,-95.81120682533322,negative_drop,medium
M0025,2025-06-30 12:00:00,3.4010214838347315,0.33264391059757126,922.4210861774193,positive_spike,high
M0025,2025-07-03 05:00:00,6.0303390454560715,0.25076499340934044,2304.7770637635795,positive_spike,high
M0025,2025-07-08 19:00:00,2.3335046026086803,1.4352973180599071,62.57987618641139,positive_spike,medium
M0025,2025-07-24 22:00:00,3.8097396288740457,2.2178674575244015,71.77490097295997,positive_spike,medium
M0025,2025-08-16 05:00:00,7.055365579893143,4.147668417068449,70.10437842280172,positive_spike,medium
M0025,2025-08-20 14:00:00,3.021557016133394,1.856810452154655,62.728350253907685,positive_spike,medium
M0025,2025-08-20 19:00:00,,2.1798942557062726,,missing_reading,high
M0025,2025-08-31 09:00:00,35.771151282402805,5.17568298532544,591.1387614702132,positive_spike,high
M0025,2025-09-07 09:00:00,4.784861696162811,35.771151282402805,-86.62368549899966,negative_drop,medium
M0025,2025-09-10 02:00:00,,4.973470814787368,,missing_reading,high
M0025,2025-09-14 19:00:00,2.6364084333445073,1.6239579126162675,62.34462807580632,positive_spike,medium
M0025,2025-10-17 22:00:00,,3.082299365618394,,missing_reading,high
M0025,2025-11-01 00:00:00,,3.778626678315693,,missing_reading,high
M0025,2025-11-04 02:00:00,4.669882437599407,2.8569351050728793,63.45777085756661,positive_spike,medium
M0025,2025-12-05 13:00:00,,2.0991440593267656,,missing_reading,high
M0025,2025-12-08 03:00:00,,4.164145820583009,,missing_reading,high
M0025,2025-12-27 17:00:00,,1.5875684776445524,,missing_reading,high
M0026,2025-01-08 02:00:00,16.36404396093686,9.364621835967998,74.74324374835099,positive_spike,medium
M0026,2025-01-08 07:00:00,19.576068850257933,11.887436866708754,64.67863568707148,positive_spike,medium
M0026,2025-01-08 13:00:00,15.570503093967513,9.122150770712004,70.6889469965667,positive_spike,medium
M0026,2025-01-08 14:00:00,11.877366764749306,6.955024308995754,70.77390728004941,positive_spike,medium
M0026,2025-01-08 17:00:00,7.650397155680787,4.454830733474048,71.73261148161995,positive_spike,medium
M0026,2025-01-08 19:00:00,5.997662322461661,3.620824083831179,65.64357128655527,positive_spike,medium
M0026,2025-01-08 23:00:00,9.684122713372409,6.045945340850728,60.17549229133042,positive_spike,medium
M0026,2025-02-28 07:00:00,,18.4455606810058,,missing_reading,high
M0026,2025-03-09 04:00:00,17.608392953010394,10.405928136554241,69.21501592111836,positive_spike,medium
M0026,2025-03-16 21:00:00,,6.27554507480475,,missing_reading,high
M0026,2025-03-20 22:00:00,9.065701552010259,5.072189397088011,78.73349834323928,positive_spike,medium
M0026,2025-04-03 18:00:00,38.63016908748813,6.96896563872044,454.3171123251649,positive_spike,high
M0026,2025-04-10 18:00:00,6.484549532989343,38.63016908748813,-83.21376870418719,negative_drop,medium
M0026,2025-04-27 05:00:00,,15.53300732180531,,missing_reading,high
M0026,2025-05-01 14:00:00,74.96237746339945,12.797591669055631,485.7537840081057,positive_spike,high
M0026,2025-05-08 14:00:00,14.89326049597964,74.96237746339945,-80.13235305503576,negative_drop,medium
M0026,2025-05-14 00:00:00,1.26216274305722,10.925118978627575,-88.44714876308126,negative_drop,medium
M0026,2025-05-15 19:00:00,7.5607864932365825,4.660680761487023,62.224938376261164,positive_spike,medium
M0026,2025-05-17 14:00:00,,9.102437220483068,,missing_reading,high
M0026,2025-05-21 00:00:00,12.235894348399345,1.26216274305722,869.4387206170792,positive_spike,high
M0026,2025-05-25 16:00:00,10.309292989041653,6.056675889438772,70.21371420944469,positive_spike,medium
M0026,2025-06-24 08:00:00,,23.166707679296458,,missing_reading,high
M0026,2025-07-08 04:00:00,22.770578411179347,13.00436519306327,75.09949984583274,positive_spike,medium
M0026,2025-07-08 06:00:00,23.68743614400433,12.92098930215976,83.32525157377032,positive_spike,medium
M0026,2025-07-08 07:00:00,24.9675162882827,14.748457646410223,69.28899880157839,positive_spike,medium
M0026,2025-07-08 08:00:00,23.93635034877235,11.164956255124384,114.38821435405333,positive_spike,medium
M0026,2025-07-08 10:00:00,22.21879304687767,13.058786836444021,70.14438879475553,positive_spike,medium
M0026,2025-07-08 11:00:00,23.43428750848733,9.926323200475657,136.08225357163857,positive_spike,high
M0026,2025-07-08 14:00:00,14.410568934438752,8.140977518472114,77.01275923856505,positive_spike,medium
M0026,2025-07-08 15:00:00,14.566565383582004,7.697466574937503,89.23843633189497,positive_spike,medium
M0026,2025-07-08 16:00:00,10.81197044578463,6.170192865860795,75.22905168177861,positive_spike,medium
M0026,2025-07-08 21:00:00,8.607799731951225,4.756180072555323,80.9813674133361,positive_spike,medium
M0026,2025-07-10 04:00:00,23.536197983947716,14.289994460669071,64.70403854058408,positive_spike,medium
M0026,2025-08-07 05:00:00,26.11449190250423,16.126175182279855,61.938535376944024,positive_spike,medium
M0026,2025-08-09 13:00:00,61.97466877305771,16.49591495718351,275.69706763109536,positive_spike,high
M0026,2025-08-16 13:00:00,13.273127186154438,61.97466877305771,-78.5829800321181,negative_drop,medium
M0026,2025-08-20 03:00:00,22.30863726187442,13.635365721420452,63.60864620469041,positive_spike,medium
M0026,2025-08-23 02:00:00,0.6110016041639884,14.986242431538198,-95.92291658862965,negative_drop,medium
M0026,2025-08-30 02:00:00,14.103343915360226,0.6110016041639884,2208.233533143882,positive_spike,high
M0026,2025-09-21 03:00:00,,17.292497644312288,,missing_reading,high
M0026,2025-09-28 22:00:00,0.22348229929351082,7.349687610707913,-96.95929526354406,negative_drop,medium
M0026,2025-10-05 22:00:00,6.567702696678029,0.22348229929351082,2838.802185873489,positive_spike,high
M0026,2025-10-08 21:00:00,,7.6761086612525204,,missing_reading,high
M0026,2025-10-30 08:00:00,3.0259978668113794,17.4780113488612,-82.68682971756657,negative_drop,medium
M0026,2025-11-06 08:00:00,16.9479836732775,3.0259978668113794,460.07916790557084,positive_spike,high
M0026,2025-11-20 06:00:00,,20.958586644984692,,missing_reading,high
M0026,2025-12-30 22:00:00,,7.267620428775829,,missing_reading,high
M0026,2026-01-08 00:00:00,11.659679688978127,5.573032973792893,109.21605423487716,positive_spike,medium
M0026,2026-01-08 08:00:00,17.518166815746977,10.871673055499077,61.13588705545179,positive_spike,medium
M0026,2026-01-08 10:00:00,20.877812339307834,10.806055578939713,93.20474697536545,positive_spike,medium
M0026,2026-01-08 11:00:00,17.799847466384104,11.052499347122282,61.048165734735974,positive_spike,medium
M0026,2026-01-08 14:00:00,11.492579072205666,7.095411868571242,61.97197971144492,positive_spike,medium
M0026,2026-01-08 20:00:00,6.738487304529491,3.4562250866131237,94.96667999516116,positive_spike,medium
M0026,2026-01-08 23:00:00,9.141393944887506,4.749171186029547,92.48398482199148,positive_spike,medium
M0026,2026-01-09 14:00:00,13.899198836490068,8.646983243692803,60.74043911936899,positive_spike,medium
M0027,2025-01-10 16:00:00,0.3923100634243003,2.7356405882665653,-85.6592980413086,negative_drop,medium
M0027,2025-01-17 16:00:00,3.3643561108985596,0.3923100634243003,757.5757862371894,positive_spike,high
M0027,2025-01-19 23:00:00,,3.4298036651050543,,missing_reading,high
M0027,2025-02-01 04:00:00,,2.1141922631685697,,missing_reading,high
M0027,2025-02-09 21:00:00,3.883558214301746,2.2740100217557226,70.78017146570532,positive_spike,medium
M0027,2025-02-12 22:00:00,,3.794837386967269,,missing_reading,high
M0027,2025-02-13 10:00:00,1.9480820551466853,1.207443004784957,61.33946260209894,positive_spike,medium
M0027,2025-02-21 14:00:00,13.362711757765318,2.406491945897132,455.2776430666068,positive_spike,high
M0027,2025-02-28 14:00:00,2.5457245786297267,13.362711757765318,-80.94904219459528,negative_drop,medium
M0027,2025-03-05 08:00:00,,1.5791672067085984,,missing_reading,high
M0027,2025-04-07 02:00:00,,2.9789699861604704,,missing_reading,high
M0027,2025-04-30 06:00:00,9.440001523744536,1.7791283084634615,430.5970052209086,positive_spike,high
M0027,2025-05-03 07:00:00,,1.3926347020574374,,missing_reading,high
M0027,2025-05-07 06:00:00,1.840593417134365,9.440001523744536,-80.50219152502571,negative_drop,medium
M0027,2025-06-20 23:00:00,3.2389105583459736,1.9482786923230446,66.24472520838559,positive_spike,medium
M0027,2025-08-18 07:00:00,,1.3230349030275352,,missing_reading,high
M0027,2025-08-25 17:00:00,11.817613734440444,2.4301304532466905,386.29544634741467,positive_spike,high
M0027,2025-08-26 02:00:00,2.9739573810151323,1.7803731095139412,67.04124349682246,positive_spike,medium
M0027,2025-09-01 17:00:00,2.4603658886435102,11.817613734440444,-79.18051863995869,negative_drop,medium
M0027,2025-09-23 04:00:00,,1.979822190490144,,missing_reading,high
M0027,2025-10-18 04:00:00,2.1927584263686897,1.3689719726073386,60.17555291452539,positive_spike,medium
M0027,2025-10-26 18:00:00,3.0916390974124455,1.8915966678382425,63.440713867699785,positive_spike,medium
M0027,2025-10-29 17:00:00,,2.5257849282850073,,missing_reading,high
M0027,2025-11-18 04:00:00,0.12662250810860204,1.9812876056359998,-93.6090798858071,negative_drop,medium
M0027,2025-11-20 00:00:00,0.14837731985050617,3.182194063141883,-95.33726363300394,negative_drop,medium
M0027,2025-11-25 04:00:00,2.2371022896254904,0.12662250810860204,1666.7493110362059,positive_spike,high
M0027,2025-11-27 00:00:00,2.8646242210784774,0.14837731985050617,1830.6348328468644,positive_spike,high
M0027,2025-12-04 17:00:00,0.2530050874109018,2.5891609783417033,-90.22829829712073,negative_drop,medium
M0027,2025-12-11 17:00:00,3.367661771328836,0.2530050874109018,1231.064843711805,positive_spike,high
M0027,2026-01-16 15:00:00,2.7460468035282943,1.5955870927052724,72.10259572057896,positive_spike,medium
M0028,2025-01-21 13:00:00,,8.950116705235077,,missing_reading,high
M0028,2025-01-21 16:00:00,0.2805149030906807,11.449187921169127,-97.54991441295134,negative_drop,medium
M0028,2025-01-28 16:00:00,11.539941705650651,0.2805149030906807,4013.8426438327906,positive_spike,high
M0028,2025-05-17 16:00:00,46.486694327662406,8.040893430932943,478.12847200325103,positive_spike,high
M0028,2025-05-24 14:00:00,32.86835708510052,6.774672793769848,385.16523359367335,positive_spike,high
M0028,2025-05-24 16:00:00,7.525837318198002,46.486694327662406,-83.81077117432359,negative_drop,medium
M0028,2025-05-31 14:00:00,6.438529426801255,32.86835708510052,-80.41116137891818,negative_drop,medium
M0028,2025-07-03 06:00:00,0.1727476885360556,4.754495452766814,-96.36664520447637,negative_drop,medium
M0028,2025-07-10 06:00:00,5.046407352929063,0.1727476885360556,2821.258973532248,positive_spike,high
M0028,2025-07-11 00:00:00,,8.648458857730494,,missing_reading,high
M0028,2025-08-21 05:00:00,,5.774076663798455,,missing_reading,high
M0028,2025-09-04 07:00:00,,5.370457055411779,,missing_reading,high
M0028,2025-10-02 05:00:00,,6.128143976812425,,missing_reading,high
M0028,2025-10-02 23:00:00,,12.006153913214481,,missing_reading,high
M0028,2025-10-07 05:00:00,0.5668808397772461,6.294061437061747,-90.9934015508771,negative_drop,medium
M0028,2025-10-14 05:00:00,6.323437750898138,0.5668808397772461,1015.4791813713284,positive_spike,high
M0028,2025-11-13 05:00:00,,6.544422624704291,,missing_reading,high
M0028,2025-12-09 11:00:00,,6.956069245596239,,missing_reading,high
M0028,2025-12-13 06:00:00,23.224333082616635,5.457571689465767,325.5433442577468,positive_spike,high
M0028,2025-12-20 06:00:00,5.07290469109735,23.224333082616635,-78.15694137243318,negative_drop,medium
M0028,2026-01-27 06:00:00,,5.798256125117854,,missing_reading,high
M0028,2026-01-27 10:00:00,0.9168620309346376,5.639030157157109,-83.7407851105221,negative_drop,medium
M0029,2025-01-01 12:00:00,,,,missing_reading,high
M0029,2025-01-13 05:00:00,18.99215658230116,11.508110690269326,65.03279377004917,positive_spike,medium
M0029,2025-01-15 18:00:00,,7.906700682709853,,missing_reading,high
M0029,2025-02-05 11:00:00,,13.810220557391968,,missing_reading,high
M0029,2025-02-07 13:00:00,14.476817250830742,8.62338134615679,67.87866232174309,positive_spike,medium
M0029,2025-02-14 22:00:00,,9.324922716445377,,missing_reading,high
M0029,2025-02-26 00:00:00,,10.490916957904119,,missing_reading,high
M0029,2025-03-07 13:00:00,66.27335191873934,11.402596402502972,481.2128183734693,positive_spike,high
M0029,2025-03-10 13:00:00,1.6181941040847796,11.70741505235173,-86.17804103767787,negative_drop,medium
M0029,2025-03-13 19:00:00,10.05275791530572,6.206615529240633,61.96843300418925,positive_spike,medium
M0029,2025-03-14 13:00:00,16.05926021847832,66.27335191873934,-75.76814850383712,negative_drop,medium
M0029,2025-03-14 14:00:00,15.088058638176362,9.408581936210508,60.36485349728883,positive_spike,medium
M0029,2025-03-17 13:00:00,13.101645773593685,1.6181941040847796,709.6461197406063,positive_spike,high
M0029,2025-03-26 01:00:00,0.26475145012034657,9.41982624315822,-97.18942320923765,negative_drop,medium
M0029,2025-03-28 10:00:00,1.7132935270006624,16.170991748042653,-89.40514253117445,negative_drop,medium
M0029,2025-03-31 06:00:00,19.062035389105844,11.470357469405275,66.18519030422327,positive_spike,medium
M0029,2025-03-31 18:00:00,12.715376843960495,6.791354632654995,87.22887452852065,positive_spike,medium
M0029,2025-04-02 01:00:00,10.952895744184518,0.26475145012034657,4037.048442683023,positive_spike,high
M0029,2025-04-04 10:00:00,13.323636154658296,1.7132935270006624,677.6622011747753,positive_spike,high
M0029,2025-04-13 09:00:00,,13.302879374025975,,missing_reading,high
M0029,2025-04-16 03:00:00,13.843710225806838,8.531849933357508,62.25918568587589,positive_spike,medium
M0029,2025-04-17 19:00:00,10.148624098391902,5.968304274837449,70.04200240223692,positive_spike,medium
M0029,2025-05-16 03:00:00,49.6746847201962,10.567218990798139,370.0828549446412,positive_spike,high
M0029,2025-05-21 21:00:00,11.21766804587272,6.951189333753037,61.37767952029234,positive_spike,medium
M0029,2025-05-22 06:00:00,,16.908312910224932,,missing_reading,high
M0029,2025-05-23 03:00:00,15.880530180962445,49.6746847201962,-68.03093915862155,negative_drop,medium
M0029,2025-06-05 23:00:00,9.868530140334201,6.116451684132034,61.34403817717089,positive_spike,medium
M0029,2025-06-15 03:00:00,,9.628422852182675,,missing_reading,high
M0029,2025-06-23 21:00:00,9.895127450239631,6.163842430980907,60.53504873038962,positive_spike,medium
M0029,2025-06-28 04:00:00,14.96187638810609,8.74942596480799,71.00409156310215,positive_spike,medium
M0029,2025-07-01 14:00:00,1.5884843919165912,16.76094250563419,-90.5227024591092,negative_drop,medium
M0029,2025-07-08 00:00:00,12.85891848696836,7.058772585896221,82.16932661439071,positive_spike,medium
M0029,2025-07-08 04:00:00,16.923708215638833,9.580355877618455,76.6500997648308,positive_spike,medium
M0029,2025-07-08 14:00:00,12.852230513051088,1.5884843919165912,709.087617004797,positive_spike,high
M0029,2025-07-08 17:00:00,11.77830497485768,6.176202029876361,90.70465826542052,positive_spike,medium
M0029,2025-07-08 19:00:00,7.450620432630909,4.631688026100966,60.86187995919422,positive_spike,medium
M0029,2025-07-08 21:00:00,8.531283992026184,5.304136945926643,60.842076269879406,positive_spike,medium
M0029,2025-07-08 22:00:00,8.208652069027925,4.507117960195987,82.12640852805596,positive_spike,medium
M0029,2025-07-08 23:00:00,11.543845586886306,5.360089674531592,115.36665033304878,positive_spike,medium
M0029,2025-08-04 05:00:00,17.928743958722833,10.61875885663825,68.84029669357066,positive_spike,medium
M0029,2025-08-04 07:00:00,19.286610221382894,11.855479500368727,62.68097988599318,positive_spike,medium
M0029,2025-08-13 05:00:00,19.458027065140698,11.863046495081084,64.02217653963348,positive_spike,medium
M0029,2025-08-18 17:00:00,12.616791028645242,7.691063778557403,64.04481085985412,positive_spike,medium
M0029,2025-08-19 23:00:00,12.576414298781753,7.6561397116040775,64.26573668346504,positive_spike,medium
M0029,2025-08-21 20:00:00,13.381823461178701,7.391975323983342,81.03176586319537,positive_spike,medium
M0029,2025-08-30 17:00:00,13.04649204759062,8.078470316991808,61.49705990934137,positive_spike,medium
M0029,2025-09-05 08:00:00,20.845898144748297,12.15933442639858,71.43946711006411,positive_spike,medium
M0029,2025-09-06 01:00:00,16.233176905845795,9.71550313041984,67.08529334954065,positive_spike,medium
M0029,2025-09-15 10:00:00,25.961466207886776,15.120789017403586,71.69385921598328,positive_spike,medium
M0029,2025-09-15 21:00:00,15.240049288741869,8.847763635175923,72.24747311458717,positive_spike,medium
M0029,2025-09-19 23:00:00,15.38298432563326,9.241185845620766,66.46115101042993,positive_spike,medium
M0029,2025-10-05 19:00:00,12.178571932560406,7.4194804836475425,64.14318980152116,positive_spike,medium
M0029,2025-10-11 10:00:00,,15.397118643918885,,missing_reading,high
M0029,2025-10-19 07:00:00,24.91458795492236,13.57555470952239,83.52537695897139,positive_spike,medium
M0029,2025-10-20 11:00:00,26.085746022981326,13.783392647236035,89.25490037615859,positive_spike,medium
M0029,2025-10-28 16:00:00,16.312294670344603,10.14404666130222,60.80658158418356,positive_spike,medium
M0029,2025-11-01 02:00:00,20.955130435498702,10.385697443718948,101.76912093825653,positive_spike,medium
M0029,2025-11-05 16:00:00,17.52694145911722,10.660119605291898,64.41599257869953,positive_spike,medium
M0029,2025-11-06 19:00:00,14.133827022029456,8.234037960915193,71.65122494114073,positive_spike,medium
M0029,2025-11-07 18:00:00,14.56813012668864,8.44301731876996,72.54649110220029,positive_spike,medium
M0029,2025-11-13 03:00:00,21.49000643323283,13.125331456948711,63.729247552493284,positive_spike,medium
M0029,2025-11-17 00:00:00,17.5440083817155,9.972710107352716,75.92016806725977,positive_spike,medium
M0029,2025-12-02 03:00:00,24.45195474060874,14.201567160439765,72.177862234266,positive_spike,medium
M0029,2025-12-05 20:00:00,13.06551202859589,8.022911449983912,62.852501988191456,positive_spike,medium
M0029,2025-12-11 15:00:00,15.560349067549934,9.22795421160724,68.62187122664292,positive_spike,medium
M0029,2025-12-23 11:00:00,18.79741384389157,10.741512028038596,74.9978382449755,positive_spike,medium
M0029,2025-12-24 01:00:00,86.93329153853377,9.257361710053896,839.0719976310361,positive_spike,high
M0029,2025-12-27 10:00:00,14.647558576504958,8.649977282375371,69.33638203131316,positive_spike,medium
M0029,2025-12-31 01:00:00,14.985058045274846,86.93329153853377,-82.76257831715412,negative_drop,medium
M0029,2026-01-08 01:00:00,14.717611430258707,6.841474382571783,115.12338725919777,positive_spike,medium
M0029,2026-01-08 08:00:00,20.532402996786928,10.724555539653938,91.45225105943618,positive_spike,medium
M0029,2026-01-08 12:00:00,18.755758347057167,9.46132368415951,98.23609225481563,positive_spike,medium
M0029,2026-01-16 02:00:00,17.476112757834045,10.790006166350734,61.96573466597568,positive_spike,medium
M0030,2025-01-22 16:00:00,,6.742528647345726,,missing_reading,high
M0030,2025-01-24 07:00:00,10.858264005088524,2.993162562504674,262.76893681318614,positive_spike,high
M0030,2025-01-31 07:00:00,2.7037122815171606,10.858264005088524,-75.09995814938635,negative_drop,medium
M0030,2025-03-20 16:00:00,38.86003858498417,8.493333967484567,357.53574195662026,positive_spike,high
M0030,2025-03-27 16:00:00,8.363012345858014,38.86003858498417,-78.47914554287254,negative_drop,medium
M0030,2025-04-25 06:00:00,0.3457079356045096,3.154298625715649,-89.04010125147632,negative_drop,medium
M0030,2025-05-02 06:00:00,3.144129823452225,0.3457079356045096,809.4757451703726,positive_spike,high
M0030,2025-05-15 20:00:00,53.05538763201289,10.96901598044845,383.6841128372921,positive_spike,high
M0030,2025-05-22 20:00:00,8.64678612452088,53.05538763201289,-83.70234106195932,negative_drop,medium
M0030,2025-07-11 15:00:00,,8.035541663108063,,missing_reading,high
M0030,2025-08-03 16:00:00,0.27757791028380335,5.403059779384227,-94.86257932323974,negative_drop,medium
M0030,2025-08-10 16:00:00,6.741250394583449,0.27757791028380335,2328.5975738094608,positive_spike,high
M0030,2025-08-31 16:00:00,0.7527269851587423,5.909333398667409,-87.26206605082587,negative_drop,medium
M0030,2025-09-05 12:00:00,,4.603346099148671,,missing_reading,high
M0030,2025-09-07 16:00:00,5.6558873440794,0.7527269851587423,651.3862868735379,positive_spike,high
M0030,2025-09-23 07:00:00,,2.140306474891309,,missing_reading,high
M0030,2025-10-12 15:00:00,,5.650964160755631,,missing_reading,high
M0030,2025-10-26 22:00:00,,6.146798480300373,,missing_reading,high
M0030,2025-11-03 11:00:00,,3.783752286745641,,missing_reading,high
M0030,2025-11-24 20:00:00,0.42790249501220756,7.115599523970488,-93.9864168357041,negative_drop,medium
M0030,2025-12-01 20:00:00,6.879134776071852,0.42790249501220756,1507.6407256928003,positive_spike,high
M0030,2025-12-10 04:00:00,,3.0990823150278604,,missing_reading,high
M0030,2025-12-20 21:00:00,,5.78022726183336,,missing_reading,high
M0031,2025-01-08 09:00:00,16.32739716624003,8.795899217109659,85.625105099888,positive_spike,medium
M0031,2025-01-08 14:00:00,20.040632306528078,11.427024658936197,75.37926892330489,positive_spike,medium
M0031,2025-01-08 15:00:00,22.334341980257825,12.872829826847232,73.49986196258041,positive_spike,medium
M0031,2025-01-08 17:00:00,25.946946663610454,15.785765600516513,64.36926355197791,positive_spike,medium
M0031,2025-01-08 18:00:00,27.246920472991174,16.141063647154184,68.80498750647733,positive_spike,medium
M0031,2025-01-08 21:00:00,26.55114911517757,16.467422203760716,61.23439835722437,positive_spike,medium
M0031,2025-01-08 23:00:00,24.834319005686076,13.521366516841741,83.66722753024493,positive_spike,medium
M0031,2025-02-02 08:00:00,,15.5016682973088,,missing_reading,high
M0031,2025-03-26 04:00:00,63.34744626922463,20.679983634736722,206.322516439608,positive_spike,high
M0031,2025-04-02 04:00:00,18.04012505362636,63.34744626922463,-71.52193795317903,negative_drop,medium
M0031,2025-05-03 00:00:00,127.76021224467152,23.902549729774066,434.5045348259554,positive_spike,high
M0031,2025-05-10 00:00:00,26.553345382565663,127.76021224467152,-79.21626387743174,negative_drop,medium
M0031,2025-05-24 08:00:00,,14.33793555986457,,missing_reading,high
M0031,2025-05-31 13:00:00,,15.701417339575306,,missing_reading,high
M0031,2025-06-10 02:00:00,,17.43440369641414,,missing_reading,high
M0031,2025-07-08 04:00:00,15.887085174051832,8.162103409179737,94.64449759585229,positive_spike,medium
M0031,2025-07-08 07:00:00,12.979071952779508,7.787639951253063,66.66245530125107,positive_spike,medium
M0031,2025-07-08 14:00:00,15.399495588663385,9.324105917851265,65.15787920405982,positive_spike,medium
M0031,2025-07-08 15:00:00,15.358719601864475,9.356846475106657,64.14418728281426,positive_spike,medium
M0031,2025-07-08 16:00:00,16.9935581643611,10.174148192994476,67.02683941700599,positive_spike,medium
M0031,2025-07-08 23:00:00,19.717868031596968,11.835899723436036,66.5937401662334,positive_spike,medium
M0031,2025-07-21 04:00:00,1.571135011529417,14.725972531896675,-89.33085738054777,negative_drop,medium
M0031,2025-07-28 04:00:00,13.734190376902415,1.571135011529417,774.1572351272922,positive_spike,high
M0031,2025-08-03 00:00:00,,18.207889791353356,,missing_reading,high
M0031,2025-09-03 04:00:00,,13.116335312636036,,missing_reading,high
M0031,2025-09-24 07:00:00,46.13038091601719,12.14236758744785,279.91257128226283,positive_spike,high
M0031,2025-09-30 06:00:00,,12.338100908845519,,missing_reading,high
M0031,2025-10-01 07:00:00,11.558679613902815,46.13038091601719,-74.94345508452228,negative_drop,medium
M0031,2025-10-08 20:00:00,2.625673339768197,20.475424827174933,-87.17646465491934,negative_drop,medium
M0031,2025-10-15 20:00:00,22.191267541906402,2.625673339768197,745.164827086431,positive_spike,high
M0031,2025-10-19 05:00:00,2.36467627839301,15.281880969850175,-84.52627472326012,negative_drop,medium
M0031,2025-10-20 05:00:00,,14.784001666984155,,missing_reading,high
M0031,2025-10-26 05:00:00,16.573635342490814,2.36467627839301,600.8839008506461,positive_spike,high
M0031,2025-11-17 17:00:00,,21.658104821081796,,missing_reading,high
M0031,2025-12-02 21:00:00,2.179319535538974,23.76520015994374,-90.82978674333988,negative_drop,medium
M0031,2025-12-09 21:00:00,23.75491361860634,2.179319535538974,990.0151736001138,positive_spike,high
M0031,2026-01-08 05:00:00,18.653234974810882,10.391010230693226,79.51319997465203,positive_spike,medium
M0031,2026-01-08 09:00:00,14.168035957734551,8.299933043276472,70.70060546104833,positive_spike,medium
M0031,2026-01-08 12:00:00,17.294678692465677,8.766465375841811,97.28223350000893,positive_spike,medium
M0031,2026-01-08 13:00:00,17.51359016755249,10.177209108423284,72.08637437799294,positive_spike,medium
M0031,2026-01-08 14:00:00,19.056770349564523,11.33975036937162,68.05282064265171,positive_spike,medium
M0031,2026-01-08 15:00:00,20.064565801830625,12.283001797521331,63.35229883202971,positive_spike,medium
M0031,2026-01-08 17:00:00,24.59922408233841,14.641841994410647,68.00634846168178,positive_spike,medium
M0031,2026-01-08 18:00:00,26.07183388510272,15.06888433691206,73.01767869594919,positive_spike,medium
M0031,2026-01-08 23:00:00,25.795109230769604,15.476148819609422,66.67653905011109,positive_spike,medium
M0032,2025-01-02 23:00:00,,,,missing_reading,high
M0032,2025-02-24 03:00:00,,4.748840307874701,,missing_reading,high
M0032,2025-05-10 21:00:00,0.1674147691675692,2.8740755501477797,-94.17500457985662,negative_drop,medium
M0032,2025-05-17 21:00:00,2.719766135529214,0.1674147691675692,1524.5676227089255,positive_spike,high
M0032,2025-05-24 01:00:00,0.24611507483110673,4.430494092307228,-94.44497454000805,negative_drop,medium
M0032,2025-05-31 01:00:00,5.103527700835053,0.24611507483110673,1973.6347435594028,positive_spike,high
M0032,2025-06-26 20:00:00,,2.042070119193637,,missing_reading,high
M0032,2025-08-20 16:00:00,12.493870838225073,2.340478715622302,433.81689629692363,positive_spike,high
M0032,2025-08-27 16:00:00,2.2330478510843994,12.493870838225073,-82.12685339876914,negative_drop,medium
M0032,2025-09-14 06:00:00,,8.092882575580354,,missing_reading,high
M0032,2025-09-24 07:00:00,,6.534940555905645,,missing_reading,high
M0032,2025-09-27 03:00:00,0.9262824964034466,5.16806411844261,-82.07679945188875,negative_drop,medium
M0032,2025-10-04 03:00:00,6.195800504048419,0.9262824964034466,568.8888679323386,positive_spike,high
M0032,2025-10-11 13:00:00,17.57446784347811,4.821011598001847,264.539007762648,positive_spike,high
M0032,2025-10-18 13:00:00,4.3262732293144905,17.57446784347811,-75.38319072961306,negative_drop,medium
M0032,2025-10-24 19:00:00,,1.9290074421343049,,missing_reading,high
M0032,2025-12-26 18:00:00,0.04653018635141109,1.8418159368094733,-97.47367880679684,negative_drop,medium
M0032,2026-01-02 18:00:00,1.6677708158635047,0.04653018635141109,3484.2771040458715,positive_spike,high
M0032,2026-01-15 23:00:00,,2.8491043460382337,,missing_reading,high
M0032,2026-01-16 06:00:00,,5.556185731230193,,missing_reading,high
M0032,2026-01-22 02:00:00,,4.046919424137233,,missing_reading,high
M0032,2026-01-29 01:00:00,17.323291794521126,4.53635614818332,281.87680218755764,positive_spike,high
M0033,2025-01-25 06:00:00,10.987103810449739,6.787074278476744,61.882769506327364,positive_spike,medium
M0033,2025-02-10 11:00:00,16.761013896060952,9.540662222978998,75.67977467739608,positive_spike,medium
M0033,2025-02-21 09:00:00,0.7138954010659625,9.704422063173688,-92.6436072501932,negative_drop,medium
M0033,2025-02-28 09:00:00,8.357223082891766,0.7138954010659625,1070.6509203467435,positive_spike,high
M0033,2025-02-28 15:00:00,,18.065286921142057,,missing_reading,high
M0033,2025-03-06 21:00:00,15.639766230435042,9.004352372428398,73.69118381377969,positive_spike,medium
M0033,2025-03-26 19:00:00,24.556201952617734,12.628276579977758,94.45410303692434,positive_spike,medium
M0033,2025-04-22 04:00:00,,9.088678241377117,,missing_reading,high
M0033,2025-04-23 22:00:00,20.40522339979423,12.519401812610107,62.98880493827722,positive_spike,medium
M0033,2025-04-29 17:00:00,29.056699762346316,16.913806668662076,71.79278639966135,positive_spike,medium
M0033,2025-05-04 03:00:00,10.293981055174962,6.017121065531274,71.07817747167212,positive_spike,medium
M0033,2025-05-10 00:00:00,17.798575676285548,10.872380227682022,63.70449987546271,positive_spike,medium
M0033,2025-05-12 20:00:00,26.102622869064675,15.682566415626779,66.44356655205941,positive_spike,medium
M0033,2025-06-03 01:00:00,0.4587845381541801,11.255989890138427,-95.92408537470232,negative_drop,medium
M0033,2025-06-10 01:00:00,9.568958796195648,0.4587845381541801,1985.719548155279,positive_spike,high
M0033,2025-06-10 07:00:00,13.446032842799525,8.123360087991761,65.52304338540806,positive_spike,medium
M0033,2025-06-13 22:00:00,,16.161978986139452,,missing_reading,high
M0033,2025-06-21 19:00:00,100.99386037942377,22.009560906871524,358.863585724206,positive_spike,high
M0033,2025-06-28 19:00:00,21.898324936716257,100.99386037942377,-78.3171720989311,negative_drop,medium
M0033,2025-07-03 17:00:00,26.882695072471325,16.21190191261093,65.8207360085234,positive_spike,medium
M0033,2025-07-08 10:00:00,17.47946847804766,10.377421725314285,68.43748804588826,positive_spike,medium
M0033,2025-07-08 17:00:00,28.770103818221546,17.438329539309052,64.98199413750433,positive_spike,medium
M0033,2025-08-25 07:00:00,1.142359024606115,11.313411389126045,-89.90261217139067,negative_drop,medium
M0033,2025-08-28 09:00:00,19.108278477557207,11.802320922969603,61.90271898443971,positive_spike,medium
M0033,2025-08-30 12:00:00,2.4448983119131835,17.51399215400619,-86.0403139934379,negative_drop,medium
M0033,2025-09-01 07:00:00,14.919774149744969,1.142359024606115,1206.0494843019515,positive_spike,high
M0033,2025-09-04 19:00:00,32.538573392835445,17.494284540538022,85.99545078529258,positive_spike,medium
M0033,2025-09-06 12:00:00,20.280828907232753,2.4448983119131835,729.5162546602023,positive_spike,high
M0033,2025-09-18 08:00:00,,16.434096618983126,,missing_reading,high
M0033,2025-09-19 01:00:00,,22.21495541245073,,missing_reading,high
M0033,2025-09-20 20:00:00,22.810341672323396,13.831062877024102,64.92110458275408,positive_spike,medium
M0033,2025-09-30 20:00:00,36.19014991621753,22.34580455280594,61.9550096336682,positive_spike,medium
M0033,2025-10-09 13:00:00,30.22316803112783,18.57130215014186,62.741243380701576,positive_spike,medium
M0033,2025-10-17 04:00:00,19.553134228136308,10.339893633276489,89.10382371061532,positive_spike,medium
M0033,2025-11-03 14:00:00,32.65205243772887,19.285951170262038,69.3048590109296,positive_spike,medium
M0033,2025-11-15 10:00:00,24.76272281342085,14.806207787994751,67.24554435538245,positive_spike,medium
M0033,2025-11-17 16:00:00,,31.50625900477702,,missing_reading,high
M0033,2025-12-08 01:00:00,20.08774419053718,12.08187855545835,66.26341754993011,positive_spike,medium
M0033,2025-12-12 19:00:00,,23.8816049246039,,missing_reading,high
M0033,2025-12-27 13:00:00,,18.86570187653219,,missing_reading,high
M0033,2026-01-04 22:00:00,,22.26967196400631,,missing_reading,high
M0033,2026-01-24 07:00:00,49.82261669269301,11.054864790635525,350.6849937676062,positive_spike,high
M0033,2026-01-25 15:00:00,18.788599457740077,11.18831003574601,67.9306293596761,positive_spike,medium
M0033,2026-01-31 07:00:00,7.6692531701381625,49.82261669269301,-84.6068840232895,negative_drop,medium
M0033,2026-01-31 15:00:00,75.6241026805586,14.7563072498408,412.48663639322416,positive_spike,high
M0034,2025-02-09 02:00:00,22.687424383578286,4.683354415314301,384.42680975395984,positive_spike,high
M0034,2025-02-16 02:00:00,4.446397605087066,22.687424383578286,-80.40148793485135,negative_drop,medium
M0034,2025-04-02 15:00:00,24.448928449571373,4.944853506358108,394.43180507035987,positive_spike,high
M0034,2025-04-07 02:00:00,,4.733906725251186,,missing_reading,high
M0034,2025-04-09 15:00:00,5.140854054820463,24.448928449571373,-78.97309051632246,negative_drop,medium
M0034,2025-04-22 02:00:00,,4.629766521515434,,missing_reading,high
M0034,2025-04-26 02:00:00,,4.550632665516698,,missing_reading,high
M0034,2025-04-29 08:00:00,,5.220104274562424,,missing_reading,high
M0034,2025-05-20 08:00:00,,5.485834702666405,,missing_reading,high
M0034,2025-05-25 15:00:00,,5.089220825643194,,missing_reading,high
M0034,2025-08-25 08:00:00,36.24589963322533,5.995496727900828,504.55207096603516,positive_spike,high
M0034,2025-09-01 08:00:00,6.993707063412387,36.24589963322533,-80.70483245227136,negative_drop,medium
M0034,2025-09-12 18:00:00,,4.657940166822383,,missing_reading,high
M0034,2025-10-11 16:00:00,0.2440668532778104,5.181769082878543,-95.28989328983707,negative_drop,medium
M0034,2025-10-18 16:00:00,5.691638775725501,0.2440668532778104,2231.9999005546906,positive_spike,high
M0034,2025-11-04 03:00:00,0.23429183345811613,6.400887060511449,-96.33969743188382,negative_drop,medium
M0034,2025-11-11 03:00:00,6.698370725921426,0.23429183345811613,2758.98600350442,positive_spike,high
M0034,2025-12-30 08:00:00,,6.762061973863924,,missing_reading,high
M0034,2026-01-05 00:00:00,,5.081818342494243,,missing_reading,high
M0034,2026-01-20 22:00:00,0.12910472080623797,4.243297049654111,-96.9574432500133,negative_drop,medium
M0034,2026-01-21 14:00:00,0.1298124895204973,5.169686761832411,-97.48896798779188,negative_drop,medium
M0034,2026-01-27 22:00:00,4.305108943692706,0.12910472080623797,3234.586773286059,positive_spike,high
M0034,2026-01-28 14:00:00,4.8575078347492715,0.1298124895204973,3641.941821385588,positive_spike,high
M0035,2025-01-01 20:00:00,,,,missing_reading,high
M0035,2025-01-12 22:00:00,,7.5044742422590405,,missing_reading,high
M0035,2025-01-24 02:00:00,7.327898474941515,4.532904909957255,61.66009701294654,positive_spike,medium
M0035,2025-02-27 06:00:00,,4.347167672138342,,missing_reading,high
M0035,2025-03-12 15:00:00,10.600298025619246,6.580465429887704,61.087359831326395,positive_spike,medium
M0035,2025-03-12 17:00:00,12.475158479919623,6.586058633607217,89.41766500926089,positive_spike,medium
M0035,2025-03-29 18:00:00,10.495457285273746,5.016805164787987,109.20599745310797,positive_spike,medium
M0035,2025-04-02 08:00:00,6.236957549316768,3.744571918336966,66.5599616013442,positive_spike,medium
M0035,2025-04-02 11:00:00,0.26781957736652207,5.798835021911669,-95.3814934145474,negative_drop,medium
M0035,2025-04-09 11:00:00,7.458306701064893,0.26781957736652207,2684.8250581240723,positive_spike,high
M0035,2025-04-17 19:00:00,13.401426820677088,7.422365151736923,80.55466885162599,positive_spike,medium
M0035,2025-04-18 20:00:00,11.024662714119186,6.357179109641924,73.42067171582592,positive_spike,medium
M0035,2025-04-20 10:00:00,5.91293686198725,3.5719217381759094,65.53937335163558,positive_spike,medium
M0035,2025-04-29 06:00:00,5.641977403981,3.2820711112349152,71.90296044067563,positive_spike,medium
M0035,2025-04-30 03:00:00,23.7502533669247,5.412125860115131,338.83409182985014,positive_spike,high
M0035,2025-05-07 03:00:00,6.070051545689379,23.7502533669247,-74.44216088177522,negative_drop,medium
M0035,2025-05-19 19:00:00,,12.286467273072311,,missing_reading,high
M0035,2025-05-27 16:00:00,0.7015754422313238,12.827359164140011,-94.53063227392403,negative_drop,medium
M0035,2025-06-03 16:00:00,12.24751482725119,0.7015754422313238,1645.7160114240335,positive_spike,high
M0035,2025-06-05 02:00:00,,7.465765724234343,,missing_reading,high
M0035,2025-06-09 14:00:00,,10.008226143220034,,missing_reading,high
M0035,2025-06-13 01:00:00,,7.492429745684033,,missing_reading,high
M0035,2025-06-14 08:00:00,5.765533952967631,3.5819600765581554,60.960307478011714,positive_spike,medium
M0035,2025-07-06 05:00:00,23.14632418775869,4.9917466507007155,363.69188597561396,positive_spike,high
M0035,2025-07-13 05:00:00,5.271236142707346,23.14632418775869,-77.22646542082424,negative_drop,medium
M0035,2025-07-17 18:00:00,,9.491148372328734,,missing_reading,high
M0035,2025-07-30 08:00:00,0.5827950009102978,6.183574353221694,-90.5751112929263,negative_drop,medium
M0035,2025-08-06 08:00:00,7.155185141263313,0.5827950009102978,1127.736190270551,positive_spike,high
M0035,2025-08-23 19:00:00,11.564588672715928,7.2216982439110815,60.136691981924336,positive_spike,medium
M0035,2025-08-24 21:00:00,9.358328601215833,5.542162371627181,68.85699071404551,positive_spike,medium
M0035,2025-10-02 05:00:00,43.73421035434588,9.50595563459483,360.07168595637944,positive_spike,high
M0035,2025-10-03 10:00:00,12.040827235845375,6.751615650745352,78.33993904134805,positive_spike,medium
M0035,2025-10-09 05:00:00,8.355990112317642,43.73421035434588,-80.89369844655877,negative_drop,medium
M0035,2025-10-12 19:00:00,,11.212653359943387,,missing_reading,high
M0035,2025-11-09 18:00:00,14.774457669999183,8.589161676459218,72.01280202341913,positive_spike,medium
M0035,2025-12-20 05:00:00,0.8692390353391124,5.829386347105187,-85.08866999747293,negative_drop,medium
M0035,2025-12-27 05:00:00,5.121244257283951,0.8692390353391124,489.16409055260874,positive_spike,high
M0035,2026-01-10 12:00:00,7.044933385634417,4.350155281151447,61.946710641779354,positive_spike,medium
M0036,2025-01-08 15:00:00,23.670395541773363,14.19928194592123,66.70135596943145,positive_spike,medium
M0036,2025-02-05 03:00:00,1.6226731282061089,10.361033584745325,-84.33869444651553,negative_drop,medium
M0036,2025-02-11 18:00:00,99.6511217827126,19.604597987511813,408.3048468843414,positive_spike,high
M0036,2025-02-12 03:00:00,11.343112284090042,1.6226731282061089,599.0386472123337,positive_spike,high
M0036,2025-02-18 18:00:00,16.3837959496504,99.6511217827126,-83.55884443993017,negative_drop,medium
M0036,2025-03-16 00:00:00,,12.95510156080532,,missing_reading,high
M0036,2025-03-30 20:00:00,1.2952261558709153,17.653457948378616,-92.66304562166601,negative_drop,medium
M0036,2025-04-06 20:00:00,13.904249634854539,1.2952261558709153,973.4997569212355,positive_spike,high
M0036,2025-04-25 04:00:00,9.21822678805156,5.643503680758396,63.342265895585946,positive_spike,medium
M0036,2025-05-01 11:00:00,16.221807749270496,9.998507778814144,62.242287630589374,positive_spike,medium
M0036,2025-06-10 01:00:00,12.415111541272438,7.2661351603406,70.86265624448528,positive_spike,medium
M0036,2025-06-16 19:00:00,,17.35203845578727,,missing_reading,high
M0036,2025-06-22 23:00:00,,12.531312231823414,,missing_reading,high
M0036,2025-06-27 23:00:00,1.0941444698886704,12.389690998429597,-91.16891236409887,negative_drop,medium
M0036,2025-07-04 23:00:00,12.457571856874976,1.0941444698886704,1038.5673647048216,positive_spike,high
M0036,2025-07-09 11:00:00,17.82710176950759,10.975715163520663,62.42314513370823,positive_spike,medium
M0036,2025-07-17 08:00:00,,10.21266554614357,,missing_reading,high
M0036,2025-07-24 15:00:00,24.141386294731298,14.905118814995344,61.96708388827988,positive_spike,medium
M0036,2025-08-21 05:00:00,9.690892422548215,5.9599559944411755,62.60006670497009,positive_spike,medium
M0036,2025-09-05 16:00:00,96.53305209194106,22.321813645007754,332.46061286570483,positive_spike,high
M0036,2025-09-07 17:00:00,26.20386463744036,15.346734990462767,70.74553417208782,positive_spike,medium
M0036,2025-09-12 16:00:00,27.57064165345234,96.53305209194106,-71.43916922134275,negative_drop,medium
M0036,2025-10-17 14:00:00,25.325022115876255,15.554946565235987,62.81008751566897,positive_spike,medium
M0036,2025-10-20 09:00:00,,16.600013842342378,,missing_reading,high
M0036,2025-10-30 10:00:00,,17.21063582793112,,missing_reading,high
M0036,2025-11-03 02:00:00,16.043649374526957,9.953600955164283,61.18437384415074,positive_spike,medium
M0036,2025-12-02 03:00:00,,10.02399018440115,,missing_reading,high
M0036,2025-12-25 07:00:00,39.3768765719327,10.287425311156202,282.767071263501,positive_spike,high
M0036,2025-12-25 17:00:00,,20.05058176890479,,missing_reading,high
M0036,2026-01-01 07:00:00,10.14307041027942,39.3768765719327,-74.24104882531678,negative_drop,medium
M0036,2026-01-07 09:00:00,17.977210261011304,8.982587361393474,100.13398743302051,positive_spike,medium
M0036,2026-01-08 17:00:00,25.4989532629155,14.757115180210898,72.79090765049574,positive_spike,medium
M0036,2026-01-17 00:00:00,2.341609117657969,15.041978834632689,-84.43283863512264,negative_drop,medium
M0036,2026-01-24 00:00:00,13.570969191359904,2.341609117657969,479.5574115689009,positive_spike,high
M0036,2026-01-29 13:00:00,,17.9491202042212,,missing_reading,high
M0037,2025-02-06 17:00:00,,7.353331627959676,,missing_reading,high
M0037,2025-02-12 04:00:00,,12.00983300966164,,missing_reading,high
M0037,2025-02-20 23:00:00,0.8702695991017252,8.381058238397998,-89.61623252879252,negative_drop,medium
M0037,2025-02-27 23:00:00,9.263585393540057,0.8702695991017252,964.4500742185805,positive_spike,high
M0037,2025-03-21 01:00:00,40.865213105504694,9.057227655793207,351.188980320776,positive_spike,high
M0037,2025-03-28 01:00:00,11.857372547024115,40.865213105504694,-70.9841901070941,negative_drop,medium
M0037,2025-04-26 10:00:00,,11.900390040806204,,missing_reading,high
M0037,2025-05-25 22:00:00,0.5054551082585252,6.609400301537671,-92.35248153843956,negative_drop,medium
M0037,2025-06-01 22:00:00,7.031792226612816,0.5054551082585252,1291.1803663118314,positive_spike,high
M0037,2025-06-19 04:00:00,93.72427721716429,16.911738915489938,454.19657130184044,positive_spike,high
M0037,2025-06-26 04:00:00,16.42620319183525,93.72427721716429,-82.47390785017757,negative_drop,medium
M0037,2025-07-26 04:00:00,,13.13981721061082,,missing_reading,high
M0037,2025-08-19 05:00:00,,18.66450199375997,,missing_reading,high
M0037,2025-08-27 00:00:00,0.5977928401137453,11.884197762872892,-94.9698511246481,negative_drop,medium
M0037,2025-08-28 21:00:00,,10.31253118886659,,missing_reading,high
M0037,2025-09-03 00:00:00,9.539490223050118,0.5977928401137453,1495.78529265004,positive_spike,high
M0037,2025-10-05 06:00:00,,12.409585652293364,,missing_reading,high
M0037,2025-10-25 03:00:00,,10.51960698211586,,missing_reading,high
M0037,2025-11-09 20:00:00,,5.998902505994696,,missing_reading,high
M0037,2025-11-27 14:00:00,44.996096651876954,11.823361052199356,280.5694206006411,positive_spike,high
M0037,2025-12-04 14:00:00,10.622332403644792,44.996096651876954,-76.39276916434106,negative_drop,medium
M0037,2026-01-19 15:00:00,1.2090645668705167,10.56151246729955,-88.55216456341826,negative_drop,medium
M0037,2026-01-26 15:00:00,9.371608584606598,1.2090645668705167,675.1123340636481,positive_spike,high
M0038,2025-01-29 13:00:00,0.6173223378542367,6.414755352915804,-90.37652562114259,negative_drop,medium
M0038,2025-02-03 12:00:00,0.4998511432074846,7.29844059361304,-93.1512610564384,negative_drop,medium
M0038,2025-02-05 13:00:00,8.704635232801554,0.6173223378542367,1310.0632196557428,positive_spike,high
M0038,2025-02-10 12:00:00,7.817004023995658,0.4998511432074846,1463.8663890683301,positive_spike,high
M0038,2025-03-20 08:00:00,,6.600093919171004,,missing_reading,high
M0038,2025-03-25 01:00:00,0.5398840817853964,6.728539516877093,-91.97620701444626,negative_drop,medium
M0038,2025-04-01 01:00:00,7.42882132732431,0.5398840817853964,1276.0030306426524,positive_spike,high
M0038,2025-06-02 22:00:00,,9.236252030285717,,missing_reading,high
M0038,2025-06-20 10:00:00,34.03606389208656,6.249381184873973,444.6309464122238,positive_spike,high
M0038,2025-06-27 10:00:00,5.466442306722811,34.03606389208656,-83.93926417562705,negative_drop,medium
M0038,2025-07-01 14:00:00,,8.14138256441693,,missing_reading,high
M0038,2025-07-03 07:00:00,,5.495473778802699,,missing_reading,high
M0038,2025-07-08 20:00:00,9.384423122913441,5.586710417800891,67.97761868973787,positive_spike,medium
M0038,2025-07-12 01:00:00,34.77158012741551,6.584060414516313,428.117573932832,positive_spike,high
M0038,2025-07-13 00:00:00,43.00775766642003,6.299952416544594,582.6679762449536,positive_spike,high
M0038,2025-07-17 06:00:00,,5.881984139657303,,missing_reading,high
M0038,2025-07-19 01:00:00,5.837571311610277,34.77158012741551,-83.21165937751657,negative_drop,medium
M0038,2025-07-20 00:00:00,6.2626139337092495,43.00775766642003,-85.43840861854784,negative_drop,medium
M0038,2025-09-20 02:00:00,,5.639465487289369,,missing_reading,high
M0038,2025-10-14 18:00:00,,7.978313097143813,,missing_reading,high
M0038,2025-11-27 22:00:00,0.4798282175007744,7.350935096765437,-93.47255537990115,negative_drop,medium
M0038,2025-12-04 22:00:00,7.0819990768545775,0.4798282175007744,1375.9446857339415,positive_spike,high
M0038,2025-12-23 14:00:00,,7.821479358524753,,missing_reading,high
M0038,2026-01-08 08:00:00,6.129556723788204,3.473879765482397,76.44700270554782,positive_spike,medium
M0038,2026-01-18 04:00:00,,5.31739174409628,,missing_reading,high
M0039,2025-01-14 18:00:00,9.08220565232393,50.16129287491453,-81.89399608384915,negative_drop,medium
M0039,2025-02-15 15:00:00,47.47416131247961,10.611927183768824,347.3660673538392,positive_spike,high
M0039,2025-02-16 06:00:00,2.7995874561958254,17.805374817205788,-84.27672831975144,negative_drop,medium
M0039,2025-02-22 15:00:00,11.229993091879399,47.47416131247961,-76.34504163651785,negative_drop,medium
M0039,2025-02-23 06:00:00,17.379478610982805,2.7995874561958254,520.787129636544,positive_spike,high
M0039,2025-03-08 15:00:00,,11.81758305633177,,missing_reading,high
M0039,2025-03-17 16:00:00,,10.75406159294527,,missing_reading,high
M0039,2025-03-30 19:00:00,,10.24822082930942,,missing_reading,high
M0039,2025-04-10 11:00:00,,16.371455603782223,,missing_reading,high
M0039,2025-04-24 14:00:00,,14.76386987833781,,missing_reading,high
M0039,2025-05-23 17:00:00,,11.346493438576813,,missing_reading,high
M0039,2025-06-19 06:00:00,,19.41517776622629,,missing_reading,high
M0039,2025-06-26 02:00:00,86.53718543381008,15.96469889024258,442.05335176537835,positive_spike,high
M0039,2025-07-01 17:00:00,1.5949031554861022,10.770488007863111,-85.1919137338835,negative_drop,medium
M0039,2025-07-03 02:00:00,15.457500765834883,86.53718543381008,-82.13773571633214,negative_drop,medium
M0039,2025-07-08 17:00:00,10.92806866369041,1.5949031554861022,585.1869736479205,positive_spike,high
M0039,2025-09-29 04:00:00,,16.237092116088935,,missing_reading,high
M0039,2025-10-14 12:00:00,,13.26968964790541,,missing_reading,high
M0039,2025-10-26 08:00:00,1.6249873536294146,14.995496970390036,-89.16349783646318,negative_drop,medium
M0039,2025-11-02 08:00:00,14.459900795075802,1.6249873536294146,789.8469740567251,positive_spike,high
M0039,2026-01-07 17:00:00,1.0873181456610572,9.363994819641299,-88.38830897919368,negative_drop,medium
M0039,2026-01-14 17:00:00,9.524161044614356,1.0873181456610572,775.9313989765109,positive_spike,high
M0040,2025-01-08 06:00:00,12.645980601172647,7.650399231628051,65.29830951686827,positive_spike,medium
M0040,2025-01-08 15:00:00,17.753100060416834,10.719285728427053,65.61831179979119,positive_spike,medium
M0040,2025-01-08 19:00:00,18.588008912772153,11.540464309317295,61.068120090843834,positive_spike,medium
M0040,2025-01-14 11:00:00,13.095121891184386,55.46450104590536,-76.39008438866841,negative_drop,medium
M0040,2025-01-17 16:00:00,,15.335780785161521,,missing_reading,high
M0040,2025-02-09 17:00:00,1.6302056410941042,12.40165266324534,-86.85493227910237,negative_drop,medium
M0040,2025-02-16 17:00:00,14.457975756729214,1.6302056410941042,786.8804887109712,positive_spike,high
M0040,2025-02-25 07:00:00,48.06321132401091,10.689998494119747,349.60914962194863,positive_spike,high
M0040,2025-03-04 07:00:00,10.983212340483838,48.06321132401091,-77.14840095381442,negative_drop,medium
M0040,2025-03-04 08:00:00,55.255877130267734,10.069632742203373,448.7377598060939,positive_spike,high
M0040,2025-03-10 05:00:00,,10.349484699586814,,missing_reading,high
M0040,2025-03-11 08:00:00,9.50555320668846,55.255877130267734,-82.79720873079478,negative_drop,medium
M0040,2025-03-20 02:00:00,2.6413654116028806,13.697079877038316,-80.71585012780099,negative_drop,medium
M0040,2025-03-26 13:00:00,,13.55452274411557,,missing_reading,high
M0040,2025-03-27 02:00:00,15.415520518175382,2.6413654116028806,483.6193830076946,positive_spike,high
M0040,2025-04-15 07:00:00,,10.925355505258214,,missing_reading,high
M0040,2025-04-18 18:00:00,0.6764192389101181,17.14857996916167,-96.0555378921956,negative_drop,medium
M0040,2025-04-25 18:00:00,14.862810460851087,0.6764192389101181,2097.277901911664,positive_spike,high
M0040,2025-06-16 16:00:00,,13.577908213262658,,missing_reading,high
M0040,2025-07-08 10:00:00,11.323282195542054,6.578440364673492,72.12715427730512,positive_spike,medium
M0040,2025-07-08 20:00:00,17.706450491766525,10.932809110524842,61.957007689092514,positive_spike,medium
M0040,2025-07-09 23:00:00,,12.730822525540109,,missing_reading,high
M0040,2025-09-22 05:00:00,0.4830214970112189,10.380316039353353,-95.34675538605943,negative_drop,medium
M0040,2025-09-29 05:00:00,8.469172131575052,0.4830214970112189,1653.3737491974075,positive_spike,high
M0040,2025-12-26 22:00:00,,16.773037025709847,,missing_reading,high
M0040,2026-01-08 01:00:00,16.408254320723817,9.6357646929783,70.28492126505239,positive_spike,medium
M0040,2026-01-08 05:00:00,12.324676909637857,7.370729253530821,67.2110924944629,positive_spike,medium
M0040,2026-01-08 14:00:00,14.773923551159479,8.41474695938965,75.57181009078236,positive_spike,medium
M0040,2026-01-08 18:00:00,17.1771977954609,10.127441144705116,69.61044305294803,positive_spike,medium
M0040,2026-01-08 23:00:00,15.831896110270367,9.633287835231359,64.34571852373327,positive_spike,medium
M0040,2026-01-12 06:00:00,,11.463828424223419,,missing_reading,high
M0040,2026-01-29 02:00:00,,14.037717039749502,,missing_reading,high
M0041,2025-03-07 13:00:00,,16.36812456820015,,missing_reading,high
M0041,2025-03-14 07:00:00,,19.79040559653943,,missing_reading,high
M0041,2025-03-15 11:00:00,91.41025640660946,17.466301898904646,423.3520921354395,positive_spike,high
M0041,2025-03-22 11:00:00,14.702731004045301,91.41025640660946,-83.91566594163692,negative_drop,medium
M0041,2025-04-01 03:00:00,22.16319474033909,13.284540925129846,66.83447975544146,positive_spike,medium
M0041,2025-04-16 08:00:00,,21.96657187254344,,missing_reading,high
M0041,2025-04-19 18:00:00,1.2792076085106239,14.414333752889997,-91.12544755490936,negative_drop,medium
M0041,2025-04-26 18:00:00,15.817131603708633,1.2792076085106239,1136.4788560102807,positive_spike,high
M0041,2025-04-30 21:00:00,20.13197628822093,12.476827557475673,61.354929331844154,positive_spike,medium
M0041,2025-05-25 06:00:00,94.01469630158184,17.604619200817606,434.03425106301387,positive_spike,high
M0041,2025-05-28 08:00:00,,17.06376286570427,,missing_reading,high
M0041,2025-06-01 06:00:00,17.899986113341694,94.01469630158184,-80.96043829581512,negative_drop,medium
M0041,2025-06-27 03:00:00,,18.352783864686163,,missing_reading,high
M0041,2025-07-06 04:00:00,86.84064275984835,19.007891712745767,356.8662536183182,positive_spike,high
M0041,2025-07-08 17:00:00,15.106418527342424,9.180357762729674,64.55152312986442,positive_spike,medium
M0041,2025-07-13 04:00:00,20.372578724723933,86.84064275984835,-76.54027183900186,negative_drop,medium
M0041,2025-07-14 13:00:00,2.685931889976763,17.03772277217951,-84.23538212299971,negative_drop,medium
M0041,2025-07-21 13:00:00,14.019732044708595,2.685931889976763,421.9690081132283,positive_spike,high
M0041,2025-08-19 09:00:00,24.108465304392816,13.359944040096943,80.45334046337726,positive_spike,medium
M0041,2025-08-22 23:00:00,21.08482003788218,9.469613516320726,122.6576618099866,positive_spike,high
M0041,2025-08-29 15:00:00,16.63514277751081,10.304142624481582,61.44130942042112,positive_spike,medium
M0041,2025-09-27 14:00:00,,15.63701141888717,,missing_reading,high
M0041,2025-10-22 07:00:00,,20.566342523914134,,missing_reading,high
M0041,2025-10-29 09:00:00,27.44400699057389,17.076769095251976,60.70959815346113,positive_spike,medium
M0041,2025-12-01 01:00:00,1.1629641911468824,16.567590690419017,-92.98048694660582,negative_drop,medium
M0041,2025-12-06 21:00:00,0.8592963676434466,12.15369994278736,-92.92975495784394,negative_drop,medium
M0041,2025-12-07 00:00:00,,16.074176033893615,,missing_reading,high
M0041,2025-12-08 01:00:00,17.60457086507398,1.1629641911468824,1413.7672336852306,positive_spike,high
M0041,2025-12-10 21:00:00,17.889122446760716,10.858835230230044,64.7425535747975,positive_spike,medium
M0041,2025-12-13 21:00:00,15.777541745037949,0.8592963676434466,1736.10013251966,positive_spike,high
M0041,2026-01-08 20:00:00,,16.05944365743771,,missing_reading,high
M0042,2025-01-08 04:00:00,13.868147384376794,8.528518849395843,62.609095779382706,positive_spike,medium
M0042,2025-01-08 05:00:00,12.76177526202841,6.878916893689015,85.52012561362034,positive_spike,medium
M0042,2025-01-08 15:00:00,17.80088750156374,10.994590832361238,61.905866011575405,positive_spike,medium
M0042,2025-01-09 17:00:00,,20.907452146722814,,missing_reading,high
M0042,2025-01-31 02:00:00,14.090995946945718,7.960367080200885,77.01439902178635,positive_spike,medium
M0042,2025-02-09 20:00:00,71.5353611521697,17.045274961405728,319.6785403235887,positive_spike,high
M0042,2025-02-16 20:00:00,15.7759473512651,71.5353611521697,-77.94664471224718,negative_drop,medium
M0042,2025-03-07 14:00:00,72.08356137568417,14.999128167527447,380.58500847897545,positive_spike,high
M0042,2025-03-14 14:00:00,14.909691600259857,72.08356137568417,-79.3161002096529,negative_drop,medium
M0042,2025-04-15 00:00:00,,12.686721109786472,,missing_reading,high
M0042,2025-04-20 02:00:00,,10.041964017787414,,missing_reading,high
M0042,2025-04-23 02:00:00,,9.851772850025805,,missing_reading,high
M0042,2025-04-25 09:00:00,10.991474314319522,6.712232952990199,63.752873169024696,positive_spike,medium
M0042,2025-04-28 04:00:00,31.415854313212318,8.485124428071547,270.246241873348,positive_spike,high
M0042,2025-05-05 04:00:00,6.779969570545131,31.415854313212318,-78.41863696288618,negative_drop,medium
M0042,2025-05-05 18:00:00,3.114894258565823,15.100014527115816,-79.37158104734098,negative_drop,medium
M0042,2025-05-12 18:00:00,16.470416050301818,3.114894258565823,428.76324790187965,positive_spike,high
M0042,2025-07-07 03:00:00,7.452080343812974,4.4640796881974305,66.93430369344685,positive_spike,medium
M0042,2025-07-08 00:00:00,12.351355712531102,7.089967825419934,74.20891062787777,positive_spike,medium
M0042,2025-07-08 19:00:00,13.515985878958544,8.020389590746014,68.52031595264887,positive_spike,medium
M0042,2025-07-25 09:00:00,9.341875460625271,5.331594462980445,75.21729241580418,positive_spike,medium
M0042,2025-08-13 16:00:00,,13.330979436366821,,missing_reading,high
M0042,2025-08-18 04:00:00,10.598329965064144,6.569997227928154,61.31407057543497,positive_spike,medium
M0042,2025-08-24 05:00:00,8.951756206535045,5.570870536354397,60.688641893895365,positive_spike,medium
M0042,2025-08-25 12:00:00,13.37398615801638,8.20098591359869,63.07778477999748,positive_spike,medium
M0042,2025-08-28 10:00:00,11.886592550240191,7.279010827934714,63.299558569454604,positive_spike,medium
M0042,2025-08-28 11:00:00,12.794365365992151,7.617064857793522,67.96975744405526,positive_spike,medium
M0042,2025-08-30 17:00:00,21.45640192921114,11.147845076306862,92.47129631190903,positive_spike,medium
M0042,2025-09-09 20:00:00,0.5266913869571945,13.273274152403271,-96.03194071854658,negative_drop,medium
M0042,2025-09-16 20:00:00,16.501081696964608,0.5266913869571945,3032.9697248885695,positive_spike,high
M0042,2025-09-24 13:00:00,,14.295957606925018,,missing_reading,high
M0042,2025-10-11 10:00:00,15.117956916956881,9.162422243308715,64.99956578619232,positive_spike,medium
M0042,2025-10-13 04:00:00,,11.859065451310824,,missing_reading,high
M0042,2025-10-15 16:00:00,27.858738625407703,15.709111841537666,77.34127114522336,positive_spike,medium
M0042,2025-10-18 22:00:00,26.245586899292505,15.83395449671724,65.75509866934281,positive_spike,medium
M0042,2025-11-03 16:00:00,1.1122027683347429,20.371531474692755,-94.54040669590101,negative_drop,medium
M0042,2025-11-10 16:00:00,18.434686618175824,1.1122027683347429,1557.493322533026,positive_spike,high
M0042,2025-11-26 19:00:00,,21.073706839705178,,missing_reading,high
M0042,2025-11-30 10:00:00,,12.975482909851094,,missing_reading,high
M0042,2025-12-02 06:00:00,14.246647347020135,8.791106824428848,62.057493232039405,positive_spike,medium
M0042,2026-01-08 00:00:00,18.882617742053338,11.09898853026785,70.12917610067706,positive_spike,medium
M0042,2026-01-08 04:00:00,11.38617358804835,6.983989997750369,63.03250135976685,positive_spike,medium
M0042,2026-01-26 13:00:00,0.48966527335424326,12.23116840007682,-95.99657810817838,negative_drop,medium
M0043,2025-01-08 08:00:00,11.403040789987614,0.5111548528724219,2130.838800787767,positive_spike,high
M0043,2025-01-11 08:00:00,,14.12746750936718,,missing_reading,high
M0043,2025-01-21 19:00:00,,16.593010817042412,,missing_reading,high
M0043,2025-01-23 19:00:00,,15.029059664806732,,missing_reading,high
M0043,2025-07-04 05:00:00,,8.32427211961771,,missing_reading,high
M0043,2025-08-17 23:00:00,0.5874757922427714,13.656147075218449,-95.69808534569131,negative_drop,medium
M0043,2025-08-23 01:00:00,0.3270785229401408,11.060653550967716,-97.04286440730688,negative_drop,medium
M0043,2025-08-24 23:00:00,15.363835103127684,0.5874757922427714,2515.2286283106387,positive_spike,high
M0043,2025-08-30 01:00:00,13.351893708142276,0.3270785229401408,3982.1676666877415,positive_spike,high
M0043,2025-08-30 19:00:00,,15.853957753756754,,missing_reading,high
M0043,2025-09-26 16:00:00,,16.31212489776619,,missing_reading,high
M0043,2025-11-27 06:00:00,63.32054719027849,15.41216417942317,310.8478631107366,positive_spike,high
M0043,2025-12-03 03:00:00,,13.941194123064754,,missing_reading,high
M0043,2025-12-04 06:00:00,12.830851282458902,63.32054719027849,-79.73667024085856,negative_drop,medium
M0043,2025-12-15 16:00:00,1.3600655054800306,17.520825669186685,-92.2374348608928,negative_drop,medium
M0043,2025-12-22 16:00:00,18.158865604935723,1.3600655054800306,1235.1463978587276,positive_spike,high
M0043,2025-12-30 22:00:00,,18.096148234900795,,missing_reading,high
M0043,2026-01-04 00:00:00,95.77172863297999,14.516396715739063,559.7486312091604,positive_spike,high
M0043,2026-01-11 00:00:00,14.675035607995676,95.77172863297999,-84.67706930065562,negative_drop,medium
M0043,2026-01-18 12:00:00,96.0833961609812,15.670844553233023,513.1347665059852,positive_spike,high
M0043,2026-01-25 12:00:00,14.051239648404804,96.0833961609812,-85.37599605153122,negative_drop,medium
M0043,2026-01-29 10:00:00,,12.15866140974362,,missing_reading,high
M0044,2025-01-09 14:00:00,,10.627612587101016,,missing_reading,high
M0044,2025-01-16 15:00:00,,9.59490772677727,,missing_reading,high
M0044,2025-01-26 09:00:00,75.21705599577845,13.443471040679706,459.50621508517384,positive_spike,high
M0044,2025-02-02 09:00:00,12.568808912008258,75.21705599577845,-83.28994834268218,negative_drop,medium
M0044,2025-02-03 14:00:00,0.2669016503242272,11.716416503277825,-97.72198564083516,negative_drop,medium
M0044,2025-02-05 04:00:00,,12.837918071489474,,missing_reading,high
M0044,2025-02-10 14:00:00,11.085640289846502,0.2669016503242272,4053.4551308992923,positive_spike,high
M0044,2025-02-20 07:00:00,66.80520204280307,14.331472603795657,366.1433189015752,positive_spike,high
M0044,2025-02-27 07:00:00,13.104382596600647,66.80520204280307,-80.38418836274984,negative_drop,medium
M0044,2025-03-07 05:00:00,17.929230794629003,11.118902561852154,61.25000372017294,positive_spike,medium
M0044,2025-04-27 00:00:00,,9.8995881444861,,missing_reading,high
M0044,2025-05-10 13:00:00,,11.408721023136353,,missing_reading,high
M0044,2025-07-08 19:00:00,8.15099472336766,4.777886742149649,70.59832439017578,positive_spike,medium
M0044,2025-07-31 10:00:00,1.7829795627128562,12.573389487697735,-85.81941993877315,negative_drop,medium
M0044,2025-08-07 10:00:00,9.093963766693077,1.7829795627128562,410.04307378915456,positive_spike,high
M0044,2025-08-12 23:00:00,0.37073609688753195,7.7948768599842975,-95.24384921600573,negative_drop,medium
M0044,2025-08-16 10:00:00,,10.831806849215045,,missing_reading,high
M0044,2025-08-19 23:00:00,8.356785564046502,0.37073609688753195,2154.106258927803,positive_spike,high
M0044,2025-09-18 04:00:00,1.8050214006261964,10.667644803820428,-83.07947598724171,negative_drop,medium
M0044,2025-09-25 04:00:00,11.702864418945484,1.8050214006261964,548.3504525146094,positive_spike,high
M0044,2025-11-28 02:00:00,12.888255903157962,7.974135974794875,61.62573530092703,positive_spike,medium
M0044,2025-11-29 07:00:00,,12.5929061111398,,missing_reading,high
M0044,2025-12-13 19:00:00,,7.970112224607125,,missing_reading,high
M0044,2025-12-21 05:00:00,49.03856731578546,12.239997601627271,300.64196833883307,positive_spike,high
M0044,2025-12-28 05:00:00,13.09175635616425,49.03856731578546,-73.3031426634888,negative_drop,medium
M0044,2026-01-03 17:00:00,,8.808143101513782,,missing_reading,high
M0045,2025-01-03 09:00:00,,,,missing_reading,high
M0045,2025-01-08 14:00:00,21.842498022559905,12.885524170116632,69.51190913300813,positive_spike,medium
M0045,2025-01-13 13:00:00,18.935332274443134,0.5097409879964182,3614.6968206088586,positive_spike,high
M0045,2025-02-18 17:00:00,,17.313159726395956,,missing_reading,high
M0045,2025-02-23 15:00:00,20.909718580680117,12.497089122423496,67.31671172258716,positive_spike,medium
M0045,2025-02-24 14:00:00,,17.343173636173677,,missing_reading,high
M0045,2025-03-22 04:00:00,64.9122190734132,14.921256292488408,335.0318619357206,positive_spike,high
M0045,2025-03-29 04:00:00,13.51660484316383,64.9122190734132,-79.17710249918112,negative_drop,medium
M0045,2025-04-09 00:00:00,,15.983912536437398,,missing_reading,high
M0045,2025-04-13 09:00:00,16.12216166687427,9.102086527610108,77.1259987253427,positive_spike,medium
M0045,2025-04-17 18:00:00,26.600409821341398,16.403514565481178,62.16286890931355,positive_spike,medium
M0045,2025-05-20 01:00:00,15.227719553204484,8.993632699653034,69.31667171366644,positive_spike,medium
M0045,2025-05-27 11:00:00,,18.327303270840517,,missing_reading,high
M0045,2025-06-03 09:00:00,,19.618052822037598,,missing_reading,high
M0045,2025-06-27 01:00:00,18.06678907820364,11.07475694028275,63.13485863051705,positive_spike,medium
M0045,2025-08-13 05:00:00,0.9809949770621079,16.30644567428582,-93.98400487355087,negative_drop,medium
M0045,2025-08-20 05:00:00,19.071894093360264,0.9809949770621079,1844.137792680339,positive_spike,high
M0045,2025-08-28 02:00:00,1.3320485221443423,17.207532432935295,-92.258921914947,negative_drop,medium
M0045,2025-09-02 12:00:00,99.25638691188618,18.745637045395974,429.49060451516675,positive_spike,high
M0045,2025-09-03 01:00:00,21.990711599978376,13.71622165605389,60.32630670030328,positive_spike,medium
M0045,2025-09-04 02:00:00,20.72941706444287,1.3320485221443423,1456.205852852304,positive_spike,high
M0045,2025-09-09 12:00:00,21.96002639856754,99.25638691188618,-77.87545257106495,negative_drop,medium
M0045,2025-09-12 20:00:00,29.044447815503123,17.724213235530375,63.86875642682938,positive_spike,medium
M0045,2025-09-21 06:00:00,22.453143149570664,12.535433756506086,79.11740100670336,positive_spike,medium
M0045,2025-10-07 09:00:00,22.258301162999075,13.899876113055402,60.13309026612874,positive_spike,medium
M0045,2025-10-08 11:00:00,25.1152477726816,15.483741584621885,62.203997240728405,positive_spike,medium
M0045,2025-10-26 12:00:00,134.07256527396504,25.304319323166276,429.84063140248423,positive_spike,high
M0045,2025-11-02 00:00:00,30.417263336319756,17.957400247956066,69.3856734066051,positive_spike,medium
M0045,2025-11-02 12:00:00,21.165743595598208,134.07256527396504,-84.21321800448291,negative_drop,medium
M0045,2025-12-09 08:00:00,,18.165740398574606,,missing_reading,high
M0045,2025-12-10 01:00:00,1.989795471840566,24.332898807688657,-91.82261230950488,negative_drop,medium
M0045,2025-12-11 20:00:00,,32.2046413932241,,missing_reading,high
M0045,2025-12-17 01:00:00,24.654762812945293,1.989795471840566,1139.060152757287,positive_spike,high
M0045,2026-01-05 21:00:00,,22.096522035158394,,missing_reading,high
M0046,2025-01-06 23:00:00,,,,missing_reading,high
M0046,2025-03-03 01:00:00,62.41231490601864,13.294617720770937,369.45550610686865,positive_spike,high
M0046,2025-03-10 01:00:00,12.850231307451788,62.41231490601864,-79.4107439744835,negative_drop,medium
M0046,2025-04-16 03:00:00,,10.922573137661507,,missing_reading,high
M0046,2025-05-20 22:00:00,56.371849899640175,16.420070734763893,243.3106398274645,positive_spike,high
M0046,2025-05-27 22:00:00,13.838733092330864,56.371849899640175,-75.45098641082701,negative_drop,medium
M0046,2025-06-03 10:00:00,,12.161098364930808,,missing_reading,high
M0046,2025-06-04 22:00:00,17.730200748356623,10.708942800982324,65.56443598457024,positive_spike,medium
M0046,2025-06-05 14:00:00,,21.670827036176707,,missing_reading,high
M0046,2025-07-21 07:00:00,,8.6434509192505,,missing_reading,high
M0046,2025-08-02 03:00:00,9.337745186047254,5.6802341507873795,64.39014551456263,positive_spike,medium
M0046,2025-09-22 10:00:00,,11.63851039688172,,missing_reading,high
M0046,2025-11-03 10:00:00,2.3323524812210517,14.244798628547704,-83.62663775009895,negative_drop,medium
M0046,2025-11-10 10:00:00,13.473209338928427,2.3323524812210517,477.66608809809173,positive_spike,high
M0046,2025-11-28 13:00:00,,16.322609680831068,,missing_reading,high
M0046,2025-12-03 02:00:00,,13.45531753107575,,missing_reading,high
M0046,2025-12-12 20:00:00,1.6704707907433658,19.66460687880711,-91.50519102142,negative_drop,medium
M0046,2025-12-13 00:00:00,,15.11921685165639,,missing_reading,high
M0046,2025-12-19 20:00:00,20.483699781597657,1.6704707907433658,1126.2231638592336,positive_spike,high
M0046,2025-12-22 07:00:00,1.7655835180848944,11.2877661114282,-84.35843283200788,negative_drop,medium
M0046,2025-12-29 07:00:00,10.963989195728091,1.7655835180848944,520.9838890895735,positive_spike,high
M0046,2026-01-18 17:00:00,2.0964390904276455,13.97049109788359,-84.99380533054247,negative_drop,medium
M0046,2026-01-21 06:00:00,53.45674419424715,9.952073567761573,437.1417708105898,positive_spike,high
M0046,2026-01-25 17:00:00,12.800552946298229,2.0964390904276455,510.5854925499928,positive_spike,high
M0046,2026-01-28 06:00:00,9.82933520785032,53.45674419424715,-81.6125442055857,negative_drop,medium
M0047,2025-01-13 17:00:00,6.670616111413848,29.12168335403441,-77.09398859152925,negative_drop,medium
M0047,2025-01-15 10:00:00,,8.857285533824859,,missing_reading,high
M0047,2025-01-28 10:00:00,43.0296677351996,8.599275950017798,400.3871021851618,positive_spike,high
M0047,2025-02-04 10:00:00,8.818626057654122,43.0296677351996,-79.50570729032097,negative_drop,medium
M0047,2025-02-06 02:00:00,,7.160238246037484,,missing_reading,high
M0047,2025-03-09 04:00:00,0.41570455339397777,6.692208218032154,-93.78823043380716,negative_drop,medium
M0047,2025-03-16 04:00:00,6.189739369230679,0.41570455339397777,1388.9756002659049,positive_spike,high
M0047,2025-04-22 15:00:00,1.0154557206546424,6.478561698273649,-84.32590800323425,negative_drop,medium
M0047,2025-04-29 15:00:00,6.261592410616583,1.0154557206546424,516.6287986028449,positive_spike,high
M0047,2025-05-02 22:00:00,,4.885122760097955,,missing_reading,high
M0047,2025-05-15 05:00:00,,6.330072381628819,,missing_reading,high
M0047,2025-06-20 10:00:00,0.965340313409003,6.469139968332416,-85.07776430662321,negative_drop,medium
M0047,2025-06-27 10:00:00,6.436482261120896,0.965340313409003,566.7578440178368,positive_spike,high
M0047,2025-10-15 04:00:00,,6.462885092491491,,missing_reading,high
M0047,2025-10-29 13:00:00,36.214347652482736,7.081512752452237,411.392818433352,positive_spike,high
M0047,2025-11-05 13:00:00,7.688381000494871,36.214347652482736,-78.7697929166818,negative_drop,medium
M0047,2025-11-08 20:00:00,,4.53577214115078,,missing_reading,high
M0047,2025-12-30 12:00:00,,8.524526802772087,,missing_reading,high
M0047,2026-01-03 06:00:00,,6.929687882142038,,missing_reading,high
M0047,2026-01-28 13:00:00,,8.019828216235004,,missing_reading,high
M0047,2026-01-29 08:00:00,0.6063627771673264,8.544496623356673,-92.90346987194292,negative_drop,medium
M0048,2025-01-02 18:00:00,,,,missing_reading,high
M0048,2025-01-08 01:00:00,14.49402010364764,8.388148132186897,72.7916564567019,positive_spike,medium
M0048,2025-01-08 07:00:00,11.2776249368022,6.057864310130443,86.16503043725918,positive_spike,medium
M0048,2025-01-08 09:00:00,14.03262036882408,8.711119585750676,61.08859751825834,positive_spike,medium
M0048,2025-01-08 23:00:00,15.970967141346314,9.333509651343649,71.11427252927456,positive_spike,medium
M0048,2025-01-09 01:00:00,15.31779750874362,9.460583270291407,61.91176665444432,positive_spike,medium
M0048,2025-01-15 08:00:00,11.81400954499583,6.517042599310099,81.27869144581736,positive_spike,medium
M0048,2025-02-01 06:00:00,10.553601877234541,6.563347553632762,60.79602353822029,positive_spike,medium
M0048,2025-02-14 20:00:00,87.8567047765084,18.418669548629993,376.99810534384284,positive_spike,high
M0048,2025-02-21 20:00:00,15.296548359492004,87.8567047765084,-82.589207735023,negative_drop,medium
M0048,2025-02-22 02:00:00,11.114415972443643,6.818384727388775,63.00658318381679,positive_spike,medium
M0048,2025-02-23 16:00:00,19.18181110827633,11.343185603672206,69.10426910467264,positive_spike,medium
M0048,2025-02-26 02:00:00,10.691105709446866,6.523914100803201,63.87563576489481,positive_spike,medium
M0048,2025-03-11 13:00:00,18.31010748285067,11.430426208746894,60.18744313172891,positive_spike,medium
M0048,2025-03-12 00:00:00,,12.53599490124314,,missing_reading,high
M0048,2025-03-13 09:00:00,1.3735083649246136,12.941147426568419,-89.38650245105178,negative_drop,medium
M0048,2025-03-13 23:00:00,14.998125773839678,9.161114129568347,63.71508488723915,positive_spike,medium
M0048,2025-03-17 18:00:00,21.051621019196578,12.748095642069417,65.13541794999615,positive_spike,medium
M0048,2025-03-20 09:00:00,12.264363664890004,1.3735083649246136,792.9223860652021,positive_spike,high
M0048,2025-03-31 18:00:00,23.098453178943718,13.813186392117151,67.22031052969388,positive_spike,medium
M0048,2025-04-02 13:00:00,,10.133857290315566,,missing_reading,high
M0048,2025-04-18 00:00:00,13.29426011928935,7.7458308529147475,71.63117000272132,positive_spike,medium
M0048,2025-04-23 16:00:00,19.5431873200969,10.445997666353337,87.08780093878158,positive_spike,medium
M0048,2025-04-27 01:00:00,,9.66063837147999,,missing_reading,high
M0048,2025-05-07 17:00:00,,17.48256100411071,,missing_reading,high
M0048,2025-05-22 10:00:00,15.645058219824364,8.873168873773825,76.318724937897,positive_spike,medium
M0048,2025-05-23 19:00:00,22.97876880838365,11.850607765123932,93.90371585843589,positive_spike,medium
M0048,2025-06-27 04:00:00,,7.766093193864041,,missing_reading,high
M0048,2025-07-05 10:00:00,10.869544830668758,6.326321729321517,71.81460721939115,positive_spike,medium
M0048,2025-07-07 09:00:00,10.291863351941354,5.870361020047069,75.31908713612357,positive_spike,medium
M0048,2025-07-08 08:00:00,9.786340188940226,5.712574897903309,71.3122429700154,positive_spike,medium
M0048,2025-07-08 12:00:00,14.736236769946132,8.17375377343925,80.28726064432942,positive_spike,medium
M0048,2025-07-08 13:00:00,15.473270687504213,9.451681607860161,63.709182444702826,positive_spike,medium
M0048,2025-07-10 10:00:00,13.225116502452236,8.24687431463472,60.36520017024193,positive_spike,medium
M0048,2025-07-21 11:00:00,12.311605817049502,7.325828506834356,68.05752148803172,positive_spike,medium
M0048,2025-07-23 03:00:00,47.16816268836875,10.253110438916051,360.03759512177186,positive_spike,high
M0048,2025-07-30 03:00:00,7.719587318067765,47.16816268836875,-83.63390287412797,negative_drop,medium
M0048,2025-07-31 20:00:00,17.915177289191863,10.573461662953441,69.43530756783102,positive_spike,medium
M0048,2025-08-07 12:00:00,0.36829377974872135,11.931253403987208,-96.91320125993096,negative_drop,medium
M0048,2025-08-14 12:00:00,10.228128972446209,0.36829377974872135,2677.165821107441,positive_spike,high
M0048,2025-08-14 15:00:00,18.086055104012562,11.281637466199218,60.31409587659575,positive_spike,medium
M0048,2025-08-16 14:00:00,16.28855005666638,8.391430193672502,94.10934346982528,positive_spike,medium
M0048,2025-08-19 15:00:00,16.935781233054723,10.09357030502266,67.78781661259458,positive_spike,medium
M0048,2025-08-19 22:00:00,16.48001150399425,9.69520962801046,69.98097139005428,positive_spike,medium
M0048,2025-08-23 19:00:00,17.042488757269215,9.784094568942855,74.18565036530109,positive_spike,medium
M0048,2025-09-02 20:00:00,79.57154895726121,17.265171751763486,360.878988644487,positive_spike,high
M0048,2025-09-06 01:00:00,11.063430204982811,6.78279873650623,63.11010594251398,positive_spike,medium
M0048,2025-09-09 20:00:00,15.734499411594383,79.57154895726121,-80.22597320551651,negative_drop,medium
M0048,2025-09-13 19:00:00,17.987083859545212,10.410210075331896,72.78310167983571,positive_spike,medium
M0048,2025-09-14 00:00:00,1.7956497069982813,9.911523743991136,-81.88321237602952,negative_drop,medium
M0048,2025-09-16 21:00:00,17.408517803631145,10.403428756371426,67.33442609456576,positive_spike,medium
M0048,2025-09-21 00:00:00,13.277407356818888,1.7956497069982813,639.4207959978017,positive_spike,high
M0048,2025-09-26 05:00:00,10.919388425693404,6.773294995267102,61.21235577844194,positive_spike,medium
M0048,2025-10-09 17:00:00,,18.019182762030518,,missing_reading,high
M0048,2025-10-10 21:00:00,23.13041286688495,13.984445494141745,65.4010012522453,positive_spike,medium
M0048,2025-10-18 14:00:00,16.93062774047513,9.924434733607166,70.59538598347427,positive_spike,medium
M0048,2025-10-23 20:00:00,,18.9002629930379,,missing_reading,high
M0048,2025-11-02 06:00:00,11.433222669048437,7.029098087575552,62.65561422819662,positive_spike,medium
M0048,2025-11-12 04:00:00,14.289073582903901,8.020785318289223,78.15055528691872,positive_spike,medium
M0048,2025-11-16 00:00:00,15.311425452817979,8.964298391983988,70.80450452775744,positive_spike,medium
M0048,2025-11-20 13:00:00,18.961478101526797,11.837088324247826,60.1870120600936,positive_spike,medium
M0048,2025-11-30 01:00:00,12.40689614640349,7.7069659888648925,60.982884371477795,positive_spike,medium
M0048,2025-12-18 14:00:00,,17.879352815267517,,missing_reading,high
M0048,2025-12-21 22:00:00,18.505272979805937,10.912566864021038,69.57763659454139,positive_spike,medium
M0048,2025-12-24 05:00:00,12.865505162979318,7.703856802959753,67.00083467330941,positive_spike,medium
M0048,2026-01-08 00:00:00,15.36814418041261,8.07308338041347,90.362758022518,positive_spike,medium
M0048,2026-01-08 03:00:00,12.526688236447683,7.018398523653643,78.48356992310734,positive_spike,medium
M0048,2026-01-08 07:00:00,11.247413021405617,6.568575319878134,71.23063181399722,positive_spike,medium
M0048,2026-01-08 10:00:00,11.81381015892258,7.019909667394073,68.29005954015499,positive_spike,medium
M0048,2026-01-08 11:00:00,14.734057964032194,8.716028123184046,69.04555327030893,positive_spike,medium
M0048,2026-01-08 22:00:00,17.93160665149381,10.225118251967102,75.36820806981022,positive_spike,medium
M0048,2026-01-08 23:00:00,14.934198157704326,8.220397818137137,81.67245050785918,positive_spike,medium
M0048,2026-01-20 10:00:00,1.3030154646342156,13.724072307009111,-90.50562081366516,negative_drop,medium
M0048,2026-01-27 10:00:00,15.524726534607366,1.3030154646342156,1091.4460692118869,positive_spike,high
M0049,2025-01-18 05:00:00,0.2793199839910721,5.744725686870557,-95.13780118989055,negative_drop,medium
M0049,2025-01-24 22:00:00,0.6716969019630953,8.609647545255488,-92.19832288798806,negative_drop,medium
M0049,2025-01-25 05:00:00,5.567904828472178,0.2793199839910721,1893.378615061837,positive_spike,high
M0049,2025-01-31 22:00:00,8.121400372983116,0.6716969019630953,1109.0870672840063,positive_spike,high
M0049,2025-03-04 06:00:00,,7.057270744919616,,missing_reading,high
M0049,2025-03-13 10:00:00,39.84596919555577,7.0649966738026215,463.99133694296995,positive_spike,high
M0049,2025-03-20 07:00:00,,6.099773790791555,,missing_reading,high
M0049,2025-03-20 10:00:00,7.669431676386809,39.84596919555577,-80.75230235021559,negative_drop,medium
M0049,2025-08-02 17:00:00,,8.719415078470174,,missing_reading,high
M0049,2025-08-14 22:00:00,,7.1249126433363426,,missing_reading,high
M0049,2025-08-19 16:00:00,,9.685360099894986,,missing_reading,high
M0049,2025-10-07 15:00:00,,9.155222896611958,,missing_reading,high
M0049,2025-10-16 11:00:00,,8.941577780005247,,missing_reading,high
M0049,2025-10-24 10:00:00,,7.782233013913756,,missing_reading,high
M0049,2025-10-24 22:00:00,1.3106981174864645,7.880510680529856,-83.3678530412405,negative_drop,medium
M0049,2025-10-31 22:00:00,8.69925139459786,1.3106981174864645,563.7112908409816,positive_spike,high
M0049,2025-12-11 09:00:00,,7.629272009488646,,missing_reading,high
M0049,2025-12-12 13:00:00,54.97720712672293,9.290590470230624,491.7514855797772,positive_spike,high
M0049,2025-12-18 05:00:00,38.36904993984003,6.354464864470408,503.8124493279069,positive_spike,high
M0049,2025-12-19 13:00:00,10.477439401010516,54.97720712672293,-80.94221233017544,negative_drop,medium
M0049,2025-12-25 05:00:00,6.559102098442612,38.36904993984003,-82.90522671599422,negative_drop,medium
M0049,2026-01-28 09:00:00,0.4093742363695477,8.036069830254231,-94.90579045457851,negative_drop,medium
M0050,2025-01-06 06:00:00,,,,missing_reading,high
M0050,2025-01-12 11:00:00,1.6993749514889243,11.135327804786765,-84.73888706932892,negative_drop,medium
M0050,2025-01-19 11:00:00,10.357167459885316,1.6993749514889243,509.46923166136946,positive_spike,high
M0050,2025-03-20 08:00:00,0.8850187451952309,13.230511262227322,-93.31077440883233,negative_drop,medium
M0050,2025-03-27 08:00:00,13.465152563592786,0.8850187451952309,1421.453939444236,positive_spike,high
M0050,2025-06-03 07:00:00,,10.839787655111262,,missing_reading,high
M0050,2025-06-07 21:00:00,,6.170812609567398,,missing_reading,high
M0050,2025-06-26 15:00:00,1.0987873854859878,8.025398895890698,-86.30862590458142,negative_drop,medium
M0050,2025-06-27 10:00:00,49.4532948413257,10.932404272767217,352.3551600128309,positive_spike,high
M0050,2025-07-03 15:00:00,7.564403755530112,1.0987873854859878,588.4319801491365,positive_spike,high
M0050,2025-07-04 10:00:00,9.872118516487964,49.4532948413257,-80.03749083218148,negative_drop,medium
M0050,2025-07-06 04:00:00,,7.931119179055728,,missing_reading,high
M0050,2025-07-14 18:00:00,,6.864156795759705,,missing_reading,high
M0050,2025-07-26 10:00:00,0.4938332536630421,7.756674184014575,-93.6334408027507,negative_drop,medium
M0050,2025-08-02 10:00:00,8.014776372541789,0.4938332536630421,1522.9721901252365,positive_spike,high
M0050,2025-08-18 15:00:00,40.352898864497526,7.964443335927353,406.66314219936595,positive_spike,high
M0050,2025-08-25 10:00:00,,9.69744358668787,,missing_reading,high
M0050,2025-08-25 15:00:00,7.848130808679398,40.352898864497526,-80.55125894416427,negative_drop,medium
M0050,2025-09-24 14:00:00,,9.222762236442543,,missing_reading,high
M0050,2025-10-08 22:00:00,,9.064699804752967,,missing_reading,high
M0050,2025-12-10 06:00:00,,14.190408320769027,,missing_reading,high
M0050,2026-01-07 13:00:00,49.0596956707578,12.24440339929697,300.6703640095248,positive_spike,high
M0050,2026-01-14 13:00:00,11.478476817424845,49.0596956707578,-76.60304113083475,negative_drop,medium
M0051,2025-01-02 16:00:00,,,,missing_reading,high
M0051,2025-01-11 03:00:00,62.53807385734575,10.93301716534822,472.01111926868447,positive_spike,high
M0051,2025-01-18 03:00:00,11.808903012178183,62.53807385734575,-81.11725820159536,negative_drop,medium
M0051,2025-03-15 02:00:00,,9.249178660958124,,missing_reading,high
M0051,2025-04-08 11:00:00,48.376930201088946,7.733563159219389,525.5451621083291,positive_spike,high
M0051,2025-04-15 11:00:00,7.831770990254889,48.376930201088946,-83.8109384830735,negative_drop,medium
M0051,2025-06-19 22:00:00,,7.89553351575779,,missing_reading,high
M0051,2025-06-20 12:00:00,1.1257165616467626,7.471491380915491,-84.93317459319846,negative_drop,medium
M0051,2025-06-27 12:00:00,8.102820867245404,1.1257165616467626,619.792276609321,positive_spike,high
M0051,2025-07-21 01:00:00,,10.819755705180217,,missing_reading,high
M0051,2025-07-24 07:00:00,59.252458254233396,11.596820572904749,410.9370959198341,positive_spike,high
M0051,2025-07-31 07:00:00,13.098683123536155,59.252458254233396,-77.89343512579026,negative_drop,medium
M0051,2025-09-10 13:00:00,,8.141096898966891,,missing_reading,high
M0051,2025-10-03 05:00:00,0.7665848252270986,15.096129545455588,-94.92197769687353,negative_drop,medium
M0051,2025-10-10 05:00:00,14.524145597683557,0.7665848252270986,1794.6560275806164,positive_spike,high
M0051,2025-11-07 15:00:00,,7.513392557552407,,missing_reading,high
M0051,2025-11-25 09:00:00,,12.48321612505508,,missing_reading,high
M0051,2025-12-17 05:00:00,2.2404011862561624,13.81787210936797,-83.78620696064151,negative_drop,medium
M0051,2025-12-24 05:00:00,14.147421058398841,2.2404011862561624,531.4682006591858,positive_spike,high
M0051,2025-12-31 06:00:00,,13.39898735018098,,missing_reading,high
M0051,2026-01-11 11:00:00,1.43180216183033,8.359805292077853,-82.87278098226554,negative_drop,medium
M0051,2026-01-18 11:00:00,8.247385005288253,1.43180216183033,476.01428641127984,positive_spike,high
M0051,2026-01-20 15:00:00,,6.143013399235495,,missing_reading,high
M0052,2025-01-24 05:00:00,0.324716042994935,2.835153876384292,-88.54679297304844,negative_drop,medium
M0052,2025-01-26 23:00:00,0.5835405414320394,3.053102716650903,-80.8869666176134,negative_drop,medium
M0052,2025-01-31 05:00:00,2.3858489976396062,0.324716042994935,634.7493445763691,positive_spike,high
M0052,2025-02-02 23:00:00,3.1623021986257758,0.5835405414320394,441.91645208837053,positive_spike,high
M0052,2025-02-04 13:00:00,,4.266669798491785,,missing_reading,high
M0052,2025-03-09 12:00:00,0.1914297677657433,3.8689635577254835,-95.05216927196174,negative_drop,medium
M0052,2025-03-16 12:00:00,4.248996706939318,0.1914297677657433,2119.6112739053756,positive_spike,high
M0052,2025-03-31 06:00:00,16.607757071000652,2.578310435403162,544.1333379781225,positive_spike,high
M0052,2025-04-03 17:00:00,5.792019254792335,3.449599271430637,67.90411868304447,positive_spike,medium
M0052,2025-04-07 06:00:00,3.189029954337571,16.607757071000652,-80.79794917095674,negative_drop,medium
M0052,2025-04-25 08:00:00,3.4040026997868886,2.089820384492768,62.88494097606831,positive_spike,medium
M0052,2025-05-28 01:00:00,12.591931827830141,2.89633601713942,334.7538321975025,positive_spike,high
M0052,2025-05-30 10:00:00,4.0071304639299274,2.181350410881092,83.69953052665966,positive_spike,medium
M0052,2025-06-04 01:00:00,3.061611365568832,12.591931827830141,-75.68592804161953,negative_drop,medium
M0052,2025-07-19 11:00:00,3.6803082458351524,2.2469532115320034,63.79104945073012,positive_spike,medium
M0052,2025-08-10 02:00:00,,2.084153314256504,,missing_reading,high
M0052,2025-08-12 04:00:00,2.5965772195233354,1.5250937827008855,70.25688839442331,positive_spike,medium
M0052,2025-08-12 23:00:00,,3.260454600675099,,missing_reading,high
M0052,2025-08-23 19:00:00,4.599063114952047,2.8141102299874703,63.428676884932266,positive_spike,medium
M0052,2025-08-26 16:00:00,,3.145458653791075,,missing_reading,high
M0052,2025-08-28 06:00:00,,2.3347769491771784,,missing_reading,high
M0052,2025-10-02 22:00:00,,3.8601595948180636,,missing_reading,high
M0052,2025-10-10 12:00:00,,3.800683479785082,,missing_reading,high
M0052,2025-10-15 12:00:00,0.6825233022976727,3.2780920571358205,-79.17925151577298,negative_drop,medium
M0052,2025-10-22 12:00:00,3.8639561476661406,0.6825233022976727,466.1280918407283,positive_spike,high
M0052,2025-12-29 16:00:00,,4.458139780868646,,missing_reading,high
M0052,2026-01-01 04:00:00,,2.7713224742747267,,missing_reading,high
M0052,2026-01-11 07:00:00,13.30823950610219,2.8691746979087953,363.83510616491674,positive_spike,high
M0052,2026-01-18 07:00:00,2.440516696238482,13.30823950610219,-81.66161125128956,negative_drop,medium
M0053,2025-01-08 20:00:00,16.83671914098835,9.815040870983928,71.53997993795944,positive_spike,medium
M0053,2025-02-02 08:00:00,,23.283307728355368,,missing_reading,high
M0053,2025-02-07 20:00:00,,13.248156258789631,,missing_reading,high
M0053,2025-02-10 17:00:00,90.96469539950648,17.038778658281117,433.8686370885873,positive_spike,high
M0053,2025-02-17 17:00:00,16.489166787139485,90.96469539950648,-81.87300390033633,negative_drop,medium
M0053,2025-03-04 14:00:00,,20.862913134638283,,missing_reading,high
M0053,2025-03-05 17:00:00,2.1869793325491806,17.054519429273512,-87.17654084819708,negative_drop,medium
M0053,2025-03-12 17:00:00,19.422245815944887,2.1869793325491806,788.0854760207534,positive_spike,high
M0053,2025-04-17 18:00:00,3.036686871265993,20.59212865039096,-85.25316676666966,negative_drop,medium
M0053,2025-04-24 18:00:00,17.507530636684717,3.036686871265993,476.5339456743473,positive_spike,high
M0053,2025-05-20 20:00:00,86.96595095350892,17.31661694477314,402.21097591327606,positive_spike,high
M0053,2025-05-27 20:00:00,16.367813730704572,86.96595095350892,-81.17905507702132,negative_drop,medium
M0053,2025-06-23 03:00:00,,17.975463252540056,,missing_reading,high
M0053,2025-08-18 15:00:00,,14.130737128803974,,missing_reading,high
M0053,2025-09-08 18:00:00,,14.372913963271216,,missing_reading,high
M0053,2025-09-16 00:00:00,67.68065227716193,15.575416041727452,334.53511672395456,positive_spike,high
M0053,2025-09-23 00:00:00,12.439136763382852,67.68065227716193,-81.62083794281,negative_drop,medium
M0053,2025-09-26 17:00:00,0.981171421275177,13.513370608804262,-92.73925470055619,negative_drop,medium
M0053,2025-10-03 17:00:00,15.432482705113875,0.981171421275177,1472.8630462001315,positive_spike,high
M0053,2025-10-09 17:00:00,,15.593545191067834,,missing_reading,high
M0053,2025-10-28 22:00:00,2.2048605788695617,14.642657512739765,-84.94221027193161,negative_drop,medium
M0053,2025-11-04 22:00:00,13.388523028649306,2.2048605788695617,507.22764772336035,positive_spike,high
M0053,2025-12-09 12:00:00,,19.24124183658546,,missing_reading,high
M0053,2025-12-26 09:00:00,,24.462246065811787,,missing_reading,high
M0054,2025-01-11 17:00:00,13.291507847935588,3.5431391079951893,275.13367222706387,positive_spike,high
M0054,2025-01-16 20:00:00,0.43846218982979207,4.708804953192831,-90.68846142092825,negative_drop,medium
M0054,2025-01-17 06:00:00,,3.221543130697756,,missing_reading,high
M0054,2025-01-18 17:00:00,3.5822628882780325,13.291507847935588,-73.04848381943044,negative_drop,medium
M0054,2025-01-23 20:00:00,5.427669598933341,0.43846218982979207,1137.8877186742884,positive_spike,high
M0054,2025-01-27 14:00:00,,3.786563585724913,,missing_reading,high
M0054,2025-03-20 02:00:00,,4.750689205950441,,missing_reading,high
M0054,2025-03-23 06:00:00,,2.2699043464741506,,missing_reading,high
M0054,2025-04-15 18:00:00,0.3387302445302813,4.925818903664212,-93.12337194779315,negative_drop,medium
M0054,2025-04-22 18:00:00,5.251206743251055,0.3387302445302813,1450.2621416439877,positive_spike,high
M0054,2025-06-28 20:00:00,,3.4260547669028316,,missing_reading,high
M0054,2025-10-05 01:00:00,,2.967278107542886,,missing_reading,high
M0054,2025-11-03 02:00:00,17.091891972068932,3.9696093766027243,330.56861143089435,positive_spike,high
M0054,2025-11-10 01:00:00,,4.076955080993755,,missing_reading,high
M0054,2025-11-10 02:00:00,4.202983142234338,17.091891972068932,-75.40949153491768,negative_drop,medium
M0054,2025-12-03 20:00:00,,4.042454114311163,,missing_reading,high
M0054,2025-12-10 09:00:00,0.29773493085920594,2.5318376473073823,-88.24036244283484,negative_drop,medium
M0054,2025-12-17 09:00:00,2.9866209138475903,0.29773493085920594,903.1140468566368,positive_spike,high
M0054,2025-12-26 00:00:00,21.618568236865997,4.484562292409808,382.0664053090702,positive_spike,high
M0054,2025-12-27 03:00:00,0.19159276267159583,2.943595947400875,-93.49120035170698,negative_drop,medium
M0054,2026-01-02 00:00:00,4.415995560350442,21.618568236865997,-79.57313587113565,negative_drop,medium
M0054,2026-01-03 03:00:00,2.941773628601899,0.19159276267159583,1435.4304555043745,positive_spike,high
M0054,2026-01-25 06:00:00,,2.8408850802640453,,missing_reading,high
M0055,2025-01-09 08:00:00,7.4956310470198195,41.149663589793946,-81.78446579359422,negative_drop,medium
M0055,2025-01-22 13:00:00,,13.59991649806758,,missing_reading,high
M0055,2025-01-26 21:00:00,,20.636304254702356,,missing_reading,high
M0055,2025-02-02 02:00:00,,16.315062917270247,,missing_reading,high
M0055,2025-02-08 18:00:00,110.2588177875749,20.36695207127791,441.3614045032551,positive_spike,high
M0055,2025-02-15 18:00:00,21.96428665731064,110.2588177875749,-80.07933778173904,negative_drop,medium
M0055,2025-02-18 10:00:00,0.6908701569658015,9.111302092242475,-92.41743770570378,negative_drop,medium
M0055,2025-02-25 10:00:00,9.048755505196924,0.6908701569658015,1209.762104204603,positive_spike,high
M0055,2025-03-30 03:00:00,72.63923220916531,15.570057635680467,366.5315563296611,positive_spike,high
M0055,2025-04-06 03:00:00,15.149340398105014,72.63923220916531,-79.14441006964067,negative_drop,medium
M0055,2025-04-06 20:00:00,,25.25766231313663,,missing_reading,high
M0055,2025-04-15 11:00:00,,12.51136625624501,,missing_reading,high
M0055,2025-07-15 21:00:00,3.0744388787487558,20.432837162643043,-84.95344109936093,negative_drop,medium
M0055,2025-07-22 21:00:00,19.0353089591322,3.0744388787487558,519.1474187601754,positive_spike,high
M0055,2025-08-01 12:00:00,,9.197856872316162,,missing_reading,high
M0055,2025-09-10 06:00:00,,8.816725221772348,,missing_reading,high
M0055,2025-10-02 21:00:00,3.1876310134571297,26.97836517451739,-88.18449156263914,negative_drop,medium
M0055,2025-10-09 21:00:00,25.652146973261015,3.1876310134571297,704.7401617366028,positive_spike,high
M0055,2025-10-24 14:00:00,,14.945443945610698,,missing_reading,high
M0055,2025-10-30 12:00:00,0.987495290644921,12.410846609647942,-92.04328824854493,negative_drop,medium
M0055,2025-11-06 12:00:00,14.278974499485706,0.987495290644921,1345.9789970401057,positive_spike,high
M0055,2026-01-21 06:00:00,,10.564352221929257,,missing_reading,high
M0056,2025-02-21 09:00:00,,10.221507903642904,,missing_reading,high
M0056,2025-02-24 14:00:00,1.1022117635510247,7.562326597877986,-85.42496480037892,negative_drop,medium
M0056,2025-03-03 14:00:00,7.107924378579027,1.1022117635510247,544.8782905091886,positive_spike,high
M0056,2025-03-04 05:00:00,,10.05264628795142,,missing_reading,high
M0056,2025-03-05 11:00:00,37.482276119842254,9.570405221115841,291.647743787719,positive_spike,high
M0056,2025-03-10 03:00:00,,9.913044392342972,,missing_reading,high
M0056,2025-03-12 11:00:00,9.409040546897607,37.482276119842254,-74.89736077709358,negative_drop,medium
M0056,2025-04-04 23:00:00,,6.398685869431896,,missing_reading,high
M0056,2025-05-18 16:00:00,46.875995890197196,8.057171127766983,481.7922338604804,positive_spike,high
M0056,2025-05-25 16:00:00,8.047332098193932,46.875995890197196,-82.83272292060934,negative_drop,medium
M0056,2025-06-12 03:00:00,0.24199315417566933,10.385351373657494,-97.66986069638929,negative_drop,medium
M0056,2025-06-19 03:00:00,10.274319001424054,0.24199315417566933,4145.706469020876,positive_spike,high
M0056,2025-06-22 14:00:00,,8.032704036740446,,missing_reading,high
M0056,2025-07-23 01:00:00,,8.726139097695375,,missing_reading,high
M0056,2025-08-07 07:00:00,,12.427146514811616,,missing_reading,high
M0056,2025-08-22 06:00:00,,13.339522790528244,,missing_reading,high
M0056,2025-08-27 12:00:00,0.362980250748099,9.745486046896145,-96.27540125755242,negative_drop,medium
M0056,2025-09-03 12:00:00,9.407778727628504,0.362980250748099,2491.815590032559,positive_spike,high
M0056,2025-10-09 06:00:00,69.1588079940131,16.457388550027762,320.2295387496119,positive_spike,high
M0056,2025-10-16 06:00:00,16.88076002359915,69.1588079940131,-75.59130859360607,negative_drop,medium
M0056,2025-10-26 15:00:00,,7.484564471451603,,missing_reading,high
M0056,2026-01-25 07:00:00,1.3156781816297187,11.083488800563275,-88.12938592437739,negative_drop,medium
M0057,2025-01-11 16:00:00,73.18218483205752,13.421365632143551,445.266307750305,positive_spike,high
M0057,2025-01-13 22:00:00,,8.442111814306944,,missing_reading,high
M0057,2025-01-18 16:00:00,14.00842627742161,73.18218483205752,-80.85814695261024,negative_drop,medium
M0057,2025-02-13 01:00:00,,10.7870235729416,,missing_reading,high
M0057,2025-02-18 11:00:00,,15.284628497364077,,missing_reading,high
M0057,2025-02-25 22:00:00,0.3805589345259721,10.241293040321601,-96.28407337796457,negative_drop,medium
M0057,2025-03-04 22:00:00,9.845091739771174,0.3805589345259721,2487.008435903447,positive_spike,high
M0057,2025-03-20 21:00:00,37.048407160790404,9.663991222254248,283.3654885310254,positive_spike,high
M0057,2025-03-27 21:00:00,9.241791167734931,37.048407160790404,-75.05482185070608,negative_drop,medium
M0057,2025-03-30 22:00:00,1.4556921032678496,10.03652607620803,-85.49605618303903,negative_drop,medium
M0057,2025-04-06 15:00:00,0.2938186563311333,11.959663381731676,-97.54325312550235,negative_drop,medium
M0057,2025-04-06 22:00:00,10.795139669735171,1.4556921032678496,641.5812482255974,positive_spike,high
M0057,2025-04-13 15:00:00,13.219666976397665,0.2938186563311333,4399.260578436216,positive_spike,high
M0057,2025-06-12 06:00:00,,10.393048398881666,,missing_reading,high
M0057,2025-07-10 16:00:00,,9.964649729769341,,missing_reading,high
M0057,2025-08-03 07:00:00,,12.575046543885751,,missing_reading,high
M0057,2025-08-10 06:00:00,11.994634586356705,7.401386584654784,62.059290501391374,positive_spike,medium
M0057,2025-10-04 23:00:00,9.93958160109393,5.902740998996871,68.38925514067266,positive_spike,medium
M0057,2025-10-20 23:00:00,,7.206929979050031,,missing_reading,high
M0057,2025-10-22 07:00:00,,12.839132862391054,,missing_reading,high
M0057,2025-12-10 15:00:00,,10.791707093546327,,missing_reading,high
M0057,2025-12-15 01:00:00,0.9586517029892649,9.734371840021959,-90.15188942086783,negative_drop,medium
M0057,2025-12-22 01:00:00,8.582495513157633,0.9586517029892649,795.2673308142803,positive_spike,high
M0057,2025-12-23 05:00:00,64.89221485018467,9.526071006547369,581.2064995692722,positive_spike,high
M0057,2025-12-30 05:00:00,10.765092829606422,64.89221485018467,-83.41080998011923,negative_drop,medium
M0058,2025-01-07 19:00:00,,,,missing_reading,high
M0058,2025-01-14 15:00:00,,1.7151014603420225,,missing_reading,high
M0058,2025-02-28 04:00:00,,6.048931802712438,,missing_reading,high
M0058,2025-03-31 06:00:00,7.825563642021114,4.878956008674634,60.39422425837623,positive_spike,medium
M0058,2025-04-02 20:00:00,,2.6214097925304483,,missing_reading,high
M0058,2025-04-24 20:00:00,3.3021385269454013,1.99060491419201,65.88618381291123,positive_spike,medium
M0058,2025-05-15 03:00:00,,6.805795326456797,,missing_reading,high
M0058,2025-05-28 04:00:00,34.4872912859924,5.66759291260806,508.49979555293004,positive_spike,high
M0058,2025-06-04 04:00:00,5.081750753774845,34.4872912859924,-85.26485970836775,negative_drop,medium
M0058,2025-06-25 19:00:00,8.964605789306946,2.242714859880211,299.721157141919,positive_spike,high
M0058,2025-07-02 19:00:00,2.051450567445965,8.964605789306946,-77.11610955728861,negative_drop,medium
M0058,2025-07-29 20:00:00,0.22574506502281524,2.37040222400647,-90.47650804844169,negative_drop,medium
M0058,2025-08-05 20:00:00,2.101800032642197,0.22574506502281524,831.0502678894776,positive_spike,high
M0058,2025-08-11 11:00:00,14.639719619953736,2.9348973696700154,398.815385207141,positive_spike,high
M0058,2025-08-18 11:00:00,3.1704190841347453,14.639719619953736,-78.3437171855839,negative_drop,medium
M0058,2025-09-29 01:00:00,,5.886472606158975,,missing_reading,high
M0058,2025-10-13 01:00:00,0.8306666934783569,5.090311500988915,-83.68141727049552,negative_drop,medium
M0058,2025-10-20 01:00:00,5.46054848726443,0.8306666934783569,557.3693793353838,positive_spike,high
M0058,2025-10-31 15:00:00,0.2137867965037621,2.0622557913256245,-89.63335210874402,negative_drop,medium
M0058,2025-11-05 04:00:00,0.3693080316752585,7.407445826016139,-95.01436743042805,negative_drop,medium
M0058,2025-11-07 15:00:00,1.9108198773177694,0.2137867965037621,793.7969549883517,positive_spike,high
M0058,2025-11-12 04:00:00,7.896441297357643,0.3693080316752585,2038.1721002756788,positive_spike,high
M0058,2025-11-16 08:00:00,,6.4006832694804805,,missing_reading,high
M0058,2026-01-17 19:00:00,,2.558981667846986,,missing_reading,high
M0058,2026-01-27 19:00:00,,2.1986473157095885,,missing_reading,high
M0059,2025-01-13 23:00:00,4.123350494390836,0.5553251207475287,642.5110697027991,positive_spike,high
M0059,2025-01-17 14:00:00,,4.708000175764921,,missing_reading,high
M0059,2025-02-07 13:00:00,,5.644555952312093,,missing_reading,high
M0059,2025-03-28 01:00:00,0.7704636454291134,5.5729502115451925,-86.17494116791168,negative_drop,medium
M0059,2025-03-29 23:00:00,0.8813348439734178,5.074557543317652,-82.63228199798445,negative_drop,medium
M0059,2025-04-04 01:00:00,5.17414779945951,0.7704636454291134,571.5628738819654,positive_spike,high
M0059,2025-04-05 23:00:00,5.314596667251716,0.8813348439734178,503.01674256873144,positive_spike,high
M0059,2025-05-04 13:00:00,26.752895917677346,6.849175960884918,290.6002133754621,positive_spike,high
M0059,2025-05-11 13:00:00,7.205425323986742,26.752895917677346,-73.0667463210005,negative_drop,medium
M0059,2025-05-22 22:00:00,,4.8112515345635805,,missing_reading,high
M0059,2025-05-30 12:00:00,,7.523217003025839,,missing_reading,high
M0059,2025-05-31 22:00:00,,5.271761499148625,,missing_reading,high
M0059,2025-07-20 22:00:00,0.864312207127214,5.197249289845773,-83.36981432051218,negative_drop,medium
M0059,2025-07-27 22:00:00,5.395637614412848,0.864312207127214,524.2695139464448,positive_spike,high
M0059,2025-08-16 04:00:00,,8.029993425749796,,missing_reading,high
M0059,2025-09-01 08:00:00,43.94039610596087,8.86480559058162,395.6724166928735,positive_spike,high
M0059,2025-09-08 08:00:00,8.541307034639349,43.94039610596087,-80.5616066499668,negative_drop,medium
M0059,2025-10-07 21:00:00,,4.7882128863519595,,missing_reading,high
M0059,2025-10-21 21:00:00,,3.8146851143011817,,missing_reading,high
M0059,2025-11-05 02:00:00,32.23701359823603,5.729658186566443,462.63414934276204,positive_spike,high
M0059,2025-11-12 02:00:00,6.003287203404521,32.23701359823603,-81.37765712971311,negative_drop,medium
M0059,2026-01-16 04:00:00,,5.730988961270515,,missing_reading,high
M0060,2025-01-27 08:00:00,,18.516264044742506,,missing_reading,high
M0060,2025-03-23 12:00:00,1.5637463515121426,13.53053147140555,-88.44283127520268,negative_drop,medium
M0060,2025-03-30 12:00:00,13.148627820839742,1.5637463515121426,740.8414707490778,positive_spike,high
M0060,2025-04-10 15:00:00,,11.251712400651337,,missing_reading,high
M0060,2025-05-15 17:00:00,,8.13805194068988,,missing_reading,high
M0060,2025-05-27 07:00:00,,25.491928594121617,,missing_reading,high
M0060,2025-05-28 01:00:00,2.5082503621045573,17.33114365871358,-85.527496560543,negative_drop,medium
M0060,2025-06-04 01:00:00,17.522532537449592,2.5082503621045573,598.5958340596926,positive_spike,high
M0060,2025-06-06 04:00:00,1.8097049816916846,20.323785119841272,-91.0956302134638,negative_drop,medium
M0060,2025-06-13 04:00:00,18.784998392341258,1.8097049816916846,938.0144046893946,positive_spike,high
M0060,2025-06-25 07:00:00,122.70516962562262,23.4912455266843,422.34424729092683,positive_spike,high
M0060,2025-07-02 07:00:00,22.502566528351753,122.70516962562262,-81.66127262852267,negative_drop,medium
M0060,2025-07-11 16:00:00,1.1449917901052,10.353892937131276,-88.94143683870813,negative_drop,medium
M0060,2025-07-18 16:00:00,11.176625958717999,1.1449917901052,876.1315369511171,positive_spike,high
M0060,2025-08-16 18:00:00,,7.433319697643033,,missing_reading,high
M0060,2025-09-16 12:00:00,83.99968804404718,18.33628111216024,358.1064586119392,positive_spike,high
M0060,2025-09-23 12:00:00,17.17941017702272,83.99968804404718,-79.54824526489396,negative_drop,medium
M0060,2025-10-21 22:00:00,,8.376563245317849,,missing_reading,high
M0060,2025-11-15 12:00:00,70.01503918882138,14.441540174007894,384.8169817429551,positive_spike,high
M0060,2025-11-16 14:00:00,,10.903894462255,,missing_reading,high
M0060,2025-11-22 12:00:00,13.492070636635939,70.01503918882138,-80.72975350303012,negative_drop,medium
M0060,2025-12-11 15:00:00,,9.71877667420838,,missing_reading,high
M0060,2026-01-25 21:00:00,,6.142739558852586,,missing_reading,high
M0061,2025-01-11 04:00:00,,16.3293795477769,,missing_reading,high
M0061,2025-01-20 21:00:00,23.395343013370084,14.566612171665893,60.6093629572792,positive_spike,medium
M0061,2025-01-24 13:00:00,15.0200589422579,9.26582320045607,62.101721750082625,positive_spike,medium
M0061,2025-02-11 14:00:00,16.762752305136367,10.059354003928966,66.63845708769368,positive_spike,medium
M0061,2025-02-26 06:00:00,53.04085501400071,12.263079378071808,332.52476297956264,positive_spike,high
M0061,2025-03-05 06:00:00,11.568125548571057,53.04085501400071,-78.1901601218202,negative_drop,medium
M0061,2025-03-12 15:00:00,,14.968390530832371,,missing_reading,high
M0061,2025-03-24 04:00:00,17.86664076779661,10.444359551610878,71.06497224179688,positive_spike,medium
M0061,2025-05-12 18:00:00,,25.815543028693522,,missing_reading,high
M0061,2025-05-16 22:00:00,,27.110130146526387,,missing_reading,high
M0061,2025-05-25 12:00:00,15.616649595128928,9.68765670380802,61.20151727703503,positive_spike,medium
M0061,2025-05-25 15:00:00,1.7476435957137493,19.654862319291833,-91.10833967023831,negative_drop,medium
M0061,2025-05-31 02:00:00,,16.409831700250713,,missing_reading,high
M0061,2025-06-01 15:00:00,20.86756437503156,1.7476435957137493,1094.040044904528,positive_spike,high
M0061,2025-06-10 16:00:00,73.44357200727185,27.334035590898893,168.6890918943763,positive_spike,high
M0061,2025-06-17 16:00:00,23.048158706287495,73.44357200727185,-68.61786800891788,negative_drop,medium
M0061,2025-06-26 13:00:00,18.778988397126817,11.19193417314786,67.79037569915415,positive_spike,medium
M0061,2025-07-05 13:00:00,72.44726567018118,16.35614433831146,342.9360867187134,positive_spike,high
M0061,2025-07-12 13:00:00,14.525226224001626,72.44726567018118,-79.95062189078571,negative_drop,medium
M0061,2025-08-09 00:00:00,28.979062812813932,15.962930766532422,81.53973876508246,positive_spike,medium
M0061,2025-08-14 21:00:00,29.582522677477975,18.166055827245515,62.8450499040634,positive_spike,medium
M0061,2025-09-05 03:00:00,21.59006584390853,13.185345862695751,63.7428859943036,positive_spike,medium
M0061,2025-09-11 11:00:00,17.124129014044378,10.42161392551189,64.31359995139402,positive_spike,medium
M0061,2025-09-15 15:00:00,2.1090295747115784,19.26038543732003,-89.04990981839335,negative_drop,medium
M0061,2025-09-16 06:00:00,,14.221921031430096,,missing_reading,high
M0061,2025-09-20 19:00:00,34.483071482413536,20.361997875822077,69.35013790252323,positive_spike,medium
M0061,2025-09-22 15:00:00,19.8030662747483,2.1090295747115784,838.9657931874417,positive_spike,high
M0061,2025-09-25 12:00:00,21.45933376179508,11.512071566848972,86.40723033368722,positive_spike,medium
M0061,2025-10-15 12:00:00,1.6756294689087943,15.646303257023495,-89.29057272262304,negative_drop,medium
M0061,2025-10-22 12:00:00,14.789065636755957,1.6756294689087943,782.5976095053348,positive_spike,high
M0061,2025-10-29 04:00:00,,23.284695956489344,,missing_reading,high
M0061,2025-11-21 20:00:00,,33.39626881280129,,missing_reading,high
M0061,2025-11-22 15:00:00,27.494096341113575,16.9056509237043,62.632580461972395,positive_spike,medium
M0061,2025-12-07 03:00:00,,19.96479818798093,,missing_reading,high
M0061,2026-01-02 05:00:00,18.180765768879436,10.753120221865291,69.07432813697034,positive_spike,medium
M0061,2026-01-18 02:00:00,1.4453617771235898,19.224686366359144,-92.48174066624672,negative_drop,medium
M0061,2026-01-25 02:00:00,17.51854294680528,1.4453617771235898,1112.0524580128913,positive_spike,high
M0061,2026-01-28 14:00:00,16.698241486145193,9.740684371618304,71.42780577922545,positive_spike,medium
M0062,2025-01-02 20:00:00,,,,missing_reading,high
M0062,2025-02-27 00:00:00,,19.523470451340213,,missing_reading,high
M0062,2025-03-08 13:00:00,,17.247215001548636,,missing_reading,high
M0062,2025-05-17 00:00:00,112.41866497595288,20.475535739912598,449.0389428825404,positive_spike,high
M0062,2025-05-24 00:00:00,22.066049491482296,112.41866497595288,-80.37154284281675,negative_drop,medium
M0062,2025-06-09 08:00:00,0.47699332432311814,11.312938173496537,-95.78364774024314,negative_drop,medium
M0062,2025-06-16 08:00:00,11.347475049145716,0.47699332432311814,2278.958880661162,positive_spike,high
M0062,2025-07-01 13:00:00,2.6751619728885707,15.399383636624156,-82.62812307288542,negative_drop,medium
M0062,2025-07-08 13:00:00,14.328000806946356,2.6751619728885707,435.5937678597963,positive_spike,high
M0062,2025-07-21 09:00:00,1.4369825286162412,11.427915783696616,-87.42568149945346,negative_drop,medium
M0062,2025-07-28 09:00:00,11.023953585723644,1.4369825286162412,667.1598899910973,positive_spike,high
M0062,2025-08-14 16:00:00,,17.883522779555985,,missing_reading,high
M0062,2025-09-27 17:00:00,,20.532656584293797,,missing_reading,high
M0062,2025-09-29 06:00:00,0.4509935547849048,10.992588367327391,-95.89729425214023,negative_drop,medium
M0062,2025-10-06 06:00:00,10.758482137689894,0.4509935547849048,2285.5068489439955,positive_spike,high
M0062,2025-10-20 22:00:00,81.8349335626832,18.863263199905465,333.83232633414843,positive_spike,high
M0062,2025-10-24 12:00:00,,12.4668338751353,,missing_reading,high
M0062,2025-10-27 22:00:00,17.105589375055285,81.8349335626832,-79.09744820413044,negative_drop,medium
M0062,2025-11-20 15:00:00,,16.173183114169632,,missing_reading,high
M0062,2025-12-04 00:00:00,86.57243224458252,16.742809607183517,417.0723091029987,positive_spike,high
M0062,2025-12-11 00:00:00,17.352237567007567,86.57243224458252,-79.95639360346905,negative_drop,medium
M0062,2026-01-08 14:00:00,,14.62570766095672,,missing_reading,high
M0062,2026-01-10 15:00:00,,20.052817579237296,,missing_reading,high
M0063,2025-01-27 16:00:00,22.51297237363005,13.152558612664748,71.16800644364399,positive_spike,medium
M0063,2025-03-01 13:00:00,18.254245572658775,11.381447793409244,60.38597113479204,positive_spike,medium
M0063,2025-03-08 18:00:00,24.605679745336875,15.022501281720224,63.79216272910367,positive_spike,medium
M0063,2025-03-28 04:00:00,69.44821156388326,17.53318106955153,296.09590118525836,positive_spike,high
M0063,2025-04-04 04:00:00,19.778857580489948,69.44821156388326,-71.51999002552284,negative_drop,medium
M0063,2025-04-11 14:00:00,22.855626289079723,14.206939274863469,60.87649737138311,positive_spike,medium
M0063,2025-04-20 08:00:00,18.772101844894024,11.641841604466027,61.24684120159045,positive_spike,medium
M0063,2025-04-27 07:00:00,,14.955083719865042,,missing_reading,high
M0063,2025-05-22 03:00:00,18.79604109608453,11.561868664866708,62.56923202388946,positive_spike,medium
M0063,2025-05-28 23:00:00,21.06927525159069,12.898251118455082,63.34986083070082,positive_spike,medium
M0063,2025-05-31 00:00:00,3.706270304507811,20.81790177719327,-82.19671538383298,negative_drop,medium
M0063,2025-06-01 12:00:00,,16.364536224102476,,missing_reading,high
M0063,2025-06-07 00:00:00,18.42564688790929,3.706270304507811,397.14795128403887,positive_spike,high
M0063,2025-07-06 19:00:00,23.470257804524092,14.495453371314762,61.91461697203404,positive_spike,medium
M0063,2025-07-11 21:00:00,2.290926363746019,19.257809705165815,-88.10391005612912,negative_drop,medium
M0063,2025-07-16 17:00:00,71.10973130282692,15.675463711256484,353.6371785401367,positive_spike,high
M0063,2025-07-18 21:00:00,17.471290089468187,2.290926363746019,662.6299284844724,positive_spike,high
M0063,2025-07-19 14:00:00,15.548761700815291,9.611808690845859,61.76728231829767,positive_spike,medium
M0063,2025-07-23 17:00:00,14.066275424958611,71.10973130282692,-80.21891636032744,negative_drop,medium
M0063,2025-08-10 17:00:00,17.11919318724409,10.18655236736591,68.05679262090571,positive_spike,medium
M0063,2025-08-17 23:00:00,20.703247890826685,12.580265947718551,64.56923865414186,positive_spike,medium
M0063,2025-08-23 16:00:00,,16.101163401289167,,missing_reading,high
M0063,2025-08-25 03:00:00,2.136027268736149,16.767091012225794,-87.26059715916938,negative_drop,medium
M0063,2025-08-31 15:00:00,18.009364237130992,11.029061435403294,63.29008903079387,positive_spike,medium
M0063,2025-09-01 03:00:00,16.150033823530272,2.136027268736149,656.0780735297436,positive_spike,high
M0063,2025-09-04 18:00:00,,15.060273164796556,,missing_reading,high
M0063,2025-09-11 20:00:00,,18.917720590013687,,missing_reading,high
M0063,2025-09-19 21:00:00,89.58328303001406,18.375892299851092,387.5043974367438,positive_spike,high
M0063,2025-09-26 21:00:00,15.071990879338415,89.58328303001406,-83.175442594252,negative_drop,medium
M0063,2025-10-03 21:00:00,24.148846121435202,15.071990879338415,60.223332901162266,positive_spike,medium
M0063,2025-10-04 12:00:00,17.37009200256974,10.723204109691064,61.986024185360534,positive_spike,medium
M0063,2025-10-18 13:00:00,,18.0301392883471,,missing_reading,high
M0063,2025-11-04 20:00:00,24.43355413079071,14.423602144023581,69.39980655882658,positive_spike,medium
M0063,2025-11-09 14:00:00,20.324453920849155,12.624510382878572,60.992017151122845,positive_spike,medium
M0063,2025-12-07 04:00:00,24.215838870749067,13.570335284667362,78.44687226047894,positive_spike,medium
M0063,2025-12-10 07:00:00,,15.518472478052399,,missing_reading,high
M0063,2025-12-21 05:00:00,1.1483128258439137,18.34983177221801,-93.74210706616678,negative_drop,medium
M0063,2025-12-25 19:00:00,,23.83339127198569,,missing_reading,high
M0063,2025-12-28 05:00:00,18.286155179022984,1.1483128258439137,1492.4367269506195,positive_spike,high
M0063,2026-01-20 18:00:00,,21.974412020025685,,missing_reading,high
M0063,2026-01-28 01:00:00,23.92951837214104,14.869475988212914,60.93047523066753,positive_spike,medium
M0064,2025-01-08 03:00:00,26.829041528970436,16.730351527056467,60.36149321538332,positive_spike,medium
M0064,2025-01-08 16:00:00,11.653976920813324,7.06949437917846,64.8488038287064,positive_spike,medium
M0064,2025-01-08 23:00:00,19.796575762901547,12.324132097312365,60.632615802769315,positive_spike,medium
M0064,2025-03-06 15:00:00,43.68764157958444,12.59970385372281,246.73546368057004,positive_spike,high
M0064,2025-03-13 15:00:00,11.450158407648818,43.68764157958444,-73.79085253025066,negative_drop,medium
M0064,2025-03-15 06:00:00,,15.137959718406114,,missing_reading,high
M0064,2025-04-08 22:00:00,,13.808315580205953,,missing_reading,high
M0064,2025-05-27 19:00:00,,12.751092551507371,,missing_reading,high
M0064,2025-06-28 13:00:00,,13.817299854116095,,missing_reading,high
M0064,2025-07-08 09:00:00,24.620821635451154,14.917581037135054,65.04567043518217,positive_spike,medium
M0064,2025-07-08 11:00:00,19.188832031239695,11.3128249835771,69.62016171112207,positive_spike,medium
M0064,2025-07-08 23:00:00,19.10224638422943,11.523962086235652,65.76110057707814,positive_spike,medium
M0064,2025-07-12 09:00:00,69.8415190644209,17.31980551561066,303.2465549423834,positive_spike,high
M0064,2025-07-19 09:00:00,17.911513651892182,69.8415190644209,-74.35406060488054,negative_drop,medium
M0064,2025-08-23 09:00:00,84.80486596958119,20.361452684558063,316.49712956824743,positive_spike,high
M0064,2025-08-25 01:00:00,,22.200953126157494,,missing_reading,high
M0064,2025-08-30 09:00:00,16.414657552890283,84.80486596958119,-80.64420317723504,negative_drop,medium
M0064,2025-09-26 02:00:00,,28.0165072809008,,missing_reading,high
M0064,2025-09-27 09:00:00,1.4715656894256142,17.614647498720508,-91.6457840582248,negative_drop,medium
M0064,2025-10-04 09:00:00,21.408940350994367,1.4715656894256142,1354.8409564611939,positive_spike,high
M0064,2025-10-05 14:00:00,,11.432930375277047,,missing_reading,high
M0064,2025-10-12 09:00:00,2.5607028635611537,21.518727140492274,-88.10011927358555,negative_drop,medium
M0064,2025-10-19 09:00:00,21.112132799907272,2.5607028635611537,724.4663252551981,positive_spike,high
M0064,2025-11-09 22:00:00,,15.019543791317515,,missing_reading,high
M0064,2025-11-13 12:00:00,,18.400139296427017,,missing_reading,high
M0064,2025-12-02 16:00:00,0.416881264665363,12.40799437397793,-96.64022039259102,negative_drop,medium
M0064,2025-12-09 16:00:00,10.897258281296994,0.416881264665363,2513.995687727629,positive_spike,high
M0064,2026-01-08 12:00:00,17.23901916207701,10.747518628724011,60.39999331570078,positive_spike,medium
M0064,2026-01-19 14:00:00,1.8958302489258707,11.665226251010106,-83.74801990007089,negative_drop,medium
M0064,2026-01-26 14:00:00,12.221360166576519,1.8958302489258707,544.6442224192187,positive_spike,high
M0065,2025-01-07 01:00:00,,,,missing_reading,high
M0065,2025-01-12 07:00:00,27.508704045756193,6.574918500707101,318.3885175580163,positive_spike,high
M0065,2025-01-19 07:00:00,6.304839172078431,27.508704045756193,-77.08056634877684,negative_drop,medium
M0065,2025-01-25 08:00:00,,7.88036533966033,,missing_reading,high
M0065,2025-02-03 14:00:00,,10.21469265664646,,missing_reading,high
M0065,2025-02-04 02:00:00,0.8901093863677167,6.802410319854435,-86.91479424918364,negative_drop,medium
M0065,2025-02-06 02:00:00,,7.829831641378519,,missing_reading,high
M0065,2025-02-11 02:00:00,6.354609906789857,0.8901093863677167,613.9133688637094,positive_spike,high
M0065,2025-02-24 08:00:00,,6.394202426834576,,missing_reading,high
M0065,2025-04-06 09:00:00,25.461139162749344,9.538597934489092,166.927480722177,positive_spike,high
M0065,2025-04-09 07:00:00,7.843007678632986,4.737433359442613,65.553942051773,positive_spike,medium
M0065,2025-04-13 09:00:00,7.726597978209727,25.461139162749344,-69.6533688896605,negative_drop,medium
M0065,2025-05-02 23:00:00,39.94828493904336,9.046213446037546,341.60228119027687,positive_spike,high
M0065,2025-05-09 23:00:00,8.320354643960576,39.94828493904336,-79.1721855978135,negative_drop,medium
M0065,2025-06-12 06:00:00,,5.489891549015017,,missing_reading,high
M0065,2025-06-18 03:00:00,5.908820913809639,3.584504160679982,64.84346645837714,positive_spike,medium
M0065,2025-07-12 10:00:00,7.38341665673863,3.876391062043919,90.47140854889778,positive_spike,medium
M0065,2025-07-29 02:00:00,0.18761710327689132,5.763563280747097,-96.74477238926798,negative_drop,medium
M0065,2025-08-05 02:00:00,5.13605560129383,0.18761710327689132,2637.519933731134,positive_spike,high
M0065,2025-09-01 23:00:00,,7.244806576270549,,missing_reading,high
M0065,2025-09-03 15:00:00,0.8768854377270989,9.269413195465416,-90.54001133366167,negative_drop,medium
M0065,2025-09-09 10:00:00,,6.259006193433542,,missing_reading,high
M0065,2025-09-10 15:00:00,9.347337929993635,0.8768854377270989,965.9702542469043,positive_spike,high
M0065,2025-11-09 11:00:00,10.154015456168182,6.020900891847196,68.64611523364499,positive_spike,medium
M0065,2025-12-15 07:00:00,0.36519135200259795,6.93000515667283,-94.73028744212463,negative_drop,medium
M0065,2025-12-22 07:00:00,6.164753504980509,0.36519135200259795,1588.0885790900802,positive_spike,high
M0065,2025-12-29 14:00:00,11.308707262966546,6.486352039815023,74.34618401145316,positive_spike,medium
M0065,2026-01-06 08:00:00,,6.919531815628163,,missing_reading,high
M0066,2025-01-04 12:00:00,,,,missing_reading,high
M0066,2025-01-08 09:00:00,7.658650897428181,4.766159016701903,60.68811113079124,positive_spike,medium
M0066,2025-01-18 19:00:00,55.79615736927478,10.03815386733275,455.84082597949293,positive_spike,high
M0066,2025-01-25 19:00:00,10.242864750911348,55.79615736927478,-81.6423473696922,negative_drop,medium
M0066,2025-02-08 03:00:00,31.94930142393526,6.19315158692937,415.88114670669734,positive_spike,high
M0066,2025-02-11 14:00:00,,10.987503849297,,missing_reading,high
M0066,2025-02-15 03:00:00,6.787358936115758,31.94930142393526,-78.75584556277366,negative_drop,medium
M0066,2025-03-15 10:00:00,,7.963262212007533,,missing_reading,high
M0066,2025-04-10 01:00:00,,9.205196023465408,,missing_reading,high
M0066,2025-05-10 18:00:00,1.7576384939611776,10.957774793359341,-83.95989580816767,negative_drop,medium
M0066,2025-05-17 18:00:00,11.075936485401733,1.7576384939611776,530.1600996710065,positive_spike,high
M0066,2025-06-11 16:00:00,,12.444552261839073,,missing_reading,high
M0066,2025-07-08 17:00:00,12.186258853815424,7.590323209692422,60.54993334479152,positive_spike,medium
M0066,2025-08-24 03:00:00,23.999176039962396,5.2915804590188165,353.5351248237924,positive_spike,high
M0066,2025-08-25 12:00:00,,8.338979962278191,,missing_reading,high
M0066,2025-08-31 03:00:00,5.260021296797911,23.999176039962396,-78.08249213206673,negative_drop,medium
M0066,2025-09-23 10:00:00,,7.1238727561132436,,missing_reading,high
M0066,2025-10-25 13:00:00,0.19337531490378193,7.18685836286206,-97.30932063580042,negative_drop,medium
M0066,2025-11-01 13:00:00,7.580559011657319,0.19337531490378193,3820.12755890233,positive_spike,high
M0066,2025-11-29 11:00:00,0.9551770983573115,6.951496930678794,-86.25940415593277,negative_drop,medium
M0066,2025-12-06 11:00:00,7.477201336695641,0.9551770983573115,682.8078530729784,positive_spike,high
M0066,2026-01-01 21:00:00,0.49571922916721173,7.8210993316465665,-93.66177044752034,negative_drop,medium
M0066,2026-01-05 06:00:00,,6.354134430453753,,missing_reading,high
M0066,2026-01-08 01:00:00,8.47953046171709,5.256444364481624,61.316849827503475,positive_spike,medium
M0066,2026-01-08 19:00:00,12.351119584399333,7.635845176948976,61.75183359773698,positive_spike,medium
M0066,2026-01-08 21:00:00,11.20311833094916,0.49571922916721173,2159.972515040408,positive_spike,high
M0066,2026-01-08 23:00:00,10.214011908069066,6.34144734435986,61.06751902865676,positive_spike,medium
M0066,2026-01-09 15:00:00,,10.781012890888938,,missing_reading,high
M0067,2025-01-03 07:00:00,,,,missing_reading,high
M0067,2025-02-02 17:00:00,2.67934043272623,17.00107026523593,-84.24016611351234,negative_drop,medium
M0067,2025-02-09 17:00:00,15.946534593525328,2.67934043272623,495.16642225638054,positive_spike,high
M0067,2025-03-09 03:00:00,,8.107822925659647,,missing_reading,high
M0067,2025-03-26 13:00:00,,12.548664122747978,,missing_reading,high
M0067,2025-04-16 00:00:00,0.6140178019950965,17.024203327729772,-96.39326557504775,negative_drop,medium
M0067,2025-04-23 00:00:00,17.528148588866365,0.6140178019950965,2754.664560524638,positive_spike,high
M0067,2025-07-08 00:00:00,22.33398038368224,13.591558188954357,64.32244245426332,positive_spike,medium
M0067,2025-07-08 04:00:00,11.001926225605015,6.728655369012597,63.50854104182635,positive_spike,medium
M0067,2025-07-08 20:00:00,28.121478932980526,15.034989945466714,87.04022440307381,positive_spike,medium
M0067,2025-08-10 15:00:00,89.5734187009867,17.176533815129904,421.48716187480267,positive_spike,high
M0067,2025-08-17 15:00:00,17.32652553273905,89.5734187009867,-80.65662136824506,negative_drop,medium
M0067,2025-08-21 20:00:00,,25.15603944416078,,missing_reading,high
M0067,2025-09-07 11:00:00,,9.231309478974323,,missing_reading,high
M0067,2025-09-22 12:00:00,2.1054871827471864,12.093406190812745,-82.5897919120032,negative_drop,medium
M0067,2025-09-29 12:00:00,12.755811493542552,2.1054871827471864,505.8365777795471,positive_spike,high
M0067,2025-10-16 05:00:00,,9.162968370361044,,missing_reading,high
M0067,2025-10-29 23:00:00,,20.403897865504746,,missing_reading,high
M0067,2025-11-06 21:00:00,0.6778325375016825,20.701954442091733,-96.72575582466023,negative_drop,medium
M0067,2025-11-13 21:00:00,20.25903777241964,0.6778325375016825,2888.796885892978,positive_spike,high
M0067,2025-11-21 16:00:00,109.89808599344708,21.685565728016968,406.7798893134834,positive_spike,high
M0067,2025-11-28 16:00:00,16.8369154816757,109.89808599344708,-84.67951891111221,negative_drop,medium
M0067,2025-11-29 16:00:00,,17.638358311046563,,missing_reading,high
M0067,2025-12-11 09:00:00,39.15396921910348,8.395112938043129,366.3900236728696,positive_spike,high
M0067,2025-12-18 09:00:00,7.399079701649691,39.15396921910348,-81.1026063277395,negative_drop,medium
M0067,2026-01-08 05:00:00,8.395337253103632,5.23183355276405,60.46644390413108,positive_spike,medium
M0067,2026-01-13 20:00:00,,18.91819106684502,,missing_reading,high
M0068,2025-01-30 08:00:00,,3.2720046293165246,,missing_reading,high
M0068,2025-01-31 07:00:00,,3.1601731225064635,,missing_reading,high
M0068,2025-05-08 02:00:00,0.2302879794889436,4.171702297532063,-94.47975998610497,negative_drop,medium
M0068,2025-05-15 02:00:00,4.244112510305699,0.2302879794889436,1742.958768288409,positive_spike,high
M0068,2025-05-31 13:00:00,,5.453293363503776,,missing_reading,high
M0068,2025-07-29 15:00:00,,7.1991800210640235,,missing_reading,high
M0068,2025-08-28 09:00:00,0.13369317077960577,4.5543677126584825,-97.06450644272712,negative_drop,medium
M0068,2025-09-03 17:00:00,33.724566333151536,6.950089835082518,385.23928659047505,positive_spike,high
M0068,2025-09-04 00:00:00,,5.228052232568234,,missing_reading,high
M0068,2025-09-04 09:00:00,4.256167587004271,0.13369317077960577,3083.5340295882397,positive_spike,high
M0068,2025-09-10 17:00:00,6.92750180828144,33.724566333151536,-79.4585889115744,negative_drop,medium
M0068,2025-09-11 20:00:00,,6.731301859619924,,missing_reading,high
M0068,2025-09-13 09:00:00,0.23581314363350167,3.7968962485220032,-93.78931821681208,negative_drop,medium
M0068,2025-09-20 09:00:00,3.6394433368328922,0.23581314363350167,1443.3589836236088,positive_spike,high
M0068,2025-10-04 05:00:00,0.37010019777675435,3.417915754420259,-89.1717577503741,negative_drop,medium
M0068,2025-10-11 05:00:00,2.9956674711657065,0.37010019777675435,709.4206620696548,positive_spike,high
M0068,2025-10-19 04:00:00,,3.085988972900305,,missing_reading,high
M0068,2025-11-01 11:00:00,,4.412847556349561,,missing_reading,high
M0068,2026-01-14 07:00:00,16.254162605854358,2.9887056975984367,443.852899899623,positive_spike,high
M0068,2026-01-19 19:00:00,,5.568453883925393,,missing_reading,high
M0068,2026-01-21 07:00:00,2.931179335782444,16.254162605854358,-81.96659276235674,negative_drop,medium
M0068,2026-01-30 09:00:00,16.564209598455637,3.533687235994278,368.7514341884008,positive_spike,high
M0069,2025-01-12 23:00:00,,5.525003396607222,,missing_reading,high
M0069,2025-01-19 15:00:00,,5.4521342496685765,,missing_reading,high
M0069,2025-03-01 12:00:00,,6.796968197743964,,missing_reading,high
M0069,2025-03-20 10:00:00,1.1516988251101539,8.410414251098107,-86.30627706643841,negative_drop,medium
M0069,2025-03-27 10:00:00,8.04774218298069,1.1516988251101539,598.7714155400797,positive_spike,high
M0069,2025-05-07 17:00:00,0.23466662621766884,3.44867482903055,-93.19545512837941,negative_drop,medium
M0069,2025-05-14 17:00:00,4.036832545475313,0.23466662621766884,1620.24143805216,positive_spike,high
M0069,2025-05-26 11:00:00,,7.7486272544114785,,missing_reading,high
M0069,2025-06-11 01:00:00,1.0111852712599994,6.821388409310823,-85.17625429626926,negative_drop,medium
M0069,2025-06-18 01:00:00,6.571580068260503,1.0111852712599994,549.8888240403173,positive_spike,high
M0069,2025-07-14 00:00:00,28.136581984072258,6.691793528992001,320.4639886477569,positive_spike,high
M0069,2025-07-14 21:00:00,19.85220050228058,4.740020598331412,318.82097536177326,positive_spike,high
M0069,2025-07-21 00:00:00,7.085502178005372,28.136581984072258,-74.81747362911253,negative_drop,medium
M0069,2025-07-21 21:00:00,4.687729079571541,19.85220050228058,-76.38685404656766,negative_drop,medium
M0069,2025-07-22 11:00:00,,9.2794976001588,,missing_reading,high
M0069,2025-08-24 01:00:00,0.5575559970769269,6.922219002871267,-91.94541523685312,negative_drop,medium
M0069,2025-08-31 01:00:00,8.014041657427102,0.5575559970769269,1337.3518892168586,positive_spike,high
M0069,2025-09-15 10:00:00,,11.406340509240236,,missing_reading,high
M0069,2025-09-26 05:00:00,,12.229242812501306,,missing_reading,high
M0069,2025-10-21 12:00:00,45.46675515287006,8.995251511721047,405.4528502468852,positive_spike,high
M0069,2025-10-28 12:00:00,9.12160391418567,45.46675515287006,-79.93786034759538,negative_drop,medium
M0069,2025-11-27 23:00:00,,6.214752033559816,,missing_reading,high
M0069,2025-12-22 16:00:00,,5.8143686410834485,,missing_reading,high
M0070,2025-01-16 21:00:00,,12.920576621467182,,missing_reading,high
M0070,2025-01-19 12:00:00,0.18354892560619052,6.977282480389386,-97.36933503664098,negative_drop,medium
M0070,2025-01-22 14:00:00,0.3931538058717302,8.22231312005323,-95.2184525190013,negative_drop,medium
M0070,2025-01-26 12:00:00,6.771830468987938,0.18354892560619052,3589.3871465731672,positive_spike,high
M0070,2025-01-29 11:00:00,,6.000411271583576,,missing_reading,high
M0070,2025-01-29 14:00:00,8.744427429071914,0.3931538058717302,2124.174686464782,positive_spike,high
M0070,2025-03-06 12:00:00,,6.962629824745422,,missing_reading,high
M0070,2025-03-30 00:00:00,47.419167042395635,8.378849909221893,465.93885266049887,positive_spike,high
M0070,2025-04-06 00:00:00,8.696702995975283,47.419167042395635,-81.65994145742819,negative_drop,medium
M0070,2025-06-01 14:00:00,0.36757157050512196,6.864500468034914,-94.64532674712825,negative_drop,medium
M0070,2025-06-08 14:00:00,7.657545939214831,0.36757157050512196,1983.2802517049195,positive_spike,high
M0070,2025-07-12 03:00:00,,6.204192045608236,,missing_reading,high
M0070,2025-07-12 05:00:00,,4.594369279980065,,missing_reading,high
M0070,2025-09-07 14:00:00,,7.223896703322885,,missing_reading,high
M0070,2025-09-23 17:00:00,,10.485361801700307,,missing_reading,high
M0070,2025-11-06 03:00:00,50.02392609747152,9.177614455391689,445.06458449105287,positive_spike,high
M0070,2025-11-08 12:00:00,,8.568643593420129,,missing_reading,high
M0070,2025-11-13 03:00:00,10.215342078545453,50.02392609747152,-79.57908769767315,negative_drop,medium
M0070,2025-11-18 06:00:00,35.69362451508985,7.522977114392263,374.46142627237447,positive_spike,high
M0070,2025-11-24 21:00:00,,15.296612126406536,,missing_reading,high
M0070,2025-11-25 06:00:00,6.818299777992227,35.69362451508985,-80.89770968731483,negative_drop,medium
M0070,2025-12-29 13:00:00,1.060574770696218,8.672956019644644,-87.77147297537347,negative_drop,medium
M0070,2026-01-05 13:00:00,8.170917976968173,1.060574770696218,670.4235667990051,positive_spike,high
M0071,2025-01-27 03:00:00,,3.6837548532680224,,missing_reading,high
M0071,2025-03-02 23:00:00,0.3350990750132204,4.25525345145051,-92.12505015655428,negative_drop,medium
M0071,2025-03-09 23:00:00,4.286943966767469,0.3350990750132204,1179.3064160497427,positive_spike,high
M0071,2025-03-16 07:00:00,,1.997560307079893,,missing_reading,high
M0071,2025-04-17 08:00:00,15.561477239542448,2.4196523923927638,543.1286282470476,positive_spike,high
M0071,2025-04-24 08:00:00,2.542484666705606,15.561477239542448,-83.66167538230218,negative_drop,medium
M0071,2025-04-27 15:00:00,30.538268931852162,5.745824372589596,431.48629250721103,positive_spike,high
M0071,2025-05-04 15:00:00,6.722711616979485,30.538268931852162,-77.98594402327916,negative_drop,medium
M0071,2025-05-08 02:00:00,19.018285130330522,4.519785491154379,320.778489765742,positive_spike,high
M0071,2025-05-15 02:00:00,4.420856720642337,19.018285130330522,-76.75470374775317,negative_drop,medium
M0071,2025-06-07 14:00:00,,5.648813202265509,,missing_reading,high
M0071,2025-06-25 18:00:00,0.8179940847200278,9.510594153128674,-91.39912741991063,negative_drop,medium
M0071,2025-07-02 18:00:00,8.645872410535565,0.8179940847200278,956.9602607205601,positive_spike,high
M0071,2025-07-08 10:00:00,4.824641168014285,2.771930155055088,74.0534897394773,positive_spike,medium
M0071,2025-07-11 16:00:00,,7.565107998833701,,missing_reading,high
M0071,2025-07-24 18:00:00,,9.463429735406727,,missing_reading,high
M0071,2025-08-20 19:00:00,12.510650492257295,7.580739126877229,65.03206722813147,positive_spike,medium
M0071,2025-09-06 16:00:00,,10.197288926765319,,missing_reading,high
M0071,2025-09-08 16:00:00,0.24297701554425954,10.757279273926093,-97.74127816748984,negative_drop,medium
M0071,2025-09-09 08:00:00,0.5218812111370926,4.5903312217817165,-88.63085938851867,negative_drop,medium
M0071,2025-09-15 16:00:00,11.423866856464285,0.24297701554425954,4601.624485293494,positive_spike,high
M0071,2025-09-16 08:00:00,4.416601020646248,0.5218812111370926,746.2847342258609,positive_spike,high
M0071,2025-10-08 06:00:00,,4.284995823591822,,missing_reading,high
M0071,2025-11-19 20:00:00,14.422999822596292,8.899232781386898,62.070148931968326,positive_spike,medium
M0071,2025-12-21 23:00:00,,8.930659172523141,,missing_reading,high
M0071,2025-12-22 15:00:00,,7.075913601195217,,missing_reading,high
M0072,2025-01-08 05:00:00,22.915653164880833,13.657585687240704,67.7869990322614,positive_spike,medium
M0072,2025-01-08 14:00:00,13.225498359901177,7.4866031862297895,76.65552762602692,positive_spike,medium
M0072,2025-01-13 17:00:00,51.43791637747803,9.380320597999344,448.359897085488,positive_spike,high
M0072,2025-01-19 11:00:00,15.050813027000816,8.017357727653618,87.72784673293638,positive_spike,medium
M0072,2025-01-20 17:00:00,9.571647170668706,51.43791637747803,-81.39184507314215,negative_drop,medium
M0072,2025-01-27 00:00:00,15.220490090586972,8.779317419628805,73.36757931268082,positive_spike,medium
M0072,2025-01-30 04:00:00,98.56306273538455,13.904979405040397,608.8328566646892,positive_spike,high
M0072,2025-02-06 04:00:00,21.1031363804265,98.56306273538455,-78.58920391193324,negative_drop,medium
M0072,2025-02-24 09:00:00,21.11701890391453,12.861449760815791,64.18848027732058,positive_spike,medium
M0072,2025-03-11 03:00:00,22.306936310940774,12.488295331769713,78.62274808790627,positive_spike,medium
M0072,2025-03-12 07:00:00,23.260109702501634,13.428498653373488,73.21452161488106,positive_spike,medium
M0072,2025-03-20 08:00:00,,21.561643718077868,,missing_reading,high
M0072,2025-03-21 05:00:00,,16.82010471555437,,missing_reading,high
M0072,2025-03-25 05:00:00,21.379168036460076,13.261432931231209,61.21310681375369,positive_spike,medium
M0072,2025-03-26 05:00:00,,15.67926609465109,,missing_reading,high
M0072,2025-04-01 11:00:00,20.088929286684166,11.484751158941183,74.9182808462019,positive_spike,medium
M0072,2025-04-05 08:00:00,,18.85504748757519,,missing_reading,high
M0072,2025-04-05 10:00:00,1.338641296296847,13.56753554345282,-90.13349703776656,negative_drop,medium
M0072,2025-04-12 10:00:00,15.317454982222554,1.338641296296847,1044.253880751776,positive_spike,high
M0072,2025-05-13 23:00:00,15.817063187615,9.178047433546096,72.33581872548469,positive_spike,medium
M0072,2025-06-01 08:00:00,,15.557053291477665,,missing_reading,high
M0072,2025-06-07 12:00:00,18.84171335953295,11.38000218046643,65.56862697156959,positive_spike,medium
M0072,2025-06-12 00:00:00,1.8159722982921116,17.875710606001782,-89.84111827318127,negative_drop,medium
M0072,2025-06-19 00:00:00,15.549025741073429,1.8159722982921116,756.236945668004,positive_spike,high
M0072,2025-06-30 04:00:00,,21.32164040157531,,missing_reading,high
M0072,2025-07-08 00:00:00,20.203052019021065,10.882586250191933,85.64568710553293,positive_spike,medium
M0072,2025-07-08 05:00:00,29.635784440814398,14.720920971469663,101.31746171486789,positive_spike,medium
M0072,2025-07-16 21:00:00,49.99524215759689,11.845916796502816,322.0462039067894,positive_spike,high
M0072,2025-07-23 21:00:00,11.165821761303674,49.99524215759689,-77.6662312663546,negative_drop,medium
M0072,2025-07-26 23:00:00,0.9871065459901873,12.13427631661421,-91.86513871751343,negative_drop,medium
M0072,2025-08-02 23:00:00,13.561903800678978,0.9871065459901873,1273.9047578774537,positive_spike,high
M0072,2025-08-03 00:00:00,18.18730638497624,11.163832299184971,62.91275162117963,positive_spike,medium
M0072,2025-08-03 16:00:00,,12.492770629967296,,missing_reading,high
M0072,2025-08-06 18:00:00,11.334787789680938,7.024596280619612,61.358565487284366,positive_spike,medium
M0072,2025-09-04 11:00:00,23.62412993812749,14.25825788635284,65.6873520343541,positive_spike,medium
M0072,2025-09-05 18:00:00,,10.799190129148391,,missing_reading,high
M0072,2025-09-15 19:00:00,12.400165280580607,7.431121225198534,66.86802576349194,positive_spike,medium
M0072,2025-09-18 03:00:00,0.5119539683654345,25.315389031372824,-97.9776966187208,negative_drop,medium
M0072,2025-09-20 05:00:00,27.446945382367815,15.948841650559412,72.0936603656423,positive_spike,medium
M0072,2025-09-25 03:00:00,25.960125634704752,0.5119539683654345,4970.7929303859455,positive_spike,high
M0072,2025-09-25 06:00:00,29.084512115589945,18.094546188346335,60.7363446026716,positive_spike,medium
M0072,2025-10-09 13:00:00,19.58262879921765,12.125131937383703,61.50445950069462,positive_spike,medium
M0072,2025-11-05 16:00:00,13.505816735595994,8.108335073148385,66.56707713426822,positive_spike,medium
M0072,2025-12-28 10:00:00,,17.75595587041179,,missing_reading,high
M0073,2025-02-06 11:00:00,3.2812452721700054,2.0492340699462916,60.120569938406476,positive_spike,medium
M0073,2025-02-18 16:00:00,,2.291683584817211,,missing_reading,high
M0073,2025-03-02 06:00:00,17.272937330360573,3.8212838444624584,352.0192174520437,positive_spike,high
M0073,2025-03-09 06:00:00,3.82932753474765,17.272937330360573,-77.8304786180353,negative_drop,medium
M0073,2025-03-12 09:00:00,0.38860222982952375,3.1622541372456525,-87.71122708790259,negative_drop,medium
M0073,2025-03-19 09:00:00,3.507377456344104,0.38860222982952375,802.5623599439349,positive_spike,high
M0073,2025-03-26 19:00:00,,2.114603177493412,,missing_reading,high
M0073,2025-04-06 04:00:00,,3.487036103135386,,missing_reading,high
M0073,2025-04-07 16:00:00,,2.4399542644662495,,missing_reading,high
M0073,2025-05-08 23:00:00,,2.0218531023295347,,missing_reading,high
M0073,2025-06-07 22:00:00,,2.6696961368703622,,missing_reading,high
M0073,2025-06-22 15:00:00,0.22688860138449196,2.1140954209718137,-89.26781643185268,negative_drop,medium
M0073,2025-06-29 15:00:00,2.5666440847124474,0.22688860138449196,1031.235359136856,positive_spike,high
M0073,2025-07-30 02:00:00,,2.4493324328537627,,missing_reading,high
M0073,2025-08-04 08:00:00,,2.924906774768573,,missing_reading,high
M0073,2025-08-12 23:00:00,11.895456981751384,2.447781173299038,385.9689710628455,positive_spike,high
M0073,2025-08-14 00:00:00,3.0699117080224005,1.8565816514229696,65.35290573778315,positive_spike,medium
M0073,2025-08-16 08:00:00,3.826334938048729,2.3489377438435906,62.89639638501694,positive_spike,medium
M0073,2025-08-19 23:00:00,2.482340166844273,11.895456981751384,-79.13203191224693,negative_drop,medium
M0073,2025-08-20 19:00:00,2.155683258580247,1.3110126295475264,64.42887047733812,positive_spike,medium
M0073,2025-09-12 04:00:00,,3.7097394490342355,,missing_reading,high
M0073,2025-11-01 13:00:00,15.574978996193114,3.1537943209834842,393.84891375339237,positive_spike,high
M0073,2025-11-08 13:00:00,3.2615399561512826,15.574978996193114,-79.05910526782426,negative_drop,medium
M0073,2025-11-10 12:00:00,0.3710408949929377,3.1741088958610737,-88.31039176139286,negative_drop,medium
M0073,2025-11-17 12:00:00,3.419958408660055,0.3710408949929377,821.72007312702,positive_spike,high
M0073,2025-11-30 10:00:00,4.112184186811916,2.5604346544562473,60.60492618528512,positive_spike,medium
M0073,2025-12-01 21:00:00,0.20214752310331632,2.4751230995975724,-91.83282952123943,negative_drop,medium
M0073,2025-12-08 21:00:00,2.4027328986019887,0.20214752310331632,1088.603679983735,positive_spike,high
M0074,2025-01-13 18:00:00,,1.9965719633064911,,missing_reading,high
M0074,2025-03-01 16:00:00,,1.6040821723181955,,missing_reading,high
M0074,2025-03-13 03:00:00,0.03872293976425548,1.453351801277947,-97.33561139634561,negative_drop,medium
M0074,2025-03-20 03:00:00,1.5114024693858652,0.03872293976425548,3803.119129351373,positive_spike,high
M0074,2025-03-29 05:00:00,,1.1685543411167443,,missing_reading,high
M0074,2025-04-10 03:00:00,,1.39872854885401,,missing_reading,high
M0074,2025-05-11 09:00:00,8.26059876476056,1.4215500711002385,481.0979811894418,positive_spike,high
M0074,2025-05-15 09:00:00,,1.8798106202232363,,missing_reading,high
M0074,2025-05-18 09:00:00,1.529901040799761,8.26059876476056,-81.47953817432378,negative_drop,medium
M0074,2025-07-23 13:00:00,,2.5010088668124317,,missing_reading,high
M0074,2025-08-31 14:00:00,10.959613210854354,1.9475465192558503,462.7394828567165,positive_spike,high
M0074,2025-09-07 14:00:00,2.0737114543407755,10.959613210854354,-81.07860729713543,negative_drop,medium
M0074,2025-09-16 14:00:00,,2.2663504390659357,,missing_reading,high
M0074,2025-09-29 10:00:00,0.2972842243579586,2.4638281878388377,-87.93405214595246,negative_drop,medium
M0074,2025-10-03 14:00:00,13.397021712567042,2.463741884057104,443.76725903225866,positive_spike,high
M0074,2025-10-06 10:00:00,2.0371815639370534,0.2972842243579586,585.263931625276,positive_spike,high
M0074,2025-10-10 14:00:00,2.691401918776959,13.397021712567042,-79.91044594447214,negative_drop,medium
M0074,2025-10-12 11:00:00,,1.6558065195990799,,missing_reading,high
M0074,2025-10-15 19:00:00,0.38621360912325553,2.217904546753655,-82.58655406570333,negative_drop,medium
M0074,2025-10-22 19:00:00,2.470140776467208,0.38621360912325553,539.5789061070843,positive_spike,high
M0074,2025-12-05 19:00:00,,2.237580162996625,,missing_reading,high
M0074,2026-01-08 10:00:00,0.30233609704703635,1.2763475168693281,-76.31239979307381,negative_drop,medium
M0074,2026-01-15 10:00:00,1.624573585291931,0.30233609704703635,437.3402650756538,positive_spike,high
M0075,2025-01-10 16:00:00,4.809383767703657,2.8086360798705114,71.23556170813654,positive_spike,medium
M0075,2025-01-27 10:00:00,,6.463848802645827,,missing_reading,high
M0075,2025-03-01 20:00:00,5.218607579771455,3.2567351141074257,60.24046773609712,positive_spike,medium
M0075,2025-03-15 07:00:00,0.4521174286220032,7.008998105187402,-93.54947138183147,negative_drop,medium
M0075,2025-03-22 07:00:00,8.282829822944866,0.4521174286220032,1732.0085222526998,positive_spike,high
M0075,2025-03-29 16:00:00,22.738017174592994,4.67810458526034,386.0519203917628,positive_spike,high
M0075,2025-04-05 16:00:00,5.038178334584956,22.738017174592994,-77.84249041638284,negative_drop,medium
M0075,2025-05-23 10:00:00,7.591045269664979,4.022392209245689,88.71966916146428,positive_spike,medium
M0075,2025-06-05 23:00:00,22.252942399996563,4.194519246946586,430.5242648772124,positive_spike,high
M0075,2025-06-12 23:00:00,4.524728623345629,22.252942399996563,-79.666829931909,negative_drop,medium
M0075,2025-06-21 01:00:00,,5.199559582819728,,missing_reading,high
M0075,2025-07-08 08:00:00,,7.00279012471984,,missing_reading,high
M0075,2025-07-10 00:00:00,,4.4858196291204155,,missing_reading,high
M0075,2025-07-16 11:00:00,,5.519211305451099,,missing_reading,high
M0075,2025-08-03 14:00:00,,5.670895943492149,,missing_reading,high
M0075,2025-08-19 17:00:00,0.6010473814609402,4.320639159264098,-86.08892436267898,negative_drop,medium
M0075,2025-08-24 10:00:00,8.613522537584819,5.299559304785315,62.53280777152758,positive_spike,medium
M0075,2025-08-26 17:00:00,3.658963636586062,0.6010473814609402,508.76459151895415,positive_spike,high
M0075,2025-09-02 06:00:00,28.068730454175203,7.201607371523088,289.7564669405029,positive_spike,high
M0075,2025-09-09 06:00:00,6.348249239618801,28.068730454175203,-77.38319782584074,negative_drop,medium
M0075,2025-09-27 02:00:00,7.418084397850624,3.789640637791317,95.74638090681972,positive_spike,medium
M0075,2025-10-02 10:00:00,,5.84330774026064,,missing_reading,high
M0075,2025-10-15 20:00:00,0.5071478976983141,3.5440603294378064,-85.69020133529264,negative_drop,medium
M0075,2025-10-22 20:00:00,3.219452242895902,0.5071478976983141,534.8152595145036,positive_spike,high
M0075,2025-11-14 12:00:00,0.6439009709141187,5.050405518712155,-87.25050951793051,negative_drop,medium
M0075,2025-11-21 12:00:00,4.424345313234448,0.6439009709141187,587.1158008899091,positive_spike,high
M0075,2025-11-29 12:00:00,6.143562294271099,3.7716323472509803,62.88868396064482,positive_spike,medium
M0075,2025-12-19 13:00:00,,4.636122188172421,,missing_reading,high
M0075,2026-01-09 14:00:00,5.260478810115002,3.2392227892117793,62.39941345297424,positive_spike,medium
M0075,2026-01-27 19:00:00,,2.8631052461871467,,missing_reading,high
M0076,2025-01-08 02:00:00,1.894989566644138,16.459777977469646,-88.48714989207008,negative_drop,medium
M0076,2025-01-15 02:00:00,15.583952373906001,1.894989566644138,722.3766847172582,positive_spike,high
M0076,2025-01-20 11:00:00,,15.10899920372782,,missing_reading,high
M0076,2025-02-17 04:00:00,,15.958585514777056,,missing_reading,high
M0076,2025-02-22 22:00:00,78.8420343277918,12.116486280397814,550.7004795222136,positive_spike,high
M0076,2025-03-01 22:00:00,13.948100049567746,78.8420343277918,-82.3088024446738,negative_drop,medium
M0076,2025-03-09 04:00:00,,17.690506801424625,,missing_reading,high
M0076,2025-03-15 21:00:00,1.6379418587982117,13.103231146355673,-87.4997102584597,negative_drop,medium
M0076,2025-03-22 21:00:00,14.32570187800313,1.6379418587982117,774.6160189418545,positive_spike,high
M0076,2025-05-03 03:00:00,,22.081442772574892,,missing_reading,high
M0076,2025-05-23 18:00:00,,15.02304942664,,missing_reading,high
M0076,2025-06-20 05:00:00,1.8281074140619302,20.36623537952169,-91.02383243640551,negative_drop,medium
M0076,2025-06-27 05:00:00,20.952288606869597,1.8281074140619302,1046.1191200092032,positive_spike,high
M0076,2025-08-11 16:00:00,,15.424117005200861,,missing_reading,high
M0076,2025-10-30 14:00:00,,15.7295209593863,,missing_reading,high
M0076,2025-11-20 08:00:00,,22.150226197598656,,missing_reading,high
M0076,2025-12-06 07:00:00,135.8075144371587,22.21521194476352,511.3266655966822,positive_spike,high
M0076,2025-12-13 07:00:00,20.43228868812363,135.8075144371587,-84.95496455199603,negative_drop,medium
M0076,2025-12-27 09:00:00,110.64829088053686,19.772968888996896,459.5937135273071,positive_spike,high
M0076,2026-01-03 09:00:00,21.866304933997213,110.64829088053686,-80.23800931764458,negative_drop,medium
M0076,2026-01-10 19:00:00,1.329118592110475,13.316307906489438,-90.01886557862817,negative_drop,medium
M0076,2026-01-12 17:00:00,,11.514878445055906,,missing_reading,high
M0076,2026-01-17 19:00:00,12.203390509364223,1.329118592110475,818.1566326588477,positive_spike,high
M0077,2025-01-24 16:00:00,11.639058568334596,1.7404532853946755,568.7372000159863,positive_spike,high
M0077,2025-01-26 21:00:00,8.585569724148588,1.2875805705403294,566.7986392918059,positive_spike,high
M0077,2025-01-31 16:00:00,2.0873875496442174,11.639058568334596,-82.06566675999727,negative_drop,medium
M0077,2025-02-02 21:00:00,1.486158363219215,8.585569724148588,-82.69004374818476,negative_drop,medium
M0077,2025-02-21 05:00:00,,2.713581736855791,,missing_reading,high
M0077,2025-02-23 20:00:00,,1.3872416172234407,,missing_reading,high
M0077,2025-04-25 09:00:00,,2.6095659481247253,,missing_reading,high
M0077,2025-05-29 10:00:00,0.4068243342581747,2.711031331632049,-84.99374280513146,negative_drop,medium
M0077,2025-06-05 10:00:00,3.4220260519089094,0.4068243342581747,741.1556939308498,positive_spike,high
M0077,2025-07-28 16:00:00,,1.5607800428536385,,missing_reading,high
M0077,2025-08-27 18:00:00,,1.5285537057546268,,missing_reading,high
M0077,2025-10-01 17:00:00,0.06373393697411953,2.0058230275435647,-96.82255432812677,negative_drop,medium
M0077,2025-10-06 15:00:00,0.14295893360749445,2.6743330605668945,-94.65440801987502,negative_drop,medium
M0077,2025-10-08 17:00:00,2.0711916654835005,0.06373393697411953,3149.7469383141206,positive_spike,high
M0077,2025-10-13 15:00:00,2.580837161735537,0.14295893360749445,1705.2996735562103,positive_spike,high
M0077,2025-10-21 09:00:00,,4.312489226343779,,missing_reading,high
M0077,2025-11-04 10:00:00,17.61601740087045,4.4765154440037,293.5207556240454,positive_spike,high
M0077,2025-11-11 10:00:00,3.9648687639938043,17.61601740087045,-77.49281989357088,negative_drop,medium
M0077,2025-12-03 16:00:00,,2.162772512580385,,missing_reading,high
M0077,2025-12-22 21:00:00,,1.5785443662687413,,missing_reading,high
M0077,2025-12-26 06:00:00,,3.6560817711089384,,missing_reading,high
M0077,2025-12-28 05:00:00,0.12204715408519885,4.003370481598619,-96.95138996887285,negative_drop,medium
M0077,2026-01-04 05:00:00,3.573482950528475,0.12204715408519885,2827.95270591389,positive_spike,high
M0078,2025-01-11 08:00:00,94.64897071135113,17.898215658157735,428.81791413777916,positive_spike,high
M0078,2025-01-18 08:00:00,17.216276715565183,94.64897071135113,-81.8103920347224,negative_drop,medium
M0078,2025-02-04 23:00:00,55.80956822636016,11.607373174658516,380.81135487402867,positive_spike,high
M0078,2025-02-11 23:00:00,13.345228515322004,55.80956822636016,-76.08792015520604,negative_drop,medium
M0078,2025-03-24 01:00:00,,15.852367746513183,,missing_reading,high
M0078,2025-06-22 00:00:00,,13.199882032197332,,missing_reading,high
M0078,2025-07-10 12:00:00,,10.137138562523441,,missing_reading,high
M0078,2025-07-19 05:00:00,87.74640694836468,17.474744090692877,402.13271503700463,positive_spike,high
M0078,2025-07-20 15:00:00,1.1089924299517386,7.046274222303416,-84.26129334504935,negative_drop,medium
M0078,2025-07-26 05:00:00,18.755386689286517,87.74640694836468,-78.62546474373211,negative_drop,medium
M0078,2025-07-27 15:00:00,6.097701877760779,1.1089924299517386,449.84161416017423,positive_spike,high
M0078,2025-08-17 23:00:00,,8.960125459186392,,missing_reading,high
M0078,2025-09-23 05:00:00,2.8366175894048054,18.68363551722044,-84.81763580331923,negative_drop,medium
M0078,2025-09-24 04:00:00,,19.025213639140407,,missing_reading,high
M0078,2025-09-27 06:00:00,1.1673629993621053,17.951718614684246,-93.49720756871034,negative_drop,medium
M0078,2025-09-28 13:00:00,,9.232373426093481,,missing_reading,high
M0078,2025-09-30 05:00:00,17.862265474496226,2.8366175894048054,529.7029793939967,positive_spike,high
M0078,2025-10-04 06:00:00,15.058183054117858,1.1673629993621053,1189.9315005140872,positive_spike,high
M0078,2025-10-10 20:00:00,1.216289613272241,6.765131280861043,-82.02119718336884,negative_drop,medium
M0078,2025-10-15 18:00:00,,5.261884579066872,,missing_reading,high
M0078,2025-10-17 20:00:00,7.881289812503633,1.216289613272241,547.9780577341469,positive_spike,high
M0078,2025-11-28 01:00:00,,16.09375444889672,,missing_reading,high
M0078,2025-12-31 15:00:00,,7.233138156129266,,missing_reading,high
M0079,2025-02-03 09:00:00,78.44992862346419,11.599799456718792,576.3041802246394,positive_spike,high
M0079,2025-02-09 17:00:00,,15.291730167481946,,missing_reading,high
M0079,2025-02-10 09:00:00,12.639274430986642,78.44992862346419,-83.88873686341854,negative_drop,medium
M0079,2025-04-18 13:00:00,,18.723936546709627,,missing_reading,high
M0079,2025-04-21 20:00:00,,20.72071539795842,,missing_reading,high
M0079,2025-06-03 19:00:00,2.9566780148996625,21.605369627592943,-86.31507784470584,negative_drop,medium
M0079,2025-06-10 19:00:00,20.13723762250802,2.9566780148996625,581.0764486707693,positive_spike,high
M0079,2025-06-16 07:00:00,60.44533246495179,12.366885674014258,388.7676174767402,positive_spike,high
M0079,2025-06-23 07:00:00,10.871781781063493,60.44533246495179,-82.01386056174427,negative_drop,medium
M0079,2025-07-16 16:00:00,0.4160039183659536,17.88836968752983,-97.67444476141416,negative_drop,medium
M0079,2025-07-23 16:00:00,17.58602772385475,0.4160039183659536,4127.370692307888,positive_spike,high
M0079,2025-08-20 05:00:00,,11.537961976473046,,missing_reading,high
M0079,2025-08-25 12:00:00,,15.17676215734773,,missing_reading,high
M0079,2025-08-27 12:00:00,,12.907258828568194,,missing_reading,high
M0079,2025-09-01 10:00:00,,12.01955676416971,,missing_reading,high
M0079,2025-09-11 05:00:00,52.04679227579417,11.351146686736264,358.51572279134126,positive_spike,high
M0079,2025-09-18 05:00:00,9.999300380064705,52.04679227579417,-80.78786426053165,negative_drop,medium
M0079,2025-09-20 10:00:00,1.269039022278948,9.009795559018972,-85.91489658154767,negative_drop,medium
M0079,2025-09-27 10:00:00,10.558110057830383,1.269039022278948,731.9767849904304,positive_spike,high
M0079,2025-10-07 00:00:00,,13.331272523363793,,missing_reading,high
M0079,2025-10-08 11:00:00,,12.732146847929721,,missing_reading,high
M0079,2025-12-13 18:00:00,1.6147499150766675,14.73802749955277,-89.04364973450032,negative_drop,medium
M0079,2025-12-20 18:00:00,13.699384145456804,1.6147499150766675,748.3904546176343,positive_spike,high
M0080,2025-02-14 04:00:00,0.3027019099831364,8.706628278086676,-96.5233164858434,negative_drop,medium
M0080,2025-02-21 04:00:00,8.774935829892641,0.3027019099831364,2798.8703210962544,positive_spike,high
M0080,2025-03-25 07:00:00,1.413246828936318,9.00709785653989,-84.30963167664282,negative_drop,medium
M0080,2025-04-01 07:00:00,9.76850502276724,1.413246828936318,591.2101143803392,positive_spike,high
M0080,2025-05-05 16:00:00,,12.681806968373394,,missing_reading,high
M0080,2025-06-30 15:00:00,,14.08772703236033,,missing_reading,high
M0080,2025-08-09 07:00:00,1.739559488704668,10.878305972302748,-84.00891192862419,negative_drop,medium
M0080,2025-08-16 07:00:00,10.743959748713166,1.739559488704668,517.6253136771693,positive_spike,high
M0080,2025-08-23 16:00:00,73.77409619715901,14.084119560908949,423.8104936422298,positive_spike,high
M0080,2025-08-23 17:00:00,,13.594349339783555,,missing_reading,high
M0080,2025-08-30 07:00:00,,10.326804337414114,,missing_reading,high
M0080,2025-08-30 16:00:00,13.408872273463526,73.77409619715901,-81.8244167469992,negative_drop,medium
M0080,2025-08-30 17:00:00,12.930622086299124,43.55316540866764,-70.31071802710862,negative_drop,medium
M0080,2025-08-31 05:00:00,1.2374954985111397,11.44260092889165,-89.18519044576166,negative_drop,medium
M0080,2025-09-01 08:00:00,,8.993825136551234,,missing_reading,high
M0080,2025-09-07 05:00:00,11.293202194867842,1.2374954985111397,812.5853151348803,positive_spike,high
M0080,2025-09-09 17:00:00,63.60967414280754,11.899015504418449,434.5793029615553,positive_spike,high
M0080,2025-09-16 17:00:00,11.79376341008993,63.60967414280754,-81.45916707007142,negative_drop,medium
M0080,2025-09-23 01:00:00,,10.922342846141452,,missing_reading,high
M0080,2025-10-02 00:00:00,,9.75135214062987,,missing_reading,high
M0080,2025-10-15 11:00:00,,8.021305725208801,,missing_reading,high
M0080,2025-11-07 09:00:00,,7.519673158539382,,missing_reading,high
M0080,2026-01-08 18:00:00,60.20920377206026,8.567352483667912,602.7749107654678,positive_spike,high
M0080,2026-01-15 18:00:00,9.982607428865903,60.20920377206026,-83.42013047264665,negative_drop,medium
M0081,2025-01-31 22:00:00,,6.552119158922646,,missing_reading,high
M0081,2025-02-23 19:00:00,,5.943818177097763,,missing_reading,high
M0081,2025-04-02 15:00:00,0.20856202775379562,6.859749424591285,-96.95962614893587,negative_drop,medium
M0081,2025-04-09 15:00:00,7.220383461083466,0.20856202775379562,3361.9837267822413,positive_spike,high
M0081,2025-05-26 20:00:00,0.7014778191474026,5.369731201094328,-86.93644443497573,negative_drop,medium
M0081,2025-06-02 20:00:00,5.115180871358631,0.7014778191474026,629.200657773581,positive_spike,high
M0081,2025-06-27 03:00:00,,11.453241040705937,,missing_reading,high
M0081,2025-07-12 13:00:00,47.224199877741036,10.514808901528266,349.12085725949123,positive_spike,high
M0081,2025-07-19 13:00:00,10.582738422271076,47.224199877741036,-77.59043361312891,negative_drop,medium
M0081,2025-08-10 00:00:00,,9.117724267309557,,missing_reading,high
M0081,2025-08-23 08:00:00,,15.016508304181233,,missing_reading,high
M0081,2025-08-25 20:00:00,22.08243566850186,4.983208201447602,343.13692657045715,positive_spike,high
M0081,2025-09-01 20:00:00,4.662483978034432,22.08243566850186,-78.88600674297471,negative_drop,medium
M0081,2025-09-03 18:00:00,,4.822195674875881,,missing_reading,high
M0081,2025-11-02 15:00:00,,7.580455254562195,,missing_reading,high
M0081,2025-11-07 03:00:00,1.1740484932521238,10.636291888628245,-88.96186278502422,negative_drop,medium
M0081,2025-11-11 15:00:00,,6.448233896449198,,missing_reading,high
M0081,2025-11-14 03:00:00,10.90455751377687,1.1740484932521238,828.799583360578,positive_spike,high
M0081,2026-01-08 13:00:00,0.5088891888477601,7.695707980886756,-93.38736357835238,negative_drop,medium
M0081,2026-01-15 13:00:00,8.468427770108907,0.5088891888477601,1564.1005459918172,positive_spike,high
M0081,2026-01-21 01:00:00,,9.23903957324522,,missing_reading,high
M0081,2026-01-25 00:00:00,44.004117772001614,9.41913068090881,367.17812145011936,positive_spike,high
M0082,2025-01-27 18:00:00,4.50573096548579,2.681023699859346,68.06009457216558,positive_spike,medium
M0082,2025-02-01 21:00:00,,2.524382266119734,,missing_reading,high
M0082,2025-03-12 22:00:00,3.8996917975475673,2.382105465689268,63.707772544788725,positive_spike,medium
M0082,2025-03-13 14:00:00,19.661090280592614,3.826505789497508,413.81315911126546,positive_spike,high
M0082,2025-03-20 14:00:00,3.882709400870068,19.661090280592614,-80.25181032456437,negative_drop,medium
M0082,2025-04-18 20:00:00,4.28242930816871,2.4737005279465647,73.11834071214687,positive_spike,medium
M0082,2025-04-23 07:00:00,3.1133186382767293,1.8288293243652545,70.23560355241418,positive_spike,medium
M0082,2025-04-25 20:00:00,,4.28242930816871,,missing_reading,high
M0082,2025-06-10 00:00:00,3.1406229152342044,1.8703988824667186,67.91193283286661,positive_spike,medium
M0082,2025-06-11 00:00:00,3.296453657152553,2.030100740776183,62.378821451599286,positive_spike,medium
M0082,2025-06-20 06:00:00,0.0877899015186626,2.4836247683323327,-96.46525100578657,negative_drop,medium
M0082,2025-06-20 13:00:00,0.3043892919172599,3.390529745828001,-91.02236774970618,negative_drop,medium
M0082,2025-06-27 06:00:00,2.5037974850643123,0.0877899015186626,2752.033595836816,positive_spike,high
M0082,2025-06-27 13:00:00,3.5747294576228685,0.3043892919172599,1074.3939594940034,positive_spike,high
M0082,2025-07-01 00:00:00,12.080967939276137,2.6051009026831675,363.7428027003922,positive_spike,high
M0082,2025-07-08 00:00:00,2.2262078315661906,12.080967939276137,-81.57260376191695,negative_drop,medium
M0082,2025-07-13 00:00:00,,2.332536996358166,,missing_reading,high
M0082,2025-07-28 19:00:00,3.992376454058982,2.4508315501903337,62.898851769267075,positive_spike,medium
M0082,2025-08-13 03:00:00,,2.4698865674378228,,missing_reading,high
M0082,2025-09-13 06:00:00,0.21519206692775333,1.5647932261252928,-86.24789120153547,negative_drop,medium
M0082,2025-09-14 17:00:00,,3.1902667598572116,,missing_reading,high
M0082,2025-09-20 06:00:00,1.6846076791938955,0.21519206692775333,682.8391182094416,positive_spike,high
M0082,2025-09-22 21:00:00,,2.732585255434463,,missing_reading,high
M0082,2025-10-17 16:00:00,3.8141336780895907,2.299363218311268,65.87782424782903,positive_spike,medium
M0082,2025-10-31 04:00:00,,2.4109103061803236,,missing_reading,high
M0082,2025-11-06 06:00:00,,2.267819635790996,,missing_reading,high
M0082,2025-11-27 18:00:00,0.5736250956000685,3.5037912622824696,-83.62844551343527,negative_drop,medium
M0082,2025-12-04 18:00:00,3.5825076152919193,0.5736250956000685,524.5381596396619,positive_spike,high
M0082,2025-12-14 19:00:00,2.9251055721243606,1.7353194111598178,68.56294889073692,positive_spike,medium
M0082,2026-01-01 14:00:00,4.269871306552107,2.642663853439289,61.574515086173086,positive_spike,medium
M0082,2026-01-05 06:00:00,2.69491257891943,1.6724766665410975,61.13304495260105,positive_spike,medium
M0082,2026-01-09 05:00:00,3.2551470155601088,1.9581938985295277,66.23210898596436,positive_spike,medium
M0082,2026-01-13 16:00:00,13.680008566901806,4.059905133116732,236.95389715670166,positive_spike,high
M0082,2026-01-19 10:00:00,3.7644319753971858,2.3281106604408444,61.694718355198965,positive_spike,medium
M0082,2026-01-20 16:00:00,3.678752920138138,13.680008566901806,-73.10854812592207,negative_drop,medium
M0082,2026-01-21 14:00:00,,3.8075897108228007,,missing_reading,high
M0083,2025-01-27 12:00:00,63.66613427215488,12.670093897275912,402.49141630941807,positive_spike,high
M0083,2025-02-02 11:00:00,,8.731984484927624,,missing_reading,high
M0083,2025-02-03 12:00:00,12.192205938647028,63.66613427215488,-80.84977817794187,negative_drop,medium
M0083,2025-02-09 00:00:00,,9.531431816275392,,missing_reading,high
M0083,2025-03-27 19:00:00,70.57934257660882,16.775273369790582,320.73438101885256,positive_spike,high
M0083,2025-03-28 17:00:00,,17.109084314436558,,missing_reading,high
M0083,2025-04-03 19:00:00,16.410426982194643,70.57934257660882,-76.74896593945701,negative_drop,medium
M0083,2025-04-16 18:00:00,82.41496019636776,16.25909052338067,406.88542558917754,positive_spike,high
M0083,2025-04-19 21:00:00,1.1313904930598464,10.798205175256935,-89.52242085886346,negative_drop,medium
M0083,2025-04-23 18:00:00,15.456253699658298,82.41496019636776,-81.24581548928602,negative_drop,medium
M0083,2025-04-26 21:00:00,10.051208204782979,1.1313904930598464,788.3942605527362,positive_spike,high
M0083,2025-05-16 09:00:00,0.48048430267189884,7.856130255827262,-93.88395702431868,negative_drop,medium
M0083,2025-05-23 07:00:00,0.886766157561226,6.11150670879396,-85.49022033657852,negative_drop,medium
M0083,2025-05-23 09:00:00,7.976669114784807,0.48048430267189884,1560.131053278491,positive_spike,high
M0083,2025-05-30 07:00:00,6.416582038505377,0.886766157561226,623.5934731826242,positive_spike,high
M0083,2025-07-09 05:00:00,0.21117724192783802,5.322465866625496,-96.03234201553036,negative_drop,medium
M0083,2025-07-16 05:00:00,5.553195320461491,0.21117724192783802,2529.637204163832,positive_spike,high
M0083,2025-07-18 03:00:00,,6.878096933103674,,missing_reading,high
M0083,2025-10-19 17:00:00,,11.401675084340578,,missing_reading,high
M0083,2025-10-20 10:00:00,,7.241685771054163,,missing_reading,high
M0083,2025-11-19 15:00:00,,13.230806264232042,,missing_reading,high
M0083,2026-01-07 06:00:00,,6.872486060973976,,missing_reading,high
M0083,2026-01-17 20:00:00,,12.861140532342558,,missing_reading,high
M0084,2025-01-17 14:00:00,,8.142078054162832,,missing_reading,high
M0084,2025-01-20 08:00:00,7.006907903033078,4.293354540376766,63.2035704747128,positive_spike,medium
M0084,2025-02-13 12:00:00,,7.422841407341654,,missing_reading,high
M0084,2025-03-22 15:00:00,,9.548676484774052,,missing_reading,high
M0084,2025-04-06 18:00:00,,10.554655446686525,,missing_reading,high
M0084,2025-04-26 20:00:00,54.857585820625154,9.079520121396662,504.19036564882526,positive_spike,high
M0084,2025-05-03 20:00:00,8.995328342081875,54.857585820625154,-83.60239845133715,negative_drop,medium
M0084,2025-06-04 10:00:00,,6.448940139905333,,missing_reading,high
M0084,2025-06-24 21:00:00,39.54367685810789,6.5855592624849795,500.4604207780916,positive_spike,high
M0084,2025-07-01 21:00:00,6.783052290351866,39.54367685810789,-82.84668288512707,negative_drop,medium
M0084,2025-07-26 07:00:00,16.896374145051986,4.8287040950269535,249.91529430128958,positive_spike,high
M0084,2025-08-02 07:00:00,4.259182213212398,16.896374145051986,-74.79233013753026,negative_drop,medium
M0084,2025-08-23 21:00:00,,6.746514871990156,,missing_reading,high
M0084,2025-09-07 11:00:00,,5.373375752920214,,missing_reading,high
M0084,2025-10-06 03:00:00,0.5319087438507102,5.02724954145301,-89.41948794336207,negative_drop,medium
M0084,2025-10-13 03:00:00,4.842953939589838,0.5319087438507102,810.4858672804786,positive_spike,high
M0084,2025-11-23 10:00:00,0.5253983730800996,6.7404251268213775,-92.20526356728682,negative_drop,medium
M0084,2025-11-30 10:00:00,6.53900113408261,0.5253983730800996,1144.57963121361,positive_spike,high
M0084,2025-12-01 02:00:00,1.213314221820059,6.403237281607629,-81.05154988859888,negative_drop,medium
M0084,2025-12-08 02:00:00,7.411030339566037,1.213314221820059,510.80882481118175,positive_spike,high
M0084,2025-12-26 15:00:00,0.29906184677693176,9.588888817934649,-96.8811626408935,negative_drop,medium
M0084,2025-12-30 19:00:00,,8.6823466195111,,missing_reading,high
M0084,2026-01-02 15:00:00,8.769200289894853,0.29906184677693176,2832.2363866881824,positive_spike,high
M0084,2026-01-14 07:00:00,,5.494965852671985,,missing_reading,high
M0085,2025-01-08 03:00:00,2.164764324733596,1.2705543933202381,70.37950804109933,positive_spike,medium
M0085,2025-01-08 05:00:00,2.558835501571043,1.4495151667014312,76.53043999491369,positive_spike,medium
M0085,2025-01-08 09:00:00,2.627309488978872,1.5061122606146955,74.44313798405557,positive_spike,medium
M0085,2025-01-08 11:00:00,2.3251003719014056,1.411387486795685,64.73862731914608,positive_spike,medium
M0085,2025-01-08 17:00:00,1.2583763594563744,0.7716650728272695,63.07286720207058,positive_spike,medium
M0085,2025-01-08 21:00:00,1.4610936414299596,0.7809532199696237,87.09105796206215,positive_spike,medium
M0085,2025-01-08 22:00:00,1.3842570562683274,0.8157838581612087,69.68429105577884,positive_spike,medium
M0085,2025-01-10 04:00:00,2.5021239301120226,1.551591300716456,61.26179161720312,positive_spike,medium
M0085,2025-02-01 05:00:00,0.36115141852900173,2.1936664913126402,-83.53663056990504,negative_drop,medium
M0085,2025-02-08 05:00:00,2.5388197370376435,0.36115141852900173,602.9793064024107,positive_spike,high
M0085,2025-02-13 05:00:00,,2.3303734638426343,,missing_reading,high
M0085,2025-03-26 16:00:00,7.066580840654833,1.4823337946751631,376.71994432289085,positive_spike,high
M0085,2025-04-02 16:00:00,1.3826160881336782,7.066580840654833,-80.43444037066224,negative_drop,medium
M0085,2025-04-14 14:00:00,1.9691925543320528,1.0904717778693431,80.581707321177,positive_spike,medium
M0085,2025-05-15 01:00:00,2.0902654054258973,1.2912222629983476,61.88269559201151,positive_spike,medium
M0085,2025-05-28 21:00:00,0.08591100812206037,1.0612552419057533,-91.90477420231296,negative_drop,medium
M0085,2025-06-04 15:00:00,,1.7418677418414967,,missing_reading,high
M0085,2025-06-04 21:00:00,1.1437681139901832,0.08591100812206037,1231.3405802026487,positive_spike,high
M0085,2025-06-13 05:00:00,0.2739654057012397,2.4189323519352564,-88.67411874986686,negative_drop,medium
M0085,2025-06-20 05:00:00,2.4871384449654403,0.2739654057012397,807.8293803552972,positive_spike,high
M0085,2025-07-01 06:00:00,,2.278226911607097,,missing_reading,high
M0085,2025-07-08 01:00:00,1.942173152051599,1.1008168260911635,76.43018402507222,positive_spike,medium
M0085,2025-07-08 23:00:00,1.6185221573422763,0.8777064954499489,84.40357519657576,positive_spike,medium
M0085,2025-07-09 15:00:00,,1.464366980094884,,missing_reading,high
M0085,2025-07-22 15:00:00,,1.5089908122831517,,missing_reading,high
M0085,2025-08-02 15:00:00,0.13343375003150487,1.6600227553523792,-91.96193247343888,negative_drop,medium
M0085,2025-08-08 10:00:00,,1.6434003749822286,,missing_reading,high
M0085,2025-08-09 15:00:00,1.7413809514038763,0.13343375003150487,1205.052845320409,positive_spike,high
M0085,2025-08-16 11:00:00,,2.0511505215790082,,missing_reading,high
M0085,2025-09-18 23:00:00,,1.5018299330366305,,missing_reading,high
M0085,2025-09-21 14:00:00,1.9240964025487513,1.185584736053158,62.29092227976194,positive_spike,medium
M0085,2025-11-14 06:00:00,11.8481702552511,2.089095439172904,467.1435604656684,positive_spike,high
M0085,2025-11-17 15:00:00,7.758825662303212,1.6748332859873316,363.2595809516231,positive_spike,high
M0085,2025-11-21 06:00:00,2.627940556378112,11.8481702552511,-77.81986163464008,negative_drop,medium
M0085,2025-11-22 01:00:00,,1.5381030878411464,,missing_reading,high
M0085,2025-11-24 15:00:00,1.65910230860406,7.758825662303212,-78.61657961120429,negative_drop,medium
M0085,2026-01-08 01:00:00,1.8148236174722636,1.0672778391838076,70.0422842902965,positive_spike,medium
M0085,2026-01-08 07:00:00,2.375202460802026,1.4217665972915605,67.05994256207339,positive_spike,medium
M0085,2026-01-08 12:00:00,2.0514420580002457,1.2636866108425793,62.337880325599116,positive_spike,medium
M0085,2026-01-08 13:00:00,1.9819317643673129,1.1993355702225916,65.25247925394848,positive_spike,medium
M0085,2026-01-08 14:00:00,1.712516662505893,0.9696170312755789,76.61784057701556,positive_spike,medium
M0085,2026-01-08 15:00:00,1.715957481526037,1.0531707636427334,62.93250256879903,positive_spike,medium
M0085,2026-01-08 17:00:00,1.4966924484841617,0.9188920938639374,62.88010947951202,positive_spike,medium
M0085,2026-01-08 23:00:00,1.6494010527089569,0.8734180247970756,88.84440278092133,positive_spike,medium
M0085,2026-01-16 18:00:00,1.6195318001268406,0.9986143126541596,62.177907887418534,positive_spike,medium
M0086,2025-05-29 07:00:00,,2.919173587439643,,missing_reading,high
M0086,2025-06-08 04:00:00,0.25472178961104835,2.9604819936614972,-91.39593518364856,negative_drop,medium
M0086,2025-06-10 07:00:00,,3.092409181719529,,missing_reading,high
M0086,2025-06-15 04:00:00,2.972121501769709,0.25472178961104835,1066.8108591369582,positive_spike,high
M0086,2025-07-22 12:00:00,,2.477536130693096,,missing_reading,high
M0086,2025-07-23 10:00:00,,2.5397647436782775,,missing_reading,high
M0086,2025-07-28 16:00:00,0.1712052855007528,1.728291991003804,-90.09396060434698,negative_drop,medium
M0086,2025-08-04 16:00:00,1.7385431839554113,0.1712052855007528,915.4728452865239,positive_spike,high
M0086,2025-08-31 22:00:00,9.763484371753787,2.236683407272435,336.516153337054,positive_spike,high
M0086,2025-09-07 22:00:00,2.3685269598692344,9.763484371753787,-75.74096634269736,negative_drop,medium
M0086,2025-09-15 03:00:00,,2.9787761045600876,,missing_reading,high
M0086,2025-10-03 14:00:00,11.32431834262197,2.2579791970264247,401.5244762899135,positive_spike,high
M0086,2025-10-08 08:00:00,19.193468219624844,3.734317085670997,413.9753207694222,positive_spike,high
M0086,2025-10-08 20:00:00,0.32312197714979923,1.6624401958907402,-80.56339241865662,negative_drop,medium
M0086,2025-10-10 14:00:00,2.8184896960183963,11.32431834262197,-75.11117569513841,negative_drop,medium
M0086,2025-10-13 21:00:00,,2.0627136001473945,,missing_reading,high
M0086,2025-10-15 08:00:00,3.7716535954596986,19.193468219624844,-80.3492857450157,negative_drop,medium
M0086,2025-10-15 20:00:00,1.9002111059838496,0.32312197714979923,488.0785710539622,positive_spike,high
M0086,2025-11-11 20:00:00,,1.9423957530732603,,missing_reading,high
M0086,2025-11-17 23:00:00,,2.6783815094500567,,missing_reading,high
M0086,2025-11-19 21:00:00,,2.046023946302459,,missing_reading,high
M0086,2025-12-12 21:00:00,0.0848255194982784,2.047201450402452,-95.85651331569726,negative_drop,medium
M0086,2025-12-19 21:00:00,1.863957217732597,0.0848255194982784,2097.4014762979755,positive_spike,high
M0087,2025-01-08 04:00:00,3.0616465961174657,1.8297445729171293,67.3264477148489,positive_spike,medium
M0087,2025-01-08 05:00:00,3.184329329294844,1.968023518779824,61.80341845046294,positive_spike,medium
M0087,2025-01-08 06:00:00,3.135287305121681,1.6039232104835144,95.47614777496274,positive_spike,medium
M0087,2025-01-08 07:00:00,3.4498588661713505,1.9280628373459503,78.92875685111014,positive_spike,medium
M0087,2025-01-08 08:00:00,3.088065022499939,1.908383937843515,61.81571020711223,positive_spike,medium
M0087,2025-01-08 09:00:00,2.662887969105027,1.5981065654485889,66.62768470371397,positive_spike,medium
M0087,2025-01-08 10:00:00,2.8223167848483626,1.4440713792833195,95.44163988964691,positive_spike,medium
M0087,2025-01-08 11:00:00,2.5858579707504497,1.5169370507263065,70.46574012496734,positive_spike,medium
M0087,2025-01-08 18:00:00,1.519324374455776,0.9371080368733963,62.129051792673664,positive_spike,medium
M0087,2025-01-08 19:00:00,1.6267291783989704,1.0056407356707409,61.76046978784891,positive_spike,medium
M0087,2025-01-08 20:00:00,1.695081912821018,0.9737885328647499,74.07084347505342,positive_spike,medium
M0087,2025-01-08 21:00:00,1.5086355024234244,0.9032467093106318,67.02363671768394,positive_spike,medium
M0087,2025-03-11 06:00:00,20.94986994523544,3.3048251338304664,533.9176536385585,positive_spike,high
M0087,2025-03-18 06:00:00,3.783353896037696,20.94986994523544,-81.94091941416501,negative_drop,medium
M0087,2025-04-11 03:00:00,,3.11586539808282,,missing_reading,high
M0087,2025-04-11 08:00:00,,3.394182054910077,,missing_reading,high
M0087,2025-04-11 20:00:00,,1.96510822327406,,missing_reading,high
M0087,2025-04-15 09:00:00,,3.2370055788773606,,missing_reading,high
M0087,2025-05-10 06:00:00,0.22569584809958732,2.536350000249975,-91.10154954650015,negative_drop,medium
M0087,2025-05-17 06:00:00,2.45523570024639,0.22569584809958732,987.8515138493055,positive_spike,high
M0087,2025-05-28 03:00:00,,3.3164175737984825,,missing_reading,high
M0087,2025-06-22 12:00:00,8.815981593062716,1.9014405922483508,363.6474906974766,positive_spike,high
M0087,2025-06-29 12:00:00,2.077147855816471,8.815981593062716,-76.43883628964271,negative_drop,medium
M0087,2025-07-08 03:00:00,3.127786774897723,1.8537520950868218,68.72734942215834,positive_spike,medium
M0087,2025-07-08 06:00:00,3.852379410452505,2.1716643642543936,77.39294680442748,positive_spike,medium
M0087,2025-07-08 07:00:00,3.915869875494015,2.268488074283404,72.62025398705279,positive_spike,medium
M0087,2025-07-08 08:00:00,3.4336226108835026,1.7948295891256567,91.30632967535244,positive_spike,medium
M0087,2025-07-08 12:00:00,2.519701190810635,1.506468511169244,67.25880243291454,positive_spike,medium
M0087,2025-07-08 15:00:00,2.0068233506907625,1.1905699816840287,68.55988153272314,positive_spike,medium
M0087,2025-07-08 18:00:00,1.858783826155675,1.0737211370326858,73.11606915856875,positive_spike,medium
M0087,2025-07-08 22:00:00,2.350591205011613,1.3804015128829648,70.28315189994322,positive_spike,medium
M0087,2025-07-28 23:00:00,0.3870575054960213,1.9789701969207791,-80.44146869425968,negative_drop,medium
M0087,2025-08-04 23:00:00,1.908073467942685,0.3870575054960213,392.9689880312368,positive_spike,high
M0087,2025-08-12 17:00:00,,1.6367269692863728,,missing_reading,high
M0087,2025-09-03 13:00:00,0.12017711976798368,2.095537369722812,-94.2650929778513,negative_drop,medium
M0087,2025-09-10 13:00:00,2.0252242381417473,0.12017711976798368,1585.199513893897,positive_spike,high
M0087,2025-10-24 10:00:00,0.2104610157757704,2.3332291220837185,-90.97983932294589,negative_drop,medium
M0087,2025-10-31 10:00:00,2.2127619283260884,0.2104610157757704,951.3880303056276,positive_spike,high
M0087,2025-11-02 06:00:00,,2.2923900859067046,,missing_reading,high
M0087,2025-12-20 15:00:00,6.110705985413572,1.458674737537694,318.92176700946425,positive_spike,high
M0087,2025-12-21 13:00:00,1.6863638315570941,1.0189322720793221,65.50303467332063,positive_spike,medium
M0087,2025-12-27 15:00:00,1.4951610653087943,6.110705985413572,-75.53210596487891,negative_drop,medium
M0087,2026-01-08 00:00:00,2.349589676444323,1.1622331628470521,102.16164462978115,positive_spike,medium
M0087,2026-01-08 02:00:00,2.7581558385483387,1.6270331156436972,69.52057164842275,positive_spike,medium
M0087,2026-01-08 04:00:00,3.0465341439965177,1.79883203526025,69.36179055515616,positive_spike,medium
M0087,2026-01-08 09:00:00,3.057306334910001,1.6388680109340965,86.54988165687884,positive_spike,medium
M0087,2026-01-08 10:00:00,2.7276866055470266,1.574112931731391,73.28404783173987,positive_spike,medium
M0087,2026-01-08 12:00:00,2.4219393591444986,1.3139176445733596,84.32961678742987,positive_spike,medium
M0087,2026-01-08 13:00:00,2.038028353974394,1.2684832068184335,60.66656168717499,positive_spike,medium
M0087,2026-01-08 15:00:00,1.852947167434908,1.0687740590168877,73.37127073792774,positive_spike,medium
M0087,2026-01-08 16:00:00,1.7145143106406657,0.9610931668595051,78.39210284295962,positive_spike,medium
M0087,2026-01-08 17:00:00,1.61892952140906,0.9057664149894887,78.73587435098787,positive_spike,medium
M0087,2026-01-08 19:00:00,1.6366979495412646,0.9249240421865605,76.9548497919937,positive_spike,medium
M0087,2026-01-08 20:00:00,1.7064596350575365,1.0102855438159979,68.90864622411463,positive_spike,medium
M0087,2026-01-08 22:00:00,2.0932613485245293,1.1104259948867334,88.5097573511009,positive_spike,medium
M0087,2026-01-11 09:00:00,,1.8001128215799969,,missing_reading,high
M0087,2026-01-20 23:00:00,,2.083830412244234,,missing_reading,high
M0088,2025-01-11 07:00:00,14.044740508156655,8.741190438659988,60.67308688345765,positive_spike,medium
M0088,2025-01-20 11:00:00,13.305903689049446,7.720737910618953,72.3397924277259,positive_spike,medium
M0088,2025-01-22 14:00:00,10.306310702366988,6.264209692330542,64.52691095231549,positive_spike,medium
M0088,2025-01-23 12:00:00,14.465117570477657,8.344543729032688,73.34821459620387,positive_spike,medium
M0088,2025-01-24 14:00:00,12.882799629969645,7.052510529016734,82.66969722292316,positive_spike,medium
M0088,2025-01-25 15:00:00,10.494817074612003,6.531673331756023,60.67578002696131,positive_spike,medium
M0088,2025-01-26 10:00:00,11.826968195940797,7.345079138930803,61.01893488464722,positive_spike,medium
M0088,2025-01-30 15:00:00,0.21497202198972812,9.781402179656506,-97.80223716353437,negative_drop,medium
M0088,2025-02-06 15:00:00,8.483827221854689,0.21497202198972812,3846.479706210358,positive_spike,high
M0088,2025-02-11 03:00:00,1.514769143512276,11.338675061845398,-86.64068654185647,negative_drop,medium
M0088,2025-02-11 21:00:00,7.494903562679146,4.444067632834649,68.64962871635058,positive_spike,medium
M0088,2025-02-18 03:00:00,11.039495763497053,1.514769143512276,628.7906418465795,positive_spike,high
M0088,2025-02-19 04:00:00,,11.181230308161332,,missing_reading,high
M0088,2025-02-19 19:00:00,9.472081111117909,5.831363967987402,62.43337173116018,positive_spike,medium
M0088,2025-03-01 21:00:00,6.238977790408063,3.792511187091674,64.50782826015833,positive_spike,medium
M0088,2025-03-03 23:00:00,,7.0440118337437365,,missing_reading,high
M0088,2025-03-14 00:00:00,12.200387262576292,7.110311962136169,71.58722890846127,positive_spike,medium
M0088,2025-03-22 02:00:00,11.116501326581846,6.772393214276817,64.14435746505764,positive_spike,medium
M0088,2025-04-01 09:00:00,16.67128923244292,9.883318999768061,68.68108003833689,positive_spike,medium
M0088,2025-04-13 16:00:00,9.467723396882358,5.647998216503549,67.62971647578617,positive_spike,medium
M0088,2025-04-18 01:00:00,11.306842980664712,6.993092052322765,61.6858879600924,positive_spike,medium
M0088,2025-04-23 01:00:00,12.454946314388247,7.168043670532047,73.75656297394991,positive_spike,medium
M0088,2025-04-25 21:00:00,8.552521756452244,5.3101619971183,61.05952626480126,positive_spike,medium
M0088,2025-05-15 03:00:00,,10.383439701134254,,missing_reading,high
M0088,2025-05-23 02:00:00,12.871927436242766,7.922506789342462,62.472911396660194,positive_spike,medium
M0088,2025-05-31 18:00:00,10.463377007484121,6.356302964297058,64.61419580306718,positive_spike,medium
M0088,2025-06-17 20:00:00,8.083265117627509,4.85557606213929,66.47386456687798,positive_spike,medium
M0088,2025-06-23 18:00:00,0.7357785160236617,7.722185002165724,-90.47188696182093,negative_drop,medium
M0088,2025-06-28 20:00:00,7.275675236671073,4.547093704119665,60.00715424182515,positive_spike,medium
M0088,2025-06-30 13:00:00,36.19083859783979,9.226141985236904,292.2640542032641,positive_spike,high
M0088,2025-06-30 18:00:00,7.48807476681419,0.7357785160236617,917.7077209703937,positive_spike,high
M0088,2025-07-07 13:00:00,8.894131504591142,36.19083859783979,-75.42435641399581,negative_drop,medium
M0088,2025-07-21 06:00:00,12.7490791549043,7.690164794582012,65.78421263334263,positive_spike,medium
M0088,2025-07-21 12:00:00,12.950140870398085,7.727789348107894,67.57885453449704,positive_spike,medium
M0088,2025-08-22 04:00:00,62.261140051422224,10.25070222699772,507.3841447412486,positive_spike,high
M0088,2025-08-29 04:00:00,10.762469666820667,62.261140051422224,-82.71398554871978,negative_drop,medium
M0088,2025-09-06 11:00:00,11.993926751103306,6.7018980975103855,78.96313218428071,positive_spike,medium
M0088,2025-09-16 21:00:00,,6.597060856938952,,missing_reading,high
M0088,2025-09-18 15:00:00,8.839196376802569,5.254844365575014,68.21043140133676,positive_spike,medium
M0088,2025-09-19 01:00:00,10.047729542340942,6.129752035288183,63.91738987967987,positive_spike,medium
M0088,2025-10-03 18:00:00,7.925066510714052,4.749607994438891,66.85727580030112,positive_spike,medium
M0088,2025-10-13 06:00:00,12.164306978389916,7.453178392531727,63.20965818527648,positive_spike,medium
M0088,2025-10-18 08:00:00,11.210931138706673,6.9248550168413034,61.89409181046531,positive_spike,medium
M0088,2025-10-27 23:00:00,7.552703748376321,4.688789993468811,61.080017635610915,positive_spike,medium
M0088,2025-11-03 15:00:00,10.936658462063084,6.69769254680646,63.28994479267064,positive_spike,medium
M0088,2025-11-08 04:00:00,,7.643772560446286,,missing_reading,high
M0088,2025-11-10 10:00:00,12.878381893394105,7.678259265230997,67.72528054256402,positive_spike,medium
M0088,2025-12-05 07:00:00,,11.183410552842373,,missing_reading,high
M0088,2025-12-09 20:00:00,36.35412327336103,6.412817627207931,466.8978191289873,positive_spike,high
M0088,2025-12-13 14:00:00,11.63065088192126,7.234423352963969,60.76818171217672,positive_spike,medium
M0088,2025-12-16 18:00:00,,8.338194807506401,,missing_reading,high
M0088,2025-12-16 20:00:00,8.613823244989543,36.35412327336103,-76.30578743374224,negative_drop,medium
M0088,2025-12-17 00:00:00,9.352066011152386,5.385395974385224,73.65605158161061,positive_spike,medium
M0088,2025-12-18 11:00:00,14.137500305555161,8.360436166728652,69.10003286451753,positive_spike,medium
M0088,2025-12-20 19:00:00,9.043558674855769,5.628581170002201,60.67208416667875,positive_spike,medium
M0088,2025-12-28 20:00:00,7.486885193782973,4.601668084526954,62.69937458022062,positive_spike,medium
M0088,2026-01-04 15:00:00,12.54608078977329,7.748050018180302,61.92565562089452,positive_spike,medium
M0088,2026-01-07 19:00:00,7.576041356284121,4.560783073179956,66.11273184281947,positive_spike,medium
M0088,2026-01-10 17:00:00,,7.092496891539467,,missing_reading,high
M0088,2026-01-17 03:00:00,10.527893135817312,6.087612677335471,72.93960200545047,positive_spike,medium
M0088,2026-01-18 11:00:00,12.587274706730806,7.473061623539712,68.43531260443001,positive_spike,medium
M0088,2026-01-21 06:00:00,1.8323303075305746,11.62885570032999,-84.2432449524799,negative_drop,medium
M0088,2026-01-28 06:00:00,13.291986486758667,1.8323303075305746,625.4143225231171,positive_spike,high
M0088,2026-01-29 11:00:00,13.662743524298197,7.71211473820272,77.15949500360064,positive_spike,medium
M0088,2026-01-30 10:00:00,,13.550926291836882,,missing_reading,high
M0089,2025-02-03 05:00:00,,14.165368149277395,,missing_reading,high
M0089,2025-02-10 19:00:00,29.139874287431525,16.715566846159106,74.3277661811826,positive_spike,medium
M0089,2025-03-02 20:00:00,,19.96558978444655,,missing_reading,high
M0089,2025-03-24 11:00:00,22.933083142559667,13.794805713311815,66.24433586933036,positive_spike,medium
M0089,2025-03-24 15:00:00,156.7746113419455,27.49988450576776,470.09189005526173,positive_spike,high
M0089,2025-03-31 15:00:00,25.01408651279123,156.7746113419455,-84.04455523845483,negative_drop,medium
M0089,2025-04-08 10:00:00,22.45533371645558,13.8207074571275,62.47600773052396,positive_spike,medium
M0089,2025-04-19 12:00:00,,20.594071711701567,,missing_reading,high
M0089,2025-04-26 16:00:00,3.5967009064024453,24.07880715029068,-85.06279449827719,negative_drop,medium
M0089,2025-05-03 16:00:00,23.856335885572694,3.5967009064024453,563.2838400075555,positive_spike,high
M0089,2025-05-08 20:00:00,30.696784249965106,18.378456270669744,67.02591228488669,positive_spike,medium
M0089,2025-05-28 18:00:00,36.93695653000505,22.669357877503217,62.937815572891964,positive_spike,medium
M0089,2025-05-29 04:00:00,15.2397076415564,9.509843740466314,60.2519248208922,positive_spike,medium
M0089,2025-06-04 14:00:00,,23.57211442902965,,missing_reading,high
M0089,2025-06-11 02:00:00,,13.86874029384701,,missing_reading,high
M0089,2025-06-26 08:00:00,15.479990132327357,9.547356625488419,62.139016479186346,positive_spike,medium
M0089,2025-08-18 00:00:00,20.198623016633558,12.10015458772415,66.92863607813297,positive_spike,medium
M0089,2025-08-23 00:00:00,,12.146555186437608,,missing_reading,high
M0089,2025-08-23 11:00:00,18.488763051187483,10.568198819181962,74.94715388613986,positive_spike,medium
M0089,2025-09-07 02:00:00,17.793571645395915,10.867453224732662,63.73267294033956,positive_spike,medium
M0089,2025-09-14 00:00:00,20.390639682626617,11.575077208313129,76.15985894229908,positive_spike,medium
M0089,2025-09-21 22:00:00,,20.08227392911632,,missing_reading,high
M0089,2025-09-24 11:00:00,21.990413477465598,12.035518502794682,82.71263903054414,positive_spike,medium
M0089,2025-09-27 20:00:00,23.897845112205555,13.606070702933886,75.64104754396467,positive_spike,medium
M0089,2025-10-03 21:00:00,28.870027355479294,16.72481309933614,72.61793709745695,positive_spike,medium
M0089,2025-10-16 12:00:00,22.859479872733747,14.259788685006386,60.30728349270422,positive_spike,medium
M0089,2025-10-19 20:00:00,24.35318687352902,15.068270207604394,61.6189950007591,positive_spike,medium
M0089,2025-10-29 04:00:00,21.95686817551692,12.350701318462303,77.77831079677192,positive_spike,medium
M0089,2025-12-01 21:00:00,,23.703341939974578,,missing_reading,high
M0089,2025-12-11 11:00:00,21.478536045019943,13.41255641153872,60.13752625518968,positive_spike,medium
M0089,2025-12-15 04:00:00,,16.056346911841494,,missing_reading,high
M0089,2025-12-22 06:00:00,1.0601064941021547,13.429342976707554,-92.10604349043099,negative_drop,medium
M0089,2025-12-29 06:00:00,14.087972294148296,1.0601064941021547,1228.9204785109769,positive_spike,high
M0089,2026-01-03 23:00:00,21.470809142416865,13.368401659568786,60.608647833741344,positive_spike,medium
M0089,2026-01-18 16:00:00,101.14823975989172,21.62736835901192,367.68630413484493,positive_spike,high
M0089,2026-01-24 00:00:00,2.339586307917432,15.541606305617739,-84.94630309177401,negative_drop,medium
M0089,2026-01-25 16:00:00,17.91335372784047,101.14823975989172,-82.28999953893053,negative_drop,medium
M0089,2026-01-25 19:00:00,83.7302288856636,18.192270718755744,360.2516650070515,positive_spike,high
M0089,2026-01-27 23:00:00,4.024991520841995,21.02458315093819,-80.85578443127238,negative_drop,medium
M0089,2026-01-31 00:00:00,14.115245390490992,2.339586307917432,503.3222772215481,positive_spike,high
M0090,2025-01-16 00:00:00,5.245762898072859,3.267386269541333,60.54921167337969,positive_spike,medium
M0090,2025-01-19 00:00:00,4.975776171439893,3.0506184653442387,63.10712820911269,positive_spike,medium
M0090,2025-02-07 10:00:00,5.519117818192761,3.227038893595883,71.02731018041185,positive_spike,medium
M0090,2025-02-08 14:00:00,7.614510295021691,4.419703983935307,72.28552687462401,positive_spike,medium
M0090,2025-02-12 00:00:00,,5.44957993557008,,missing_reading,high
M0090,2025-02-14 02:00:00,0.7611777005214049,4.6182167692393055,-83.51793043602017,negative_drop,medium
M0090,2025-02-18 18:00:00,7.700380843986344,4.768818581290184,61.4735539363512,positive_spike,medium
M0090,2025-02-21 02:00:00,4.350529803567125,0.7611777005214049,471.55245096999323,positive_spike,high
M0090,2025-02-23 19:00:00,7.437906809569848,4.615099352101139,61.16460864885943,positive_spike,medium
M0090,2025-04-07 07:00:00,4.271959455349391,2.524807681263015,69.19940029699121,positive_spike,medium
M0090,2025-04-19 08:00:00,0.3582950034953491,4.3876284894390905,-91.83397125901257,negative_drop,medium
M0090,2025-04-26 08:00:00,3.9717266531657174,0.3582950034953491,1008.5074071420238,positive_spike,high
M0090,2025-05-11 08:00:00,4.360040151904292,2.4620187983583386,77.09207398463182,positive_spike,medium
M0090,2025-05-25 21:00:00,4.957253964139114,3.086868973250751,60.591654751017145,positive_spike,medium
M0090,2025-06-03 02:00:00,,4.383347475726633,,missing_reading,high
M0090,2025-06-15 21:00:00,,4.803919510690957,,missing_reading,high
M0090,2025-06-30 15:00:00,7.242251598044872,4.357674666161639,66.19532555476539,positive_spike,medium
M0090,2025-07-05 21:00:00,6.227179701328717,3.768974325554021,65.22213110096875,positive_spike,medium
M0090,2025-07-06 06:00:00,4.089433906861383,2.319822488687997,76.28219084875802,positive_spike,medium
M0090,2025-07-21 06:00:00,4.727464648907237,2.940005475346883,60.79781784588195,positive_spike,medium
M0090,2025-07-26 08:00:00,3.554267772045413,2.153242772945684,65.0658168555279,positive_spike,medium
M0090,2025-07-28 10:00:00,4.761535092695298,2.968762155566939,60.38789378147394,positive_spike,medium
M0090,2025-08-01 20:00:00,6.388426774413753,3.303773947257029,93.36755106134815,positive_spike,medium
M0090,2025-08-03 08:00:00,,3.6589143708001997,,missing_reading,high
M0090,2025-08-18 12:00:00,6.277358131448998,3.756489483132924,67.10703329891028,positive_spike,medium
M0090,2025-08-31 09:00:00,4.121046981574512,2.4650387278906467,67.17980674895622,positive_spike,medium
M0090,2025-09-12 08:00:00,,3.9126803270539803,,missing_reading,high
M0090,2025-09-12 23:00:00,23.73610786801654,4.706006011603122,404.3790383924887,positive_spike,high
M0090,2025-09-19 23:00:00,4.616268785884158,23.73610786801654,-80.55170286740903,negative_drop,medium
M0090,2025-10-06 10:00:00,23.05814457718601,4.640194354756707,396.921956588928,positive_spike,high
M0090,2025-10-08 12:00:00,21.805308265919372,4.562654851617119,377.9083444848129,positive_spike,high
M0090,2025-10-08 13:00:00,,5.9886428022914036,,missing_reading,high
M0090,2025-10-13 10:00:00,4.733600374418876,23.05814457718601,-79.47102656688884,negative_drop,medium
M0090,2025-10-14 16:00:00,7.765678340410033,4.720709342269493,64.50236134802282,positive_spike,medium
M0090,2025-10-15 12:00:00,5.456054826933294,21.805308265919372,-74.97831830490175,negative_drop,medium
M0090,2025-10-21 11:00:00,5.777140126930782,3.533511916961637,63.495702369057646,positive_spike,medium
M0090,2025-10-31 11:00:00,,5.4133370136964265,,missing_reading,high
M0090,2025-11-16 11:00:00,,4.383909167023879,,missing_reading,high
M0090,2025-12-03 21:00:00,7.903682351760814,4.468231146482239,76.8861567956986,positive_spike,medium
M0090,2025-12-21 11:00:00,,4.661717413760362,,missing_reading,high
M0090,2025-12-30 04:00:00,0.1436304156094088,3.4520383392638907,-95.83925780963266,negative_drop,medium
M0090,2026-01-06 04:00:00,3.813948762299867,0.1436304156094088,2555.3907444448187,positive_spike,high
M0090,2026-01-08 22:00:00,6.523916498652753,3.6062293832308394,80.90686435503287,positive_spike,medium
M0090,2026-01-24 17:00:00,0.5768405919902572,5.468547571104083,-89.45166729392106,negative_drop,medium
M0090,2026-01-31 17:00:00,4.433975808215521,0.5768405919902572,668.6657058784815,positive_spike,high
M0091,2025-01-10 08:00:00,9.042627930473294,5.585884734218881,61.883539684923285,positive_spike,medium
M0091,2025-01-15 01:00:00,8.281411117755448,4.770629350381331,73.59158529248327,positive_spike,medium
M0091,2025-01-15 14:00:00,5.673252136295095,3.3944717848035433,67.13210466774987,positive_spike,medium
M0091,2025-01-19 00:00:00,,5.81065036272438,,missing_reading,high
M0091,2025-01-22 20:00:00,4.956777077907781,3.0135204422706887,64.48460107915672,positive_spike,medium
M0091,2025-01-25 03:00:00,7.2684571714481105,4.364235343399322,66.5459490501875,positive_spike,medium
M0091,2025-01-31 22:00:00,22.53887053969282,6.428643074231687,250.60074543626038,positive_spike,high
M0091,2025-02-07 22:00:00,4.638292571390627,22.53887053969282,-79.420918349825,negative_drop,medium
M0091,2025-02-09 03:00:00,9.246170527345889,5.237722666876284,76.53035709239253,positive_spike,medium
M0091,2025-02-16 16:00:00,4.9526814006473705,3.0878646648022334,60.391789740712994,positive_spike,medium
M0091,2025-02-20 16:00:00,5.11906643143372,3.0836808062377417,66.00506839354945,positive_spike,medium
M0091,2025-02-21 22:00:00,6.418219150313995,3.709563546614019,73.01817504035904,positive_spike,medium
M0091,2025-02-24 23:00:00,7.215812709665865,4.359044942244967,65.53655227857375,positive_spike,medium
M0091,2025-03-01 07:00:00,10.24059790111363,5.975203839404346,71.3849129895875,positive_spike,medium
M0091,2025-03-05 01:00:00,8.88048369298328,5.388156256336034,64.81488788563904,positive_spike,medium
M0091,2025-03-14 18:00:00,0.7004211872480092,4.105845033642993,-82.9408762018827,negative_drop,medium
M0091,2025-03-21 01:00:00,7.6195338761890685,4.558802492132747,67.13893372959919,positive_spike,medium
M0091,2025-03-21 18:00:00,4.251489683838379,0.7004211872480092,506.9904453551299,positive_spike,high
M0091,2025-04-13 04:00:00,10.263743239841318,6.3791472285857305,60.89522426835116,positive_spike,medium
M0091,2025-04-16 21:00:00,6.658838221593012,3.4830011973005695,91.18104888260767,positive_spike,medium
M0091,2025-04-18 17:00:00,5.375417063868939,2.801459749392617,91.87914675677136,positive_spike,medium
M0091,2025-04-22 13:00:00,9.130759092178046,5.439371695654349,67.86422408810266,positive_spike,medium
M0091,2025-04-26 11:00:00,12.300236349312767,7.671029260211654,60.346622755202304,positive_spike,medium
M0091,2025-04-28 22:00:00,6.474895439311356,4.015495029392692,61.247751321226914,positive_spike,medium
M0091,2025-05-13 00:00:00,10.88297384110552,6.692643469993429,62.61099055850653,positive_spike,medium
M0091,2025-05-15 15:00:00,6.895742533454459,4.241581209136402,62.57480862563638,positive_spike,medium
M0091,2025-05-16 03:00:00,13.726803055400499,8.055803967552814,70.39643852667405,positive_spike,medium
M0091,2025-05-19 09:00:00,14.09835715141853,7.966272799541275,76.97557573261062,positive_spike,medium
M0091,2025-05-25 05:00:00,10.540850471830959,5.6911835642545165,85.21367924303978,positive_spike,medium
M0091,2025-06-06 05:00:00,,11.721827835140106,,missing_reading,high
M0091,2025-06-11 05:00:00,15.842690889257092,8.841589547510488,79.18374070777685,positive_spike,medium
M0091,2025-06-24 08:00:00,13.579636014114204,7.00242132560975,93.92771989382872,positive_spike,medium
M0091,2025-06-30 23:00:00,0.8941291007743323,6.313922351482922,-85.83876945264726,negative_drop,medium
M0091,2025-07-07 23:00:00,6.877610907366933,0.8941291007743323,669.1966295930639,positive_spike,high
M0091,2025-07-08 21:00:00,5.591336998119233,2.979545833410923,87.6573582262497,positive_spike,medium
M0091,2025-07-12 03:00:00,9.866446146728393,6.133841986279144,60.852629865567955,positive_spike,medium
M0091,2025-07-14 12:00:00,10.310543734822252,6.0647801116724604,70.0068847505001,positive_spike,medium
M0091,2025-07-20 17:00:00,5.435183409849202,2.9138559594079076,86.52889798140967,positive_spike,medium
M0091,2025-08-27 18:00:00,0.3663293500480488,4.600559127935384,-92.03728634148763,negative_drop,medium
M0091,2025-08-30 14:00:00,6.420685002413121,3.984475341810319,61.1425457961531,positive_spike,medium
M0091,2025-09-02 18:00:00,5.015667569599014,2.9969920473436105,67.35671934947776,positive_spike,medium
M0091,2025-09-03 18:00:00,4.42572893895183,0.3663293500480488,1108.1284064111542,positive_spike,high
M0091,2025-09-05 10:00:00,10.373343771436057,5.802659164300204,78.76879337073856,positive_spike,medium
M0091,2025-09-09 23:00:00,6.321978910637707,3.8662111711905065,63.51871718096056,positive_spike,medium
M0091,2025-09-21 18:00:00,,4.318029631075715,,missing_reading,high
M0091,2025-09-22 02:00:00,8.772987277620304,5.319110655450421,64.9333478075088,positive_spike,medium
M0091,2025-09-28 17:00:00,,4.013012257298651,,missing_reading,high
M0091,2025-09-29 11:00:00,0.82361074249399,9.366057048100204,-91.20643042996359,negative_drop,medium
M0091,2025-10-06 11:00:00,7.979256676383934,0.82361074249399,868.814060416673,positive_spike,high
M0091,2025-10-07 15:00:00,,6.517421760051754,,missing_reading,high
M0091,2025-10-22 12:00:00,7.898833407277976,4.859413237450171,62.547061163759935,positive_spike,medium
M0091,2025-10-29 22:00:00,,5.124662265170437,,missing_reading,high
M0091,2025-11-06 10:00:00,40.365859796083946,8.306195201527803,385.9729252288609,positive_spike,high
M0091,2025-11-08 11:00:00,8.814017081753889,5.457484665522507,61.503286256325595,positive_spike,medium
M0091,2025-11-08 21:00:00,4.8271057596134614,2.7988479221510634,72.46759716417796,positive_spike,medium
M0091,2025-11-11 16:00:00,,3.9426169267676294,,missing_reading,high
M0091,2025-11-13 10:00:00,8.422281649058977,40.365859796083946,-79.13513624729961,negative_drop,medium
M0091,2025-11-18 22:00:00,,3.8670781084777492,,missing_reading,high
M0091,2025-11-20 01:00:00,9.345266135349764,5.706126133652672,63.77601750222024,positive_spike,medium
M0091,2025-11-26 11:00:00,8.207744251721728,4.781255919070524,71.66502673459304,positive_spike,medium
M0091,2025-11-29 11:00:00,8.43516341639366,4.7064607872518085,79.22519272319512,positive_spike,medium
M0091,2025-12-01 07:00:00,11.607224320710978,5.95539273907662,94.9027516615247,positive_spike,medium
M0091,2025-12-10 15:00:00,5.707872870024109,3.3390242853201135,70.94433529934308,positive_spike,medium
M0091,2025-12-21 22:00:00,4.768158837657776,2.9666561717192357,60.72502378644485,positive_spike,medium
M0091,2025-12-22 11:00:00,9.030279531550889,4.934549517216816,83.00109260316323,positive_spike,medium
M0091,2026-01-09 12:00:00,9.13371482352144,5.613627367747678,62.70611184486417,positive_spike,medium
M0091,2026-01-15 22:00:00,,5.2538475086107965,,missing_reading,high
M0091,2026-01-16 05:00:00,39.03598698856198,11.43700670110924,241.31296770837776,positive_spike,high
M0091,2026-01-17 11:00:00,7.939645120538471,4.540487440210606,74.86327679766025,positive_spike,medium
M0091,2026-01-19 22:00:00,5.934584379135849,3.4625335011545713,71.39428043532229,positive_spike,medium
M0091,2026-01-20 15:00:00,4.974379639368109,2.993687515569891,66.16228692863973,positive_spike,medium
M0091,2026-01-23 05:00:00,8.849377326783513,39.03598698856198,-77.33020730492484,negative_drop,medium
M0091,2026-01-26 15:00:00,6.061560632639994,3.2979737415959565,83.79650984445624,positive_spike,medium
M0091,2026-01-29 16:00:00,5.491151666576279,3.2727735084112632,67.78281944850826,positive_spike,medium
M0092,2025-03-26 18:00:00,,8.933389109908385,,missing_reading,high
M0092,2025-05-11 05:00:00,,14.09445021665212,,missing_reading,high
M0092,2025-05-11 20:00:00,,8.56742088660484,,missing_reading,high
M0092,2025-05-19 13:00:00,,11.323462788329556,,missing_reading,high
M0092,2025-05-24 12:00:00,1.9267262846016933,14.31867695090781,-86.54396428379832,negative_drop,medium
M0092,2025-05-27 21:00:00,,9.254787059949958,,missing_reading,high
M0092,2025-05-31 12:00:00,12.556525651503701,1.9267262846016933,551.7026186778511,positive_spike,high
M0092,2025-08-20 06:00:00,,17.01634518030521,,missing_reading,high
M0092,2025-08-27 01:00:00,56.492693207021574,10.517435879451133,437.13370687047836,positive_spike,high
M0092,2025-09-03 01:00:00,13.820712389009536,56.492693207021574,-75.53539828883262,negative_drop,medium
M0092,2025-09-04 08:00:00,,17.7011329758691,,missing_reading,high
M0092,2025-10-03 10:00:00,19.841574505121084,12.274032688747214,61.6548937767761,positive_spike,medium
M0092,2025-10-10 17:00:00,0.7730083660115737,11.64851032056087,-93.36388649931374,negative_drop,medium
M0092,2025-10-17 17:00:00,11.900624782056571,0.7730083660115737,1439.520826075819,positive_spike,high
M0092,2025-10-20 20:00:00,58.941033019936214,12.789865770147271,360.841685747086,positive_spike,high
M0092,2025-10-27 20:00:00,12.518011580089585,58.941033019936214,-78.76180491126532,negative_drop,medium
M0092,2025-11-01 07:00:00,25.469812884001914,15.871359621028045,60.47656591598385,positive_spike,medium
M0092,2025-11-07 20:00:00,55.849505573780995,11.684865023290362,377.964490496564,positive_spike,high
M0092,2025-11-14 20:00:00,12.552488301628797,55.849505573780995,-77.52444149206279,negative_drop,medium
M0092,2025-11-15 01:00:00,,16.665693867563967,,missing_reading,high
M0092,2025-12-23 22:00:00,2.0478969749214535,14.906009712029412,-86.26126633160071,negative_drop,medium
M0092,2025-12-24 22:00:00,0.2583349429291767,12.897275958094358,-97.99698057350595,negative_drop,medium
M0092,2025-12-25 18:00:00,,9.747591268989952,,missing_reading,high
M0092,2025-12-30 22:00:00,12.02832618293327,2.0478969749214535,487.3501611766683,positive_spike,high
M0092,2025-12-31 22:00:00,13.308552506845391,0.2583349429291767,5051.665646135209,positive_spike,high
M0093,2025-01-08 02:00:00,3.1765295960562776,1.8777878796179996,69.16338797023668,positive_spike,medium
M0093,2025-01-27 04:00:00,3.3286948912152194,1.877761309584143,77.26932993163047,positive_spike,medium
M0093,2025-02-14 14:00:00,5.324021619058334,3.1810355629663576,67.36756045863295,positive_spike,medium
M0093,2025-03-02 12:00:00,0.17023421934732558,5.908377113538975,-97.11876516891185,negative_drop,medium
M0093,2025-03-05 19:00:00,5.607843400614896,3.3387471805410947,67.96250501680872,positive_spike,medium
M0093,2025-03-09 12:00:00,5.929386159854557,0.17023421934732558,3383.0753667433605,positive_spike,high
M0093,2025-03-14 21:00:00,5.648701489017949,3.465025785691226,63.0204748358347,positive_spike,medium
M0093,2025-03-18 17:00:00,6.238886136327963,3.8887644687005656,60.43363352403528,positive_spike,medium
M0093,2025-03-19 04:00:00,14.387048588669348,2.5398547260464985,466.45163367528585,positive_spike,high
M0093,2025-03-26 04:00:00,2.4617674187949925,14.387048588669348,-82.88900323354869,negative_drop,medium
M0093,2025-03-29 06:00:00,4.424905365037663,2.5101979757974306,76.27714657175495,positive_spike,medium
M0093,2025-03-29 07:00:00,4.325183715597723,2.5750122690925052,67.96749932077098,positive_spike,medium
M0093,2025-04-03 20:00:00,6.028215097661058,3.626704025191759,66.21745407918478,positive_spike,medium
M0093,2025-04-15 09:00:00,4.512637149911719,2.5209573619591703,79.00489782202061,positive_spike,medium
M0093,2025-04-22 16:00:00,31.941906400034718,6.043710102373911,428.5148668445935,positive_spike,high
M0093,2025-04-28 04:00:00,,2.728172775203679,,missing_reading,high
M0093,2025-04-29 16:00:00,5.451503970734907,31.941906400034718,-82.93306635345665,negative_drop,medium
M0093,2025-05-01 18:00:00,,6.232759497297701,,missing_reading,high
M0093,2025-05-09 04:00:00,3.501247556405791,1.9876438032597323,76.15065388797284,positive_spike,medium
M0093,2025-05-23 01:00:00,,3.2375502516774,,missing_reading,high
M0093,2025-07-21 10:00:00,,4.095112837280413,,missing_reading,high
M0093,2025-08-05 13:00:00,5.063308021252603,3.025866183518385,67.33416860375308,positive_spike,medium
M0093,2025-08-06 00:00:00,4.823439134998208,2.8872574127649155,67.0595463249379,positive_spike,medium
M0093,2025-08-20 22:00:00,,4.701066692372453,,missing_reading,high
M0093,2025-08-22 22:00:00,5.378339186798832,3.2779786748640207,64.07486808991946,positive_spike,medium
M0093,2025-08-23 00:00:00,5.694631842830951,3.165574517578479,79.8925222328074,positive_spike,medium
M0093,2025-08-25 10:00:00,,3.3541590395661642,,missing_reading,high
M0093,2025-08-29 19:00:00,5.933706713802447,3.6247555527950155,63.69949993529966,positive_spike,medium
M0093,2025-08-31 20:00:00,37.57577320055765,5.666751176397336,563.0919909994465,positive_spike,high
M0093,2025-09-05 07:00:00,3.6835364341062253,1.9293900284974834,90.91714892788096,positive_spike,medium
M0093,2025-09-07 20:00:00,5.4946408885774805,37.57577320055765,-85.3771714576563,negative_drop,medium
M0093,2025-10-11 02:00:00,5.017973421606487,2.995939018205217,67.49250872978764,positive_spike,medium
M0093,2025-10-15 12:00:00,0.6908577308017598,3.837405137893743,-81.99674764648502,negative_drop,medium
M0093,2025-10-19 06:00:00,4.58069832727789,2.8625121755058394,60.0237150596024,positive_spike,medium
M0093,2025-10-22 12:00:00,4.0862012274012,0.6908577308017598,491.4678298032576,positive_spike,high
M0093,2025-11-03 19:00:00,,4.396535771461407,,missing_reading,high
M0093,2025-11-27 20:00:00,0.8806854827030208,5.23778594793247,-83.18592070279891,negative_drop,medium
M0093,2025-12-04 20:00:00,5.074233641890992,0.8806854827030208,476.1686483484471,positive_spike,high
M0093,2025-12-07 12:00:00,5.807335304416531,3.5384234321374626,64.12211301993563,positive_spike,medium
M0093,2025-12-12 17:00:00,0.2134627940961828,5.097482242491341,-95.81238768588914,negative_drop,medium
M0093,2025-12-19 17:00:00,4.307695941551646,0.2134627940961828,1918.0078499350434,positive_spike,high
M0093,2025-12-19 18:00:00,,6.040135971385844,,missing_reading,high
M0093,2026-01-04 15:00:00,,6.386602670727986,,missing_reading,high
M0093,2026-01-15 23:00:00,3.95131788839503,2.355052845052972,67.78043417136794,positive_spike,medium
M0093,2026-01-18 15:00:00,5.730593100555135,3.5805687730999383,60.04700548158376,positive_spike,medium
M0093,2026-01-25 06:00:00,3.360244499612277,1.8982627987072864,77.01682306056873,positive_spike,medium
M0094,2025-01-24 01:00:00,33.86062185967171,7.682677587192599,340.7398524196698,positive_spike,high
M0094,2025-01-31 01:00:00,7.267072003238447,33.86062185967171,-78.53827955861144,negative_drop,medium
M0094,2025-02-02 09:00:00,0.689633152998505,6.701486951541772,-89.70925172300984,negative_drop,medium
M0094,2025-02-09 09:00:00,6.917549845139371,0.689633152998505,903.0767539324441,positive_spike,high
M0094,2025-03-18 10:00:00,,7.467753489426,,missing_reading,high
M0094,2025-04-04 00:00:00,0.18967097093341498,9.83710134573411,-98.0718814997706,negative_drop,medium
M0094,2025-04-11 00:00:00,10.55455623859806,0.18967097093341498,5464.666109239929,positive_spike,high
M0094,2025-04-20 01:00:00,,9.964958909194863,,missing_reading,high
M0094,2025-04-22 20:00:00,2.1445383623992447,13.107302695649695,-83.63859893835355,negative_drop,medium
M0094,2025-04-29 20:00:00,13.833148624554914,2.1445383623992447,545.0408566755042,positive_spike,high
M0094,2025-06-15 22:00:00,,10.412126361586077,,missing_reading,high
M0094,2025-06-28 20:00:00,,13.059503373927752,,missing_reading,high
M0094,2025-09-08 08:00:00,,7.983056377067412,,missing_reading,high
M0094,2025-09-20 11:00:00,39.47075860750836,9.08260069437139,334.5755135086905,positive_spike,high
M0094,2025-09-27 11:00:00,8.523636772208185,39.47075860750836,-78.40518633815472,negative_drop,medium
M0094,2025-09-28 11:00:00,35.48063192731378,9.04007581061999,292.48157505086715,positive_spike,high
M0094,2025-10-05 11:00:00,9.094808484811754,35.48063192731378,-74.36683624056208,negative_drop,medium
M0094,2025-10-17 10:00:00,,8.398586955181484,,missing_reading,high
M0094,2025-10-30 19:00:00,,11.099335489300463,,missing_reading,high
M0094,2025-11-26 02:00:00,0.23458655033114112,8.786407503126027,-97.33011984422895,negative_drop,medium
M0094,2025-12-03 02:00:00,8.50436521113704,0.23458655033114112,3525.2569463732357,positive_spike,high
M0094,2025-12-08 16:00:00,,10.03182644716831,,missing_reading,high
M0094,2026-01-29 16:00:00,,9.252810349178782,,missing_reading,high
M0095,2025-01-08 02:00:00,18.63325597180628,10.507040458115734,77.34067024947812,positive_spike,medium
M0095,2025-01-08 05:00:00,20.254074981696412,12.017250334980105,68.54167481840965,positive_spike,medium
M0095,2025-01-08 07:00:00,16.165323354714424,9.037202785038147,78.87529735946042,positive_spike,medium
M0095,2025-01-08 11:00:00,16.346437038124698,9.264603399520976,76.43968482201717,positive_spike,medium
M0095,2025-01-12 06:00:00,67.9458827448042,13.643267766267416,398.0176590303272,positive_spike,high
M0095,2025-01-19 06:00:00,13.781095460476376,67.9458827448042,-79.71754151427194,negative_drop,medium
M0095,2025-01-19 11:00:00,,12.32599794086123,,missing_reading,high
M0095,2025-02-07 03:00:00,58.27760008419515,18.96038125221711,207.3651278894011,positive_spike,high
M0095,2025-02-14 03:00:00,15.382511326916472,58.27760008419515,-73.60476185585377,negative_drop,medium
M0095,2025-03-09 19:00:00,1.4988044595202115,10.149765207478536,-85.23311200917372,negative_drop,medium
M0095,2025-03-16 19:00:00,9.979172713502056,1.4988044595202115,565.8088485202753,positive_spike,high
M0095,2025-05-15 16:00:00,1.8732170572989915,13.706313658930886,-86.33318116079721,negative_drop,medium
M0095,2025-05-22 16:00:00,14.603792768413696,1.8732170572989915,679.6102812276885,positive_spike,high
M0095,2025-05-29 12:00:00,1.0600398987933082,14.84679072562427,-92.86014116866501,negative_drop,medium
M0095,2025-06-05 00:00:00,,13.068570241952612,,missing_reading,high
M0095,2025-06-05 12:00:00,16.09406234791709,1.0600398987933082,1418.2506211547036,positive_spike,high
M0095,2025-06-12 07:00:00,0.683723183334265,15.33122336231136,-95.54032207882994,negative_drop,medium
M0095,2025-06-12 14:00:00,,11.612723387199459,,missing_reading,high
M0095,2025-06-17 02:00:00,,14.045653118962532,,missing_reading,high
M0095,2025-06-19 07:00:00,13.62299877905867,0.683723183334265,1892.4728473626337,positive_spike,high
M0095,2025-07-08 05:00:00,16.36461036730405,10.016658605753959,63.37394545825471,positive_spike,medium
M0095,2025-07-08 06:00:00,15.814428549914528,9.643159307665341,63.9963423329909,positive_spike,medium
M0095,2025-07-09 08:00:00,,17.21585112496528,,missing_reading,high
M0095,2025-07-13 19:00:00,,7.977448162757614,,missing_reading,high
M0095,2025-08-09 21:00:00,,9.175052275878167,,missing_reading,high
M0095,2025-08-18 15:00:00,,12.131086229515585,,missing_reading,high
M0095,2025-09-07 08:00:00,68.98200070699903,12.208406499537027,465.036892485641,positive_spike,high
M0095,2025-09-14 08:00:00,15.233092825061894,68.98200070699903,-77.91729339691894,negative_drop,medium
M0095,2025-09-27 19:00:00,,10.388221913736187,,missing_reading,high
M0095,2026-01-08 00:00:00,16.387627137749114,10.125614328397019,61.84328778739325,positive_spike,medium
M0095,2026-01-08 08:00:00,18.350115612102986,11.25496551198096,63.04017628991585,positive_spike,medium
M0095,2026-01-08 11:00:00,16.486670403139073,10.233812909848902,61.099978555133575,positive_spike,medium
M0095,2026-01-08 19:00:00,14.109000128624128,8.237142128454861,71.28513638104143,positive_spike,medium
M0096,2025-02-20 12:00:00,,17.72297472984105,,missing_reading,high
M0096,2025-03-03 08:00:00,,20.98544597688947,,missing_reading,high
M0096,2025-04-01 21:00:00,,11.757830846446497,,missing_reading,high
M0096,2025-04-27 17:00:00,,12.319319594062325,,missing_reading,high
M0096,2025-05-17 13:00:00,0.45197562685843384,16.344843714903252,-97.2347510031783,negative_drop,medium
M0096,2025-05-24 13:00:00,13.63205144579947,0.45197562685843384,2916.1032223246966,positive_spike,high
M0096,2025-06-04 03:00:00,1.7644245737584923,16.59037847114984,-89.36477201634204,negative_drop,medium
M0096,2025-06-08 21:00:00,1.1774819146190052,10.16143313908172,-88.41224561041187,negative_drop,medium
M0096,2025-06-11 03:00:00,17.91922493974844,1.7644245737584923,915.5846391085888,positive_spike,high
M0096,2025-06-15 14:00:00,60.17027401045563,13.655598623599124,340.62714252944926,positive_spike,high
M0096,2025-06-15 21:00:00,8.835675285897372,1.1774819146190052,650.3873457586234,positive_spike,high
M0096,2025-06-22 14:00:00,13.500861817027404,60.17027401045563,-77.56223976197715,negative_drop,medium
M0096,2025-07-01 04:00:00,2.0205380900496293,18.53072094562986,-89.096279114137,negative_drop,medium
M0096,2025-07-08 04:00:00,18.783195754218564,2.0205380900496293,829.6135443681344,positive_spike,high
M0096,2025-08-12 21:00:00,,12.556029368410844,,missing_reading,high
M0096,2025-08-24 13:00:00,,13.485128669194111,,missing_reading,high
M0096,2025-09-01 14:00:00,85.78169950091373,17.246000219676905,397.4005474210809,positive_spike,high
M0096,2025-09-06 04:00:00,,21.82681571167726,,missing_reading,high
M0096,2025-09-08 14:00:00,20.51054606800604,85.78169950091373,-76.0898347930405,negative_drop,medium
M0096,2025-09-23 12:00:00,136.36559533514435,25.315151804673803,438.67184517521986,positive_spike,high
M0096,2025-09-30 12:00:00,28.79284830819235,136.36559533514435,-78.88554789979946,negative_drop,medium
M0096,2025-10-27 14:00:00,,26.313641985428216,,missing_reading,high
M0096,2026-01-09 18:00:00,,15.497575717689736,,missing_reading,high
M0097,2025-01-08 03:00:00,6.541045090200717,3.882662277513115,68.46804132525075,positive_spike,medium
M0097,2025-03-17 22:00:00,0.06919446426684174,3.185834100586557,-97.8280581448324,negative_drop,medium
M0097,2025-03-18 20:00:00,,2.546749933188065,,missing_reading,high
M0097,2025-03-24 22:00:00,3.199331976124049,0.06919446426684174,4523.681980954626,positive_spike,high
M0097,2025-03-25 07:00:00,,7.271629516729517,,missing_reading,high
M0097,2025-05-10 21:00:00,15.370609980042344,2.7332498618948207,462.35656294469527,positive_spike,high
M0097,2025-05-17 21:00:00,2.7084346089788003,15.370609980042344,-82.37913386329161,negative_drop,medium
M0097,2025-06-27 15:00:00,,4.304072941173391,,missing_reading,high
M0097,2025-06-29 11:00:00,,8.072489570799707,,missing_reading,high
M0097,2025-07-08 15:00:00,5.310462011896291,3.253526675800655,63.22171419078495,positive_spike,medium
M0097,2025-07-18 17:00:00,0.707022496596976,3.657613731771723,-80.66984245888374,negative_drop,medium
M0097,2025-07-25 17:00:00,3.979503779624198,0.707022496596976,462.8539118314129,positive_spike,high
M0097,2025-07-26 15:00:00,26.915286700655223,5.0040617032910015,437.8688013170172,positive_spike,high
M0097,2025-08-02 15:00:00,5.281987123888193,26.915286700655223,-80.37551231523904,negative_drop,medium
M0097,2025-08-17 11:00:00,1.1087658257722912,7.525726831917154,-85.26699346739593,negative_drop,medium
M0097,2025-08-22 13:00:00,,7.058797641035708,,missing_reading,high
M0097,2025-08-24 11:00:00,7.759248214395986,1.1087658257722912,599.8094668900368,positive_spike,high
M0097,2025-10-05 20:00:00,0.1631259548972268,2.4399851228065863,-93.31446928210809,negative_drop,medium
M0097,2025-10-07 07:00:00,39.76828875890737,9.090635902075169,337.46432248847674,positive_spike,high
M0097,2025-10-09 12:00:00,,7.474758826989961,,missing_reading,high
M0097,2025-10-12 20:00:00,2.5249190810029805,0.1631259548972268,1447.834054117102,positive_spike,high
M0097,2025-10-14 07:00:00,8.417904235892376,39.76828875890737,-78.83262142124,negative_drop,medium
M0097,2025-10-19 09:00:00,,7.718541279310125,,missing_reading,high
M0097,2025-12-01 09:00:00,,8.457852361575409,,missing_reading,high
M0097,2026-01-08 04:00:00,6.842380361502049,4.21309619465657,62.407408835814735,positive_spike,medium
M0097,2026-01-18 05:00:00,,6.024779540584105,,missing_reading,high
M0098,2025-01-09 14:00:00,9.49292059069422,5.814451045845686,63.26426202309726,positive_spike,medium
M0098,2025-01-30 23:00:00,45.342453792740166,8.792118311409725,415.7170568769334,positive_spike,high
M0098,2025-02-06 23:00:00,9.553211147032467,45.342453792740166,-78.93097892165237,negative_drop,medium
M0098,2025-02-27 17:00:00,,8.33103148641869,,missing_reading,high
M0098,2025-03-27 08:00:00,,5.617628417960614,,missing_reading,high
M0098,2025-04-16 15:00:00,,6.454195712999408,,missing_reading,high
M0098,2025-05-03 00:00:00,,7.293690950134579,,missing_reading,high
M0098,2025-05-12 19:00:00,42.1339075992047,11.527356294748898,265.5123214886498,positive_spike,high
M0098,2025-05-19 19:00:00,8.476968567920991,42.1339075992047,-79.88088679417667,negative_drop,medium
M0098,2025-05-20 23:00:00,9.740138263677734,5.840289953528411,66.77490914287961,positive_spike,medium
M0098,2025-06-18 18:00:00,10.760380191018125,6.347110081897075,69.53196103701383,positive_spike,medium
M0098,2025-06-21 19:00:00,0.46111540806517637,8.007116917455662,-94.24118052953696,negative_drop,medium
M0098,2025-06-28 19:00:00,9.591308248487838,0.46111540806517637,1980.0233695795641,positive_spike,high
M0098,2025-06-30 17:00:00,9.980174092859672,6.020241356069761,65.77697641303709,positive_spike,medium
M0098,2025-07-14 10:00:00,,6.245375345131368,,missing_reading,high
M0098,2025-09-08 20:00:00,,9.864124430597032,,missing_reading,high
M0098,2025-09-25 12:00:00,9.228636067666232,5.21866025858433,76.83918113821979,positive_spike,medium
M0098,2025-09-27 05:00:00,7.695526334432593,4.371842659587714,76.02477796303671,positive_spike,medium
M0098,2025-10-03 21:00:00,72.89458157997001,13.00390910632645,460.55899025398855,positive_spike,high
M0098,2025-10-09 23:00:00,,13.242934516859261,,missing_reading,high
M0098,2025-10-10 21:00:00,12.762443071160646,72.89458157997001,-82.49191806230559,negative_drop,medium
M0098,2025-10-30 05:00:00,,10.011503047145904,,missing_reading,high
M0098,2025-11-01 11:00:00,,5.656234533526937,,missing_reading,high
M0098,2025-11-11 19:00:00,14.4883634545434,8.986202875492378,61.22898242211724,positive_spike,medium
M0098,2025-11-12 22:00:00,0.677098305225531,14.100997855761243,-95.19822418135544,negative_drop,medium
M0098,2025-11-17 19:00:00,1.122608562452437,11.30368917887516,-90.06865329816024,negative_drop,medium
M0098,2025-11-19 22:00:00,10.703633080655578,0.677098305225531,1480.809314991619,positive_spike,high
M0098,2025-11-24 19:00:00,10.702754144094511,1.122608562452437,853.3825504335551,positive_spike,high
M0098,2025-11-28 06:00:00,8.608710897590433,5.221878835536884,64.85849573921286,positive_spike,medium
M0098,2025-12-09 12:00:00,8.606979627112498,5.247213877265693,64.02951792004271,positive_spike,medium
M0098,2025-12-13 18:00:00,10.94987804051719,5.949656233788401,84.04219689756651,positive_spike,medium
M0098,2026-01-05 21:00:00,13.552364199612773,8.305712582723341,63.16919306602251,positive_spike,medium
M0098,2026-01-26 13:00:00,0.5790495659365704,6.054607233425075,-90.43621586649141,negative_drop,medium
M0099,2025-01-03 11:00:00,,,,missing_reading,high
M0099,2025-01-08 09:00:00,3.3732923542440783,1.850667752419814,82.27433583545066,positive_spike,medium
M0099,2025-01-12 08:00:00,3.28540398890208,1.9929380349273638,64.85229000217372,positive_spike,medium
M0099,2025-01-19 04:00:00,2.6991864896497826,1.6651722305004621,62.096535133699106,positive_spike,medium
M0099,2025-02-20 01:00:00,3.734617977133359,2.2477352691505414,66.15025925827719,positive_spike,medium
M0099,2025-03-18 03:00:00,3.140358212562175,1.9297954910775243,62.73010415257622,positive_spike,medium
M0099,2025-04-17 20:00:00,0.433929225541353,2.813931880499038,-84.57925621623798,negative_drop,medium
M0099,2025-04-18 11:00:00,3.5009693306444705,2.1786045897116737,60.69778550809922,positive_spike,medium
M0099,2025-04-24 20:00:00,2.7651531112454744,0.433929225541353,537.2359704041087,positive_spike,high
M0099,2025-04-26 15:00:00,0.43656324833228216,3.0400871152525903,-85.63977834246998,negative_drop,medium
M0099,2025-05-03 15:00:00,2.9432654486962146,0.43656324833228216,574.1899277916316,positive_spike,high
M0099,2025-05-23 10:00:00,3.3098305999439366,2.0604186036482015,60.638745645351456,positive_spike,medium
M0099,2025-07-08 13:00:00,3.401955754961701,2.102702468361272,61.78968761153328,positive_spike,medium
M0099,2025-07-16 16:00:00,3.7562575586842013,2.259419122661349,66.24881683128096,positive_spike,medium
M0099,2025-07-28 05:00:00,2.3609349406665303,1.445796637172938,63.29647475754424,positive_spike,medium
M0099,2025-08-07 20:00:00,,3.2640700062798174,,missing_reading,high
M0099,2025-08-08 12:00:00,,2.55986599646603,,missing_reading,high
M0099,2025-08-15 10:00:00,,2.8462554829546924,,missing_reading,high
M0099,2025-08-15 22:00:00,3.455039014221513,2.0378783637130384,69.54098319815277,positive_spike,medium
M0099,2025-08-19 01:00:00,12.266772555144902,2.328831327601683,426.73512288147026,positive_spike,high
M0099,2025-08-26 01:00:00,2.284341867912951,12.266772555144902,-81.37780856664814,negative_drop,medium
M0099,2025-08-28 22:00:00,,2.4896774778089035,,missing_reading,high
M0099,2025-09-11 20:00:00,3.764711113509868,2.3034104263381354,63.44074292894673,positive_spike,medium
M0099,2025-09-20 02:00:00,0.2958372953069573,2.2376702924540637,-86.7792276500882,negative_drop,medium
M0099,2025-09-27 02:00:00,2.0261876942312087,0.2958372953069573,584.8993437858672,positive_spike,high
M0099,2025-10-01 23:00:00,3.837013041796249,2.2895059291429694,67.59131273499509,positive_spike,medium
M0099,2025-10-05 08:00:00,2.769533298261449,1.7201215774890075,61.00799702218419,positive_spike,medium
M0099,2025-10-12 12:00:00,3.066978841957155,1.730704200800883,77.20988026364707,positive_spike,medium
M0099,2025-10-13 21:00:00,4.3331588253601545,2.558558961486538,69.35934995387261,positive_spike,medium
M0099,2025-10-16 04:00:00,15.978536050863166,2.1013630766000606,660.3891126095133,positive_spike,high
M0099,2025-10-16 05:00:00,,2.3875787452069064,,missing_reading,high
M0099,2025-10-23 04:00:00,2.409694560283535,15.978536050863166,-84.91917812362189,negative_drop,medium
M0099,2025-10-23 05:00:00,2.6374773833044722,9.256627246094862,-71.50714495479812,negative_drop,medium
M0099,2025-11-11 01:00:00,,3.559511017348026,,missing_reading,high
M0099,2025-11-18 08:00:00,,2.8294699850909426,,missing_reading,high
M0099,2025-12-21 05:00:00,0.2645229166986472,2.2529040161798743,-88.25858026800519,negative_drop,medium
M0099,2025-12-28 05:00:00,2.8549674921771886,0.2645229166986472,979.2892834421817,positive_spike,high
M0099,2026-01-04 13:00:00,,3.466080017580911,,missing_reading,high
M0099,2026-01-11 21:00:00,15.537625949407161,3.2023053701747424,385.20125825974276,positive_spike,high
M0099,2026-01-16 07:00:00,3.339516571537094,1.928678666940185,73.15049047725397,positive_spike,medium
M0099,2026-01-18 21:00:00,3.225536223436111,15.537625949407161,-79.24048220790654,negative_drop,medium
M0100,2025-01-08 14:00:00,17.841943628646003,10.454686318965598,70.65977002370084,positive_spike,medium
M0100,2025-01-23 04:00:00,28.3005088083775,17.30115904879392,63.57579702355465,positive_spike,medium
M0100,2025-01-31 05:00:00,137.02004567392322,19.58129330332512,599.7497231230162,positive_spike,high
M0100,2025-02-07 05:00:00,22.187603868634238,137.02004567392322,-83.80703804358983,negative_drop,medium
M0100,2025-02-09 04:00:00,,19.528963855691508,,missing_reading,high
M0100,2025-03-18 05:00:00,1.767354693467855,21.480859440863156,-91.77242093905328,negative_drop,medium
M0100,2025-03-25 05:00:00,24.59572239952953,1.767354693467855,1291.668717684987,positive_spike,high
M0100,2025-04-12 02:00:00,,15.870523191219053,,missing_reading,high
M0100,2025-04-20 23:00:00,,9.878310973916996,,missing_reading,high
M0100,2025-04-26 14:00:00,0.24773108239795114,10.29513529252698,-97.59370736412008,negative_drop,medium
M0100,2025-05-03 14:00:00,12.157031589250447,0.24773108239795114,4807.350128039884,positive_spike,high
M0100,2025-06-09 11:00:00,,20.370646979155623,,missing_reading,high
M0100,2025-06-10 12:00:00,,19.78912229386995,,missing_reading,high
M0100,2025-07-16 03:00:00,,18.39700312129658,,missing_reading,high
M0100,2025-08-21 21:00:00,1.4026985132693155,9.167906619810305,-84.6999040082027,negative_drop,medium
M0100,2025-08-28 21:00:00,9.039672487655093,1.4026985132693155,544.4487109768179,positive_spike,high
M0100,2025-09-13 16:00:00,,8.279622733963858,,missing_reading,high
M0100,2025-11-30 18:00:00,0.1560458650438087,6.81654884005277,-97.71077903635175,negative_drop,medium
M0100,2025-12-07 18:00:00,7.23687433372667,0.1560458650438087,4537.658506167383,positive_spike,high
M0100,2025-12-09 08:00:00,145.43824502138415,23.946624629876766,507.3434033785688,positive_spike,high
M0100,2025-12-10 09:00:00,,26.008562764896073,,missing_reading,high
M0100,2025-12-16 08:00:00,26.445946901216608,145.43824502138415,-81.81637374864623,negative_drop,medium
M0100,2025-12-17 08:00:00,107.64808768764367,24.911109889784996,332.12882992333334,positive_spike,high
M0100,2025-12-24 08:00:00,23.055646206485804,107.64808768764367,-78.58239128837565,negative_drop,medium
M0100,2025-12-30 07:00:00,,26.00793851480881,,missing_reading,high
