meter_id,group_id,timestamp,forecast_kwh,selected_model
M0001,G01,2026-02-01 00:00:00,5.452229233428477,sarimax
M0001,G01,2026-02-01 01:00:00,4.869101994819374,sarimax
M0001,G01,2026-02-01 02:00:00,4.298977518492373,sarimax
M0001,G01,2026-02-01 03:00:00,3.811327681149352,sarimax
M0001,G01,2026-02-01 04:00:00,3.4402343957583503,sarimax
M0001,G01,2026-02-01 05:00:00,3.2110691212065787,sarimax
M0001,G01,2026-02-01 06:00:00,3.139542717254718,sarimax
M0001,G01,2026-02-01 07:00:00,3.2306555672275206,sarimax
M0001,G01,2026-02-01 08:00:00,3.478357195922434,sarimax
M0001,G01,2026-02-01 09:00:00,3.8659583926120784,sarimax
M0001,G01,2026-02-01 10:00:00,4.3672682861057615,sarimax
M0001,G01,2026-02-01 11:00:00,4.948378896750858,sarimax
M0001,G01,2026-02-01 12:00:00,5.569975551925352,sarimax
M0001,G01,2026-02-01 13:00:00,6.190015714533852,sarimax
M0001,G01,2026-02-01 14:00:00,6.766593667333866,sarimax
M0001,G01,2026-02-01 15:00:00,7.26079583021209,sarimax
M0001,G01,2026-02-01 16:00:00,7.639352125939649,sarimax
M0001,G01,2026-02-01 17:00:00,7.87690270895348,sarimax
M0001,G01,2026-02-01 18:00:00,7.9577255841433745,sarimax
M0001,G01,2026-02-01 19:00:00,7.876807382136363,sarimax
M0001,G01,2026-02-01 20:00:00,7.640184320425236,sarimax
M0001,G01,2026-02-01 21:00:00,7.264530115371168,sarimax
M0001,G01,2026-02-01 22:00:00,6.776018929217069,sarimax
M0001,G01,2026-02-01 23:00:00,6.208540841466056,sarimax
M0002,G02,2026-02-01 00:00:00,4.84362390127797,sarimax
M0002,G02,2026-02-01 01:00:00,4.482499729032419,sarimax
M0002,G02,2026-02-01 02:00:00,4.078064494801206,sarimax
M0002,G02,2026-02-01 03:00:00,3.7198977057640494,sarimax
M0002,G02,2026-02-01 04:00:00,3.4373255544642998,sarimax
M0002,G02,2026-02-01 05:00:00,3.2500395967350397,sarimax
M0002,G02,2026-02-01 06:00:00,3.1709087771419813,sarimax
M0002,G02,2026-02-01 07:00:00,3.2054302807461714,sarimax
M0002,G02,2026-02-01 08:00:00,3.351380657591473,sarimax
M0002,G02,2026-02-01 09:00:00,3.5989692108884475,sarimax
M0002,G02,2026-02-01 10:00:00,3.931505160625463,sarimax
M0002,G02,2026-02-01 11:00:00,4.326534850883218,sarimax
M0002,G02,2026-02-01 12:00:00,4.757371639311228,sarimax
M0002,G02,2026-02-01 13:00:00,5.19491422054196,sarimax
M0002,G02,2026-02-01 14:00:00,5.609629469117846,sarimax
M0002,G02,2026-02-01 15:00:00,5.973564675037449,sarimax
M0002,G02,2026-02-01 16:00:00,6.262252041955884,sarimax
M0002,G02,2026-02-01 17:00:00,6.456375660240168,sarimax
M0002,G02,2026-02-01 18:00:00,6.543087354073515,sarimax
M0002,G02,2026-02-01 19:00:00,6.516881730502584,sarimax
M0002,G02,2026-02-01 20:00:00,6.379970798026471,sarimax
M0002,G02,2026-02-01 21:00:00,6.1421326258797055,sarimax
M0002,G02,2026-02-01 22:00:00,5.820044358462557,sarimax
M0002,G02,2026-02-01 23:00:00,5.436145039758915,sarimax
M0003,G03,2026-02-01 00:00:00,15.609207800795483,seasonal_naive
M0003,G03,2026-02-01 01:00:00,16.255108376639814,seasonal_naive
M0003,G03,2026-02-01 02:00:00,13.423312915951122,seasonal_naive
M0003,G03,2026-02-01 03:00:00,11.552211587383567,seasonal_naive
M0003,G03,2026-02-01 04:00:00,11.169269254670798,seasonal_naive
M0003,G03,2026-02-01 05:00:00,10.567582014696713,seasonal_naive
M0003,G03,2026-02-01 06:00:00,9.264805563006782,seasonal_naive
M0003,G03,2026-02-01 07:00:00,8.723272572709162,seasonal_naive
M0003,G03,2026-02-01 08:00:00,9.07726214834657,seasonal_naive
M0003,G03,2026-02-01 09:00:00,11.135519438239916,seasonal_naive
M0003,G03,2026-02-01 10:00:00,11.914449847509335,seasonal_naive
M0003,G03,2026-02-01 11:00:00,11.298733072852393,seasonal_naive
M0003,G03,2026-02-01 12:00:00,11.446753434175658,seasonal_naive
M0003,G03,2026-02-01 13:00:00,9.183051738453573,seasonal_naive
M0003,G03,2026-02-01 14:00:00,15.87990095127284,seasonal_naive
M0003,G03,2026-02-01 15:00:00,13.848377275376725,seasonal_naive
M0003,G03,2026-02-01 16:00:00,12.529230550906814,seasonal_naive
M0003,G03,2026-02-01 17:00:00,19.11843905176801,seasonal_naive
M0003,G03,2026-02-01 18:00:00,15.366253808836154,seasonal_naive
M0003,G03,2026-02-01 19:00:00,17.33428316504243,seasonal_naive
M0003,G03,2026-02-01 20:00:00,15.621980230102714,seasonal_naive
M0003,G03,2026-02-01 21:00:00,18.42599869291927,seasonal_naive
M0003,G03,2026-02-01 22:00:00,17.52070731386027,seasonal_naive
M0003,G03,2026-02-01 23:00:00,18.18744684070115,seasonal_naive
M0004,G04,2026-02-01 00:00:00,17.10442585188235,sarimax
M0004,G04,2026-02-01 01:00:00,15.999444772186363,sarimax
M0004,G04,2026-02-01 02:00:00,14.54139339516903,sarimax
M0004,G04,2026-02-01 03:00:00,13.184156387609518,sarimax
M0004,G04,2026-02-01 04:00:00,12.089312465927536,sarimax
M0004,G04,2026-02-01 05:00:00,11.344707567588319,sarimax
M0004,G04,2026-02-01 06:00:00,11.00334784025262,sarimax
M0004,G04,2026-02-01 07:00:00,11.088560865462004,sarimax
M0004,G04,2026-02-01 08:00:00,11.594121495255674,sarimax
M0004,G04,2026-02-01 09:00:00,12.485012048065752,sarimax
M0004,G04,2026-02-01 10:00:00,13.699875055053809,sarimax
M0004,G04,2026-02-01 11:00:00,15.155208387546496,sarimax
M0004,G04,2026-02-01 12:00:00,16.75105928901087,sarimax
M0004,G04,2026-02-01 13:00:00,18.37783756272865,sarimax
M0004,G04,2026-02-01 14:00:00,19.9237852269809,sarimax
M0004,G04,2026-02-01 15:00:00,21.28259390828695,sarimax
M0004,G04,2026-02-01 16:00:00,22.36065092011966,sarimax
M0004,G04,2026-02-01 17:00:00,23.083420229046958,sarimax
M0004,G04,2026-02-01 18:00:00,23.40052345638918,sarimax
M0004,G04,2026-02-01 19:00:00,23.289174651899074,sarimax
M0004,G04,2026-02-01 20:00:00,22.75573476320846,sarimax
M0004,G04,2026-02-01 21:00:00,21.835279864235332,sarimax
M0004,G04,2026-02-01 22:00:00,20.58921256467465,sarimax
M0004,G04,2026-02-01 23:00:00,19.10107937657149,sarimax
M0005,G05,2026-02-01 00:00:00,12.535103347567366,sarimax
M0005,G05,2026-02-01 01:00:00,14.08422067612576,sarimax
M0005,G05,2026-02-01 02:00:00,15.667675570014291,sarimax
M0005,G05,2026-02-01 03:00:00,17.199776036872823,sarimax
M0005,G05,2026-02-01 04:00:00,18.578259412499524,sarimax
M0005,G05,2026-02-01 05:00:00,19.709585226767267,sarimax
M0005,G05,2026-02-01 06:00:00,20.51695384190048,sarimax
M0005,G05,2026-02-01 07:00:00,20.945687380193355,sarimax
M0005,G05,2026-02-01 08:00:00,20.966968694235966,sarimax
M0005,G05,2026-02-01 09:00:00,20.579805836341606,sarimax
M0005,G05,2026-02-01 10:00:00,19.81109912375237,sarimax
M0005,G05,2026-02-01 11:00:00,18.713807214638663,sarimax
M0005,G05,2026-02-01 12:00:00,17.363337263136508,sarimax
M0005,G05,2026-02-01 13:00:00,15.852405167438963,sarimax
M0005,G05,2026-02-01 14:00:00,14.28471617848117,sarimax
M0005,G05,2026-02-01 15:00:00,12.767896526694884,sarimax
M0005,G05,2026-02-01 16:00:00,11.406157766236902,sarimax
M0005,G05,2026-02-01 17:00:00,10.293193751056837,sarimax
M0005,G05,2026-02-01 18:00:00,9.50579430379555,sarimax
M0005,G05,2026-02-01 19:00:00,9.098610797172844,sarimax
M0005,G05,2026-02-01 20:00:00,9.100430366687451,sarimax
M0005,G05,2026-02-01 21:00:00,9.51221266281589,sarimax
M0005,G05,2026-02-01 22:00:00,10.307022936834286,sarimax
M0005,G05,2026-02-01 23:00:00,11.431866022473526,sarimax
M0006,G06,2026-02-01 00:00:00,5.237007692204789,sarimax
M0006,G06,2026-02-01 01:00:00,6.058627922270863,sarimax
M0006,G06,2026-02-01 02:00:00,6.87311956044991,sarimax
M0006,G06,2026-02-01 03:00:00,7.65095616219558,sarimax
M0006,G06,2026-02-01 04:00:00,8.344327311050018,sarimax
M0006,G06,2026-02-01 05:00:00,8.907240794916591,sarimax
M0006,G06,2026-02-01 06:00:00,9.301884992809862,sarimax
M0006,G06,2026-02-01 07:00:00,9.501823967199103,sarimax
M0006,G06,2026-02-01 08:00:00,9.493917043133411,sarimax
M0006,G06,2026-02-01 09:00:00,9.279236387843731,sarimax
M0006,G06,2026-02-01 10:00:00,8.872997557423485,sarimax
M0006,G06,2026-02-01 11:00:00,8.30352259854197,sarimax
M0006,G06,2026-02-01 12:00:00,7.610309216244783,sarimax
M0006,G06,2026-02-01 13:00:00,6.841338137793432,sarimax
M0006,G06,2026-02-01 14:00:00,6.049802277186295,sarimax
M0006,G06,2026-02-01 15:00:00,5.29048062388643,sarimax
M0006,G06,2026-02-01 16:00:00,4.616003974632249,sarimax
M0006,G06,2026-02-01 17:00:00,4.0732669949109255,sarimax
M0006,G06,2026-02-01 18:00:00,3.700231124046607,sarimax
M0006,G06,2026-02-01 19:00:00,3.523336202484812,sarimax
M0006,G06,2026-02-01 20:00:00,3.55569721650806,sarimax
M0006,G06,2026-02-01 21:00:00,3.796209051242705,sarimax
M0006,G06,2026-02-01 22:00:00,4.229620263633519,sarimax
M0006,G06,2026-02-01 23:00:00,4.827570850031838,sarimax
M0007,G07,2026-02-01 00:00:00,8.552540697123916,sarimax
M0007,G07,2026-02-01 01:00:00,8.077266922721382,sarimax
M0007,G07,2026-02-01 02:00:00,7.466540791954575,sarimax
M0007,G07,2026-02-01 03:00:00,6.810279609800843,sarimax
M0007,G07,2026-02-01 04:00:00,6.162987998883923,sarimax
M0007,G07,2026-02-01 05:00:00,5.570714128340172,sarimax
M0007,G07,2026-02-01 06:00:00,5.074135232327607,sarimax
M0007,G07,2026-02-01 07:00:00,4.707048505356852,sarimax
M0007,G07,2026-02-01 08:00:00,4.494324308983699,sarimax
M0007,G07,2026-02-01 09:00:00,4.450263523156403,sarimax
M0007,G07,2026-02-01 10:00:00,4.577633794823597,sarimax
M0007,G07,2026-02-01 11:00:00,4.86748339803437,sarimax
M0007,G07,2026-02-01 12:00:00,5.299752093837624,sarimax
M0007,G07,2026-02-01 13:00:00,5.844638720631657,sarimax
M0007,G07,2026-02-01 14:00:00,6.464632591361686,sarimax
M0007,G07,2026-02-01 15:00:00,7.117070316541973,sarimax
M0007,G07,2026-02-01 16:00:00,7.757043820465551,sarimax
M0007,G07,2026-02-01 17:00:00,8.34046137560319,sarimax
M0007,G07,2026-02-01 18:00:00,8.827053050352404,sarimax
M0007,G07,2026-02-01 19:00:00,9.183115752997933,sarimax
M0007,G07,2026-02-01 20:00:00,9.383810800693961,sarimax
M0007,G07,2026-02-01 21:00:00,9.414857436881215,sarimax
M0007,G07,2026-02-01 22:00:00,9.273506885604505,sarimax
M0007,G07,2026-02-01 23:00:00,8.968730561357848,sarimax
M0008,G08,2026-02-01 00:00:00,7.572275933864685,seasonal_naive
M0008,G08,2026-02-01 01:00:00,8.853402591812333,seasonal_naive
M0008,G08,2026-02-01 02:00:00,10.413651635066202,seasonal_naive
M0008,G08,2026-02-01 03:00:00,10.490241490035626,seasonal_naive
M0008,G08,2026-02-01 04:00:00,10.969901236320247,seasonal_naive
M0008,G08,2026-02-01 05:00:00,12.928040786867326,seasonal_naive
M0008,G08,2026-02-01 06:00:00,13.569076509212127,seasonal_naive
M0008,G08,2026-02-01 07:00:00,12.937951952254707,seasonal_naive
M0008,G08,2026-02-01 08:00:00,12.481407721880501,seasonal_naive
M0008,G08,2026-02-01 09:00:00,12.083088260526566,seasonal_naive
M0008,G08,2026-02-01 10:00:00,12.847488764089277,seasonal_naive
M0008,G08,2026-02-01 11:00:00,12.028642377103079,seasonal_naive
M0008,G08,2026-02-01 12:00:00,12.50013968782714,seasonal_naive
M0008,G08,2026-02-01 13:00:00,10.620509416224946,seasonal_naive
M0008,G08,2026-02-01 14:00:00,11.246427829162025,seasonal_naive
M0008,G08,2026-02-01 15:00:00,9.277009371390752,seasonal_naive
M0008,G08,2026-02-01 16:00:00,7.6329376024462015,seasonal_naive
M0008,G08,2026-02-01 17:00:00,7.258257235197454,seasonal_naive
M0008,G08,2026-02-01 18:00:00,7.276125281857946,seasonal_naive
M0008,G08,2026-02-01 19:00:00,6.7091351225781946,seasonal_naive
M0008,G08,2026-02-01 20:00:00,5.956727244495216,seasonal_naive
M0008,G08,2026-02-01 21:00:00,5.693342905366158,seasonal_naive
M0008,G08,2026-02-01 22:00:00,6.605223983894637,seasonal_naive
M0008,G08,2026-02-01 23:00:00,8.547054624302246,seasonal_naive
M0009,G09,2026-02-01 00:00:00,8.694475752652655,sarimax
M0009,G09,2026-02-01 01:00:00,7.358734242497343,sarimax
M0009,G09,2026-02-01 02:00:00,6.250363675553972,sarimax
M0009,G09,2026-02-01 03:00:00,5.456996002432131,sarimax
M0009,G09,2026-02-01 04:00:00,5.033391037073058,sarimax
M0009,G09,2026-02-01 05:00:00,5.008461390283923,sarimax
M0009,G09,2026-02-01 06:00:00,5.383891027702205,sarimax
M0009,G09,2026-02-01 07:00:00,6.134052776258127,sarimax
M0009,G09,2026-02-01 08:00:00,7.207756598143448,sarimax
M0009,G09,2026-02-01 09:00:00,8.531738298704155,sarimax
M0009,G09,2026-02-01 10:00:00,10.015652495666643,sarimax
M0009,G09,2026-02-01 11:00:00,11.558229673264242,sarimax
M0009,G09,2026-02-01 12:00:00,13.054177732696658,sarimax
M0009,G09,2026-02-01 13:00:00,14.40135770964255,sarimax
M0009,G09,2026-02-01 14:00:00,15.50774464522074,sarimax
M0009,G09,2026-02-01 15:00:00,16.297699238171543,sarimax
M0009,G09,2026-02-01 16:00:00,16.717122875102216,sarimax
M0009,G09,2026-02-01 17:00:00,16.73714473153332,sarimax
M0009,G09,2026-02-01 18:00:00,16.35608967338549,sarimax
M0009,G09,2026-02-01 19:00:00,15.599592849109444,sarimax
M0009,G09,2026-02-01 20:00:00,14.518853162587225,sarimax
M0009,G09,2026-02-01 21:00:00,13.187144649088644,sarimax
M0009,G09,2026-02-01 22:00:00,11.694823497551548,sarimax
M0009,G09,2026-02-01 23:00:00,10.143170981629734,sarimax
M0010,G10,2026-02-01 00:00:00,14.776266874010306,sarimax
M0010,G10,2026-02-01 01:00:00,16.32993665047246,sarimax
M0010,G10,2026-02-01 02:00:00,18.096278259783144,sarimax
M0010,G10,2026-02-01 03:00:00,19.827461418960727,sarimax
M0010,G10,2026-02-01 04:00:00,21.38199908973058,sarimax
M0010,G10,2026-02-01 05:00:00,22.650174444504096,sarimax
M0010,G10,2026-02-01 06:00:00,23.54562040739104,sarimax
M0010,G10,2026-02-01 07:00:00,24.008203522446955,sarimax
M0010,G10,2026-02-01 08:00:00,24.007554076610965,sarimax
M0010,G10,2026-02-01 09:00:00,23.545027173217576,sarimax
M0010,G10,2026-02-01 10:00:00,22.653588361179217,sarimax
M0010,G10,2026-02-01 11:00:00,21.395561255214062,sarimax
M0010,G10,2026-02-01 12:00:00,19.85837736440383,sarimax
M0010,G10,2026-02-01 13:00:00,18.148615267286694,sarimax
M0010,G10,2026-02-01 14:00:00,16.384734883944677,sarimax
M0010,G10,2026-02-01 15:00:00,14.689001906671967,sarimax
M0010,G10,2026-02-01 16:00:00,13.179152712866586,sarimax
M0010,G10,2026-02-01 17:00:00,11.960367783404443,sarimax
M0010,G10,2026-02-01 18:00:00,11.11810062842256,sarimax
M0010,G10,2026-02-01 19:00:00,10.712250921728222,sarimax
M0010,G10,2026-02-01 20:00:00,10.773078939758745,sarimax
M0010,G10,2026-02-01 21:00:00,11.299139734212165,sarimax
M0010,G10,2026-02-01 22:00:00,12.25737782615964,sarimax
M0010,G10,2026-02-01 23:00:00,13.5853759736742,sarimax
M0011,G11,2026-02-01 00:00:00,7.664983881328482,sarimax
M0011,G11,2026-02-01 01:00:00,8.785874491562263,sarimax
M0011,G11,2026-02-01 02:00:00,9.860263366866468,sarimax
M0011,G11,2026-02-01 03:00:00,10.840867989710588,sarimax
M0011,G11,2026-02-01 04:00:00,11.662005356242108,sarimax
M0011,G11,2026-02-01 05:00:00,12.267943793091924,sarimax
M0011,G11,2026-02-01 06:00:00,12.617629462145654,sarimax
M0011,G11,2026-02-01 07:00:00,12.687519905788884,sarimax
M0011,G11,2026-02-01 08:00:00,12.473189429036907,sarimax
M0011,G11,2026-02-01 09:00:00,11.989630286365774,sarimax
M0011,G11,2026-02-01 10:00:00,11.27023044663489,sarimax
M0011,G11,2026-02-01 11:00:00,10.364497650982905,sarimax
M0011,G11,2026-02-01 12:00:00,9.334684868203603,sarimax
M0011,G11,2026-02-01 13:00:00,8.2515471182602,sarimax
M0011,G11,2026-02-01 14:00:00,7.189518830440608,sarimax
M0011,G11,2026-02-01 15:00:00,6.2216403923503965,sarimax
M0011,G11,2026-02-01 16:00:00,5.414579638258857,sarimax
M0011,G11,2026-02-01 17:00:00,4.824087555440571,sarimax
M0011,G11,2026-02-01 18:00:00,4.491197896001429,sarimax
M0011,G11,2026-02-01 19:00:00,4.439429685831954,sarimax
M0011,G11,2026-02-01 20:00:00,4.673183276630269,sarimax
M0011,G11,2026-02-01 21:00:00,5.177439249028326,sarimax
M0011,G11,2026-02-01 22:00:00,5.918780687782345,sarimax
M0011,G11,2026-02-01 23:00:00,6.847669164443551,sarimax
M0012,G12,2026-02-01 00:00:00,6.610875433532,sarimax
M0012,G12,2026-02-01 01:00:00,6.15708177165763,sarimax
M0012,G12,2026-02-01 02:00:00,5.554975574930992,sarimax
M0012,G12,2026-02-01 03:00:00,4.92707482539971,sarimax
M0012,G12,2026-02-01 04:00:00,4.322971122864573,sarimax
M0012,G12,2026-02-01 05:00:00,3.7844432594734747,sarimax
M0012,G12,2026-02-01 06:00:00,3.3483002578313865,sarimax
M0012,G12,2026-02-01 07:00:00,3.044345543476918,sarimax
M0012,G12,2026-02-01 08:00:00,2.893385056495368,sarimax
M0012,G12,2026-02-01 09:00:00,2.90581249573348,sarimax
M0012,G12,2026-02-01 10:00:00,3.0809011282620755,sarimax
M0012,G12,2026-02-01 11:00:00,3.4068531694689064,sarimax
M0012,G12,2026-02-01 12:00:00,3.8616035967406415,sarimax
M0012,G12,2026-02-01 13:00:00,4.414323637355483,sarimax
M0012,G12,2026-02-01 14:00:00,5.027521472233727,sarimax
M0012,G12,2026-02-01 15:00:00,5.65959699650425,sarimax
M0012,G12,2026-02-01 16:00:00,6.267676534529676,sarimax
M0012,G12,2026-02-01 17:00:00,6.81053432861511,sarimax
M0012,G12,2026-02-01 18:00:00,7.251401707166617,sarimax
M0012,G12,2026-02-01 19:00:00,7.560472492550149,sarimax
M0012,G12,2026-02-01 20:00:00,7.716933909688116,sarimax
M0012,G12,2026-02-01 21:00:00,7.710384592794979,sarimax
M0012,G12,2026-02-01 22:00:00,7.541543055924951,sarimax
M0012,G12,2026-02-01 23:00:00,7.222198346745774,sarimax
M0013,G01,2026-02-01 00:00:00,10.305422243490167,sarimax
M0013,G01,2026-02-01 01:00:00,8.916107040281219,sarimax
M0013,G01,2026-02-01 02:00:00,7.738066965875566,sarimax
M0013,G01,2026-02-01 03:00:00,6.940676081460713,sarimax
M0013,G01,2026-02-01 04:00:00,6.590801109772029,sarimax
M0013,G01,2026-02-01 05:00:00,6.7139137272426765,sarimax
M0013,G01,2026-02-01 06:00:00,7.301724255922592,sarimax
M0013,G01,2026-02-01 07:00:00,8.314083572478006,sarimax
M0013,G01,2026-02-01 08:00:00,9.681910104910939,sarimax
M0013,G01,2026-02-01 09:00:00,11.311924973254854,sarimax
M0013,G01,2026-02-01 10:00:00,13.093012763662816,sarimax
M0013,G01,2026-02-01 11:00:00,14.903794459881857,sarimax
M0013,G01,2026-02-01 12:00:00,16.620899302829116,sarimax
M0013,G01,2026-02-01 13:00:00,18.127372271836233,sarimax
M0013,G01,2026-02-01 14:00:00,19.320644289756935,sarimax
M0013,G01,2026-02-01 15:00:00,20.11952200404143,sarimax
M0013,G01,2026-02-01 16:00:00,20.469720803116005,sarimax
M0013,G01,2026-02-01 17:00:00,20.3475640025608,sarimax
M0013,G01,2026-02-01 18:00:00,19.76159610799322,sarimax
M0013,G01,2026-02-01 19:00:00,18.75200021383022,sarimax
M0013,G01,2026-02-01 20:00:00,17.38785924167134,sarimax
M0013,G01,2026-02-01 21:00:00,15.762447660870409,sarimax
M0013,G01,2026-02-01 22:00:00,13.986874553307086,sarimax
M0013,G01,2026-02-01 23:00:00,12.182511237596145,sarimax
M0014,G02,2026-02-01 00:00:00,16.26021398642989,seasonal_naive
M0014,G02,2026-02-01 01:00:00,16.367384059203694,seasonal_naive
M0014,G02,2026-02-01 02:00:00,14.836477460781946,seasonal_naive
M0014,G02,2026-02-01 03:00:00,13.305570862360197,seasonal_naive
M0014,G02,2026-02-01 04:00:00,12.120222004694131,seasonal_naive
M0014,G02,2026-02-01 05:00:00,10.505403537476816,seasonal_naive
M0014,G02,2026-02-01 06:00:00,9.494613633995534,seasonal_naive
M0014,G02,2026-02-01 07:00:00,7.912637358849698,seasonal_naive
M0014,G02,2026-02-01 08:00:00,7.540903687054929,seasonal_naive
M0014,G02,2026-02-01 09:00:00,5.636639360790766,seasonal_naive
M0014,G02,2026-02-01 10:00:00,8.297422297426394,seasonal_naive
M0014,G02,2026-02-01 11:00:00,7.699274442829863,seasonal_naive
M0014,G02,2026-02-01 12:00:00,6.6765747732681175,seasonal_naive
M0014,G02,2026-02-01 13:00:00,9.326716312845793,seasonal_naive
M0014,G02,2026-02-01 14:00:00,9.59626483664264,seasonal_naive
M0014,G02,2026-02-01 15:00:00,11.493138114222223,seasonal_naive
M0014,G02,2026-02-01 16:00:00,12.000018075332743,seasonal_naive
M0014,G02,2026-02-01 17:00:00,14.7507853371021,seasonal_naive
M0014,G02,2026-02-01 18:00:00,13.1119362292595,seasonal_naive
M0014,G02,2026-02-01 19:00:00,15.78492424337647,seasonal_naive
M0014,G02,2026-02-01 20:00:00,17.21321171873842,seasonal_naive
M0014,G02,2026-02-01 21:00:00,16.5279561495517,seasonal_naive
M0014,G02,2026-02-01 22:00:00,17.595332903629977,seasonal_naive
M0014,G02,2026-02-01 23:00:00,17.053074054845567,seasonal_naive
M0015,G03,2026-02-01 00:00:00,8.45540767016569,sarimax
M0015,G03,2026-02-01 01:00:00,7.7177080023282105,sarimax
M0015,G03,2026-02-01 02:00:00,7.092484693504478,sarimax
M0015,G03,2026-02-01 03:00:00,6.653173202453614,sarimax
M0015,G03,2026-02-01 04:00:00,6.43779396991127,sarimax
M0015,G03,2026-02-01 05:00:00,6.463323020654142,sarimax
M0015,G03,2026-02-01 06:00:00,6.728883041999198,sarimax
M0015,G03,2026-02-01 07:00:00,7.216917433495277,sarimax
M0015,G03,2026-02-01 08:00:00,7.894671965208746,sarimax
M0015,G03,2026-02-01 09:00:00,8.716499527825274,sarimax
M0015,G03,2026-02-01 10:00:00,9.626988944944195,sarimax
M0015,G03,2026-02-01 11:00:00,10.564745138900566,sarimax
M0015,G03,2026-02-01 12:00:00,11.466573425305825,sarimax
M0015,G03,2026-02-01 13:00:00,12.271785447402001,sarimax
M0015,G03,2026-02-01 14:00:00,12.926333991889067,sarimax
M0015,G03,2026-02-01 15:00:00,13.386495081851244,sarimax
M0015,G03,2026-02-01 16:00:00,13.621846464710474,sarimax
M0015,G03,2026-02-01 17:00:00,13.617339529401429,sarimax
M0015,G03,2026-02-01 18:00:00,13.374323459817537,sarimax
M0015,G03,2026-02-01 19:00:00,12.910451832855811,sarimax
M0015,G03,2026-02-01 20:00:00,12.258478028481443,sarimax
M0015,G03,2026-02-01 21:00:00,11.464021544812109,sarimax
M0015,G03,2026-02-01 22:00:00,10.58245744240281,sarimax
M0015,G03,2026-02-01 23:00:00,9.675140899290968,sarimax
M0016,G04,2026-02-01 00:00:00,11.874748755322274,sarimax
M0016,G04,2026-02-01 01:00:00,12.659821618462228,sarimax
M0016,G04,2026-02-01 02:00:00,13.428735428365814,sarimax
M0016,G04,2026-02-01 03:00:00,14.108444010975614,sarimax
M0016,G04,2026-02-01 04:00:00,14.651470734115168,sarimax
M0016,G04,2026-02-01 05:00:00,15.021552242378018,sarimax
M0016,G04,2026-02-01 06:00:00,15.19451594795778,sarimax
M0016,G04,2026-02-01 07:00:00,15.15978169168671,sarimax
M0016,G04,2026-02-01 08:00:00,14.92106802097927,sarimax
M0016,G04,2026-02-01 09:00:00,14.496135704996467,sarimax
M0016,G04,2026-02-01 10:00:00,13.91557517273192,sarimax
M0016,G04,2026-02-01 11:00:00,13.220719533651707,sarimax
M0016,G04,2026-02-01 12:00:00,12.460825319790807,sarimax
M0016,G04,2026-02-01 13:00:00,11.689713072522675,sarimax
M0016,G04,2026-02-01 14:00:00,10.962096715459506,sarimax
M0016,G04,2026-02-01 15:00:00,10.329851864569022,sarimax
M0016,G04,2026-02-01 16:00:00,9.838477388233203,sarimax
M0016,G04,2026-02-01 17:00:00,9.523991360561679,sarimax
M0016,G04,2026-02-01 18:00:00,9.410472948330682,sarimax
M0016,G04,2026-02-01 19:00:00,9.508417752842572,sarimax
M0016,G04,2026-02-01 20:00:00,9.81401869261887,sarimax
M0016,G04,2026-02-01 21:00:00,10.309421438980625,sarimax
M0016,G04,2026-02-01 22:00:00,10.963937002612832,sarimax
M0016,G04,2026-02-01 23:00:00,11.736128841155525,sarimax
M0017,G05,2026-02-01 00:00:00,6.148997756710264,sarimax
M0017,G05,2026-02-01 01:00:00,7.386299962905515,sarimax
M0017,G05,2026-02-01 02:00:00,8.513801703721839,sarimax
M0017,G05,2026-02-01 03:00:00,9.547442075776992,sarimax
M0017,G05,2026-02-01 04:00:00,10.444125804154066,sarimax
M0017,G05,2026-02-01 05:00:00,11.150756149952231,sarimax
M0017,G05,2026-02-01 06:00:00,11.621466717898047,sarimax
M0017,G05,2026-02-01 07:00:00,11.824767630901313,sarimax
M0017,G05,2026-02-01 08:00:00,11.746878972607448,sarimax
M0017,G05,2026-02-01 09:00:00,11.393020689596781,sarimax
M0017,G05,2026-02-01 10:00:00,10.787160621254205,sarimax
M0017,G05,2026-02-01 11:00:00,9.970411943366281,sarimax
M0017,G05,2026-02-01 12:00:00,8.998240657016616,sarimax
M0017,G05,2026-02-01 13:00:00,7.936688613094493,sarimax
M0017,G05,2026-02-01 14:00:00,6.857873951357851,sarimax
M0017,G05,2026-02-01 15:00:00,5.835076915715927,sarimax
M0017,G05,2026-02-01 16:00:00,4.937746329996127,sarimax
M0017,G05,2026-02-01 17:00:00,4.226767149663683,sarimax
M0017,G05,2026-02-01 18:00:00,3.7503116316420533,sarimax
M0017,G05,2026-02-01 19:00:00,3.540556867707527,sarimax
M0017,G05,2026-02-01 20:00:00,3.6114923785605977,sarimax
M0017,G05,2026-02-01 21:00:00,3.9579671777214007,sarimax
M0017,G05,2026-02-01 22:00:00,4.556041245933,sarimax
M0017,G05,2026-02-01 23:00:00,5.36461746312963,sarimax
M0018,G06,2026-02-01 00:00:00,7.032936425998305,sarimax
M0018,G06,2026-02-01 01:00:00,6.808681134395479,sarimax
M0018,G06,2026-02-01 02:00:00,6.5211514819344325,sarimax
M0018,G06,2026-02-01 03:00:00,6.228264256142836,sarimax
M0018,G06,2026-02-01 04:00:00,5.9559955311250246,sarimax
M0018,G06,2026-02-01 05:00:00,5.724117828623058,sarimax
M0018,G06,2026-02-01 06:00:00,5.548966464214439,sarimax
M0018,G06,2026-02-01 07:00:00,5.442941130590418,sarimax
M0018,G06,2026-02-01 08:00:00,5.413752298700224,sarimax
M0018,G06,2026-02-01 09:00:00,5.463908854059553,sarimax
M0018,G06,2026-02-01 10:00:00,5.590548453122886,sarimax
M0018,G06,2026-02-01 11:00:00,5.785632118068179,sarimax
M0018,G06,2026-02-01 12:00:00,6.0364912989377695,sarimax
M0018,G06,2026-02-01 13:00:00,6.326690345645109,sarimax
M0018,G06,2026-02-01 14:00:00,6.637145648344099,sarimax
M0018,G06,2026-02-01 15:00:00,6.947425184868059,sarimax
M0018,G06,2026-02-01 16:00:00,7.237139915328749,sarimax
M0018,G06,2026-02-01 17:00:00,7.487332204162483,sarimax
M0018,G06,2026-02-01 18:00:00,7.681766652450824,sarimax
M0018,G06,2026-02-01 19:00:00,7.8080353739662645,sarimax
M0018,G06,2026-02-01 20:00:00,7.858402393801054,sarimax
M0018,G06,2026-02-01 21:00:00,7.8303296268561144,sarimax
M0018,G06,2026-02-01 22:00:00,7.726648593325116,sarimax
M0018,G06,2026-02-01 23:00:00,7.555366170796617,sarimax
M0019,G07,2026-02-01 00:00:00,13.808685005281848,sarimax
M0019,G07,2026-02-01 01:00:00,15.741043361719445,sarimax
M0019,G07,2026-02-01 02:00:00,17.682834903161986,sarimax
M0019,G07,2026-02-01 03:00:00,19.520316036974837,sarimax
M0019,G07,2026-02-01 04:00:00,21.128442718773535,sarimax
M0019,G07,2026-02-01 05:00:00,22.397981024763727,sarimax
M0019,G07,2026-02-01 06:00:00,23.24274342956873,sarimax
M0019,G07,2026-02-01 07:00:00,23.605464195420943,sarimax
M0019,G07,2026-02-01 08:00:00,23.461701487396493,sarimax
M0019,G07,2026-02-01 09:00:00,22.821502656971205,sarimax
M0019,G07,2026-02-01 10:00:00,21.728719181746243,sarimax
M0019,G07,2026-02-01 11:00:00,20.25801794785254,sarimax
M0019,G07,2026-02-01 12:00:00,18.50979255163192,sarimax
M0019,G07,2026-02-01 13:00:00,16.603321407358333,sarimax
M0019,G07,2026-02-01 14:00:00,14.66863892497931,sarimax
M0019,G07,2026-02-01 15:00:00,12.837673723954428,sarimax
M0019,G07,2026-02-01 16:00:00,11.23525779949107,sarimax
M0019,G07,2026-02-01 17:00:00,9.970619351803244,sarimax
M0019,G07,2026-02-01 18:00:00,9.129939028127758,sarimax
M0019,G07,2026-02-01 19:00:00,8.770476857354208,sarimax
M0019,G07,2026-02-01 20:00:00,8.916670116963447,sarimax
M0019,G07,2026-02-01 21:00:00,9.558468056133524,sarimax
M0019,G07,2026-02-01 22:00:00,10.652016960765096,sarimax
M0019,G07,2026-02-01 23:00:00,12.122648874204993,sarimax
M0020,G08,2026-02-01 00:00:00,19.825438902008873,seasonal_naive
M0020,G08,2026-02-01 01:00:00,20.976021909171614,seasonal_naive
M0020,G08,2026-02-01 02:00:00,18.139104811317917,seasonal_naive
M0020,G08,2026-02-01 03:00:00,13.72776327614067,seasonal_naive
M0020,G08,2026-02-01 04:00:00,14.852306461388139,seasonal_naive
M0020,G08,2026-02-01 05:00:00,10.684035541011033,seasonal_naive
M0020,G08,2026-02-01 06:00:00,8.396459023127745,seasonal_naive
M0020,G08,2026-02-01 07:00:00,7.930211886822726,seasonal_naive
M0020,G08,2026-02-01 08:00:00,7.7127223230620725,seasonal_naive
M0020,G08,2026-02-01 09:00:00,8.231111187413326,seasonal_naive
M0020,G08,2026-02-01 10:00:00,9.683534366332244,seasonal_naive
M0020,G08,2026-02-01 11:00:00,10.649525675180067,seasonal_naive
M0020,G08,2026-02-01 12:00:00,11.2903244834726,seasonal_naive
M0020,G08,2026-02-01 13:00:00,13.562878929863144,seasonal_naive
M0020,G08,2026-02-01 14:00:00,14.916859152387211,seasonal_naive
M0020,G08,2026-02-01 15:00:00,18.11845983132556,seasonal_naive
M0020,G08,2026-02-01 16:00:00,18.768920801060506,seasonal_naive
M0020,G08,2026-02-01 17:00:00,17.87496838650531,seasonal_naive
M0020,G08,2026-02-01 18:00:00,21.78280195641,seasonal_naive
M0020,G08,2026-02-01 19:00:00,23.067340379732,seasonal_naive
M0020,G08,2026-02-01 20:00:00,22.759198641372492,seasonal_naive
M0020,G08,2026-02-01 21:00:00,23.3188892087363,seasonal_naive
M0020,G08,2026-02-01 22:00:00,22.757822085239514,seasonal_naive
M0020,G08,2026-02-01 23:00:00,21.22556807147248,seasonal_naive
M0021,G09,2026-02-01 00:00:00,12.419535000400781,sarimax
M0021,G09,2026-02-01 01:00:00,11.6630919878939,sarimax
M0021,G09,2026-02-01 02:00:00,10.713939240832172,sarimax
M0021,G09,2026-02-01 03:00:00,9.641628065785305,sarimax
M0021,G09,2026-02-01 04:00:00,8.519643067197144,sarimax
M0021,G09,2026-02-01 05:00:00,7.42484239980939,sarimax
M0021,G09,2026-02-01 06:00:00,6.432280757560845,sarimax
M0021,G09,2026-02-01 07:00:00,5.610094741360444,sarimax
M0021,G09,2026-02-01 08:00:00,5.014858781442051,sarimax
M0021,G09,2026-02-01 09:00:00,4.687728923027864,sarimax
M0021,G09,2026-02-01 10:00:00,4.651637282318857,sarimax
M0021,G09,2026-02-01 11:00:00,4.9097283673134475,sarimax
M0021,G09,2026-02-01 12:00:00,5.44514382685815,sarimax
M0021,G09,2026-02-01 13:00:00,6.22217029826643,sarimax
M0021,G09,2026-02-01 14:00:00,7.188672131015639,sarimax
M0021,G09,2026-02-01 15:00:00,8.279643201936938,sarimax
M0021,G09,2026-02-01 16:00:00,9.421635773161608,sarimax
M0021,G09,2026-02-01 17:00:00,10.537764575154698,sarimax
M0021,G09,2026-02-01 18:00:00,11.552945096607669,sarimax
M0021,G09,2026-02-01 19:00:00,12.39900910222848,sarimax
M0021,G09,2026-02-01 20:00:00,13.019348766258219,sarimax
M0021,G09,2026-02-01 21:00:00,13.372772933674547,sarimax
M0021,G09,2026-02-01 22:00:00,13.436312713307743,sarimax
M0021,G09,2026-02-01 23:00:00,13.206785208455157,sarimax
M0022,G10,2026-02-01 00:00:00,6.656457088629914,sarimax
M0022,G10,2026-02-01 01:00:00,8.112938156586562,sarimax
M0022,G10,2026-02-01 02:00:00,9.531533998738734,sarimax
M0022,G10,2026-02-01 03:00:00,10.885793988914774,sarimax
M0022,G10,2026-02-01 04:00:00,12.096530792686277,sarimax
M0022,G10,2026-02-01 05:00:00,13.083960490898598,sarimax
M0022,G10,2026-02-01 06:00:00,13.781694601548905,sarimax
M0022,G10,2026-02-01 07:00:00,14.142829551758426,sarimax
M0022,G10,2026-02-01 08:00:00,14.143428881413195,sarimax
M0022,G10,2026-02-01 09:00:00,13.784206005176232,sarimax
M0022,G10,2026-02-01 10:00:00,13.090484143865623,sarimax
M0022,G10,2026-02-01 11:00:00,12.110471167952024,sarimax
M0022,G10,2026-02-01 12:00:00,10.911973329278812,sarimax
M0022,G10,2026-02-01 13:00:00,9.577773009395635,sarimax
M0022,G10,2026-02-01 14:00:00,8.199985699969625,sarimax
M0022,G10,2026-02-01 15:00:00,6.873780819186414,sarimax
M0022,G10,2026-02-01 16:00:00,5.690894289648709,sarimax
M0022,G10,2026-02-01 17:00:00,4.73337498867864,sarimax
M0022,G10,2026-02-01 18:00:00,4.067991242997052,sarimax
M0022,G10,2026-02-01 19:00:00,3.7416785587787897,sarimax
M0022,G10,2026-02-01 20:00:00,3.778338819729206,sarimax
M0022,G10,2026-02-01 21:00:00,4.177209085656334,sarimax
M0022,G10,2026-02-01 22:00:00,4.912911158475924,sarimax
M0022,G10,2026-02-01 23:00:00,5.937178541202599,sarimax
M0023,G11,2026-02-01 00:00:00,16.5182059631061,sarimax
M0023,G11,2026-02-01 01:00:00,14.639071191047213,sarimax
M0023,G11,2026-02-01 02:00:00,12.840910889155664,sarimax
M0023,G11,2026-02-01 03:00:00,11.274155757889446,sarimax
M0023,G11,2026-02-01 04:00:00,10.048837627838378,sarimax
M0023,G11,2026-02-01 05:00:00,9.248912422568065,sarimax
M0023,G11,2026-02-01 06:00:00,8.92901001751336,sarimax
M0023,G11,2026-02-01 07:00:00,9.110991107248084,sarimax
M0023,G11,2026-02-01 08:00:00,9.782489059617003,sarimax
M0023,G11,2026-02-01 09:00:00,10.897756223383361,sarimax
M0023,G11,2026-02-01 10:00:00,12.380781942448785,sarimax
M0023,G11,2026-02-01 11:00:00,14.130472612366074,sarimax
M0023,G11,2026-02-01 12:00:00,16.027541086588556,sarimax
M0023,G11,2026-02-01 13:00:00,17.94263596696471,sarimax
M0023,G11,2026-02-01 14:00:00,19.745156784771474,sarimax
M0023,G11,2026-02-01 15:00:00,21.31215433259554,sarimax
M0023,G11,2026-02-01 16:00:00,22.536709604030122,sarimax
M0023,G11,2026-02-01 17:00:00,23.33522033008376,sarimax
M0023,G11,2026-02-01 18:00:00,23.653098546631487,sarimax
M0023,G11,2026-02-01 19:00:00,23.468490912807166,sarimax
M0023,G11,2026-02-01 20:00:00,22.79376824645272,sarimax
M0023,G11,2026-02-01 21:00:00,21.67468276687235,sarimax
M0023,G11,2026-02-01 22:00:00,20.187250476994773,sarimax
M0023,G11,2026-02-01 23:00:00,18.432571144999077,sarimax
M0024,G12,2026-02-01 00:00:00,3.3327756363468874,sarimax
M0024,G12,2026-02-01 01:00:00,3.1767296253522295,sarimax
M0024,G12,2026-02-01 02:00:00,3.005537003741509,sarimax
M0024,G12,2026-02-01 03:00:00,2.825219987167742,sarimax
M0024,G12,2026-02-01 04:00:00,2.6465753328228034,sarimax
M0024,G12,2026-02-01 05:00:00,2.4814018767834534,sarimax
M0024,G12,2026-02-01 06:00:00,2.340885037810182,sarimax
M0024,G12,2026-02-01 07:00:00,2.234617697853253,sarimax
M0024,G12,2026-02-01 08:00:00,2.169888470723598,sarimax
M0024,G12,2026-02-01 09:00:00,2.1511694407721946,sarimax
M0024,G12,2026-02-01 10:00:00,2.179807173931528,sarimax
M0024,G12,2026-02-01 11:00:00,2.253929746488133,sarimax
M0024,G12,2026-02-01 12:00:00,2.3685739066607554,sarimax
M0024,G12,2026-02-01 13:00:00,2.516023109870467,sarimax
M0024,G12,2026-02-01 14:00:00,2.6863332327702993,sarimax
M0024,G12,2026-02-01 15:00:00,2.8680100973136695,sarimax
M0024,G12,2026-02-01 16:00:00,3.048792621599734,sarimax
M0024,G12,2026-02-01 17:00:00,3.216488224254465,sarimax
M0024,G12,2026-02-01 18:00:00,3.3598035503457564,sarimax
M0024,G12,2026-02-01 19:00:00,3.4691139062676544,sarimax
M0024,G12,2026-02-01 20:00:00,3.5371189680838957,sarimax
M0024,G12,2026-02-01 21:00:00,3.5593400781531344,sarimax
M0024,G12,2026-02-01 22:00:00,3.534425240379985,sarimax
M0024,G12,2026-02-01 23:00:00,3.464241029473154,sarimax
M0025,G01,2026-02-01 00:00:00,3.4844564340239947,sarimax
M0025,G01,2026-02-01 01:00:00,3.780680839466389,sarimax
M0025,G01,2026-02-01 02:00:00,4.078898248453916,sarimax
M0025,G01,2026-02-01 03:00:00,4.3159419243538055,sarimax
M0025,G01,2026-02-01 04:00:00,4.471463392685742,sarimax
M0025,G01,2026-02-01 05:00:00,4.534362223942736,sarimax
M0025,G01,2026-02-01 06:00:00,4.500190136381796,sarimax
M0025,G01,2026-02-01 07:00:00,4.3711327918183915,sarimax
M0025,G01,2026-02-01 08:00:00,4.1558302063172015,sarimax
M0025,G01,2026-02-01 09:00:00,3.8687852064942527,sarimax
M0025,G01,2026-02-01 10:00:00,3.529375039519394,sarimax
M0025,G01,2026-02-01 11:00:00,3.16053107643371,sarimax
M0025,G01,2026-02-01 12:00:00,2.7871763526389857,sarimax
M0025,G01,2026-02-01 13:00:00,2.434527401971388,sarimax
M0025,G01,2026-02-01 14:00:00,2.1263761090119178,sarimax
M0025,G01,2026-02-01 15:00:00,1.883468667910853,sarimax
M0025,G01,2026-02-01 16:00:00,1.7220921185132434,sarimax
M0025,G01,2026-02-01 17:00:00,1.652964784514299,sarimax
M0025,G01,2026-02-01 18:00:00,1.680506227928885,sarimax
M0025,G01,2026-02-01 19:00:00,1.8025364707253797,sarimax
M0025,G01,2026-02-01 20:00:00,2.010424980602589,sarimax
M0025,G01,2026-02-01 21:00:00,2.289679267182394,sarimax
M0025,G01,2026-02-01 22:00:00,2.620932976145386,sarimax
M0025,G01,2026-02-01 23:00:00,2.9812661436908665,sarimax
M0026,G02,2026-02-01 00:00:00,9.44940316862714,sarimax
M0026,G02,2026-02-01 01:00:00,11.161413367431237,sarimax
M0026,G02,2026-02-01 02:00:00,12.882057983062891,sarimax
M0026,G02,2026-02-01 03:00:00,14.510868837582946,sarimax
M0026,G02,2026-02-01 04:00:00,15.940406859352851,sarimax
M0026,G02,2026-02-01 05:00:00,17.07463182427048,sarimax
M0026,G02,2026-02-01 06:00:00,17.837318697657217,sarimax
M0026,G02,2026-02-01 07:00:00,18.177568239121232,sarimax
M0026,G02,2026-02-01 08:00:00,18.073328005617842,sarimax
M0026,G02,2026-02-01 09:00:00,17.532902721456523,sarimax
M0026,G02,2026-02-01 10:00:00,16.594388191128164,sarimax
M0026,G02,2026-02-01 11:00:00,15.323073623535699,sarimax
M0026,G02,2026-02-01 12:00:00,13.806990463185345,sarimax
M0026,G02,2026-02-01 13:00:00,12.150911251370658,sarimax
M0026,G02,2026-02-01 14:00:00,10.469207518381928,sarimax
M0026,G02,2026-02-01 15:00:00,8.878053437616524,sarimax
M0026,G02,2026-02-01 16:00:00,7.4875065535164245,sarimax
M0026,G02,2026-02-01 17:00:00,6.394005271854491,sarimax
M0026,G02,2026-02-01 18:00:00,5.673794399207993,sarimax
M0026,G02,2026-02-01 19:00:00,5.3777267735199885,sarimax
M0026,G02,2026-02-01 20:00:00,5.527795249409086,sarimax
M0026,G02,2026-02-01 21:00:00,6.115631381163064,sarimax
M0026,G02,2026-02-01 22:00:00,7.103073119242237,sarimax
M0026,G02,2026-02-01 23:00:00,8.424762836349238,sarimax
M0027,G03,2026-02-01 00:00:00,3.098025212131211,sarimax
M0027,G03,2026-02-01 01:00:00,2.9124024381637073,sarimax
M0027,G03,2026-02-01 02:00:00,2.689737206021439,sarimax
M0027,G03,2026-02-01 03:00:00,2.44764219972354,sarimax
M0027,G03,2026-02-01 04:00:00,2.202767089058994,sarimax
M0027,G03,2026-02-01 05:00:00,1.9718039345941358,sarimax
M0027,G03,2026-02-01 06:00:00,1.7704963019807947,sarimax
M0027,G03,2026-02-01 07:00:00,1.612576407944161,sarimax
M0027,G03,2026-02-01 08:00:00,1.5088299622218893,sarimax
M0027,G03,2026-02-01 09:00:00,1.4663611532662415,sarimax
M0027,G03,2026-02-01 10:00:00,1.4881084651670382,sarimax
M0027,G03,2026-02-01 11:00:00,1.572644363074093,sarimax
M0027,G03,2026-02-01 12:00:00,1.7142725011182325,sarimax
M0027,G03,2026-02-01 13:00:00,1.903415828570553,sarimax
M0027,G03,2026-02-01 14:00:00,2.127269145586142,sarimax
M0027,G03,2026-02-01 15:00:00,2.370671638083692,sarimax
M0027,G03,2026-02-01 16:00:00,2.6171399301164504,sarimax
M0027,G03,2026-02-01 17:00:00,2.8499912531073184,sarimax
M0027,G03,2026-02-01 18:00:00,3.0534801900244766,sarimax
M0027,G03,2026-02-01 19:00:00,3.213871527482823,sarimax
M0027,G03,2026-02-01 20:00:00,3.3203761029140866,sarimax
M0027,G03,2026-02-01 21:00:00,3.3658858706261867,sarimax
M0027,G03,2026-02-01 22:00:00,3.3474580934909133,sarimax
M0027,G03,2026-02-01 23:00:00,3.266515663690112,sarimax
M0028,G04,2026-02-01 00:00:00,9.232383334122138,seasonal_naive
M0028,G04,2026-02-01 01:00:00,8.902942933808806,seasonal_naive
M0028,G04,2026-02-01 02:00:00,8.211979172144133,seasonal_naive
M0028,G04,2026-02-01 03:00:00,6.8795710450827565,seasonal_naive
M0028,G04,2026-02-01 04:00:00,6.6744206208271635,seasonal_naive
M0028,G04,2026-02-01 05:00:00,5.658935287641589,seasonal_naive
M0028,G04,2026-02-01 06:00:00,4.99433843202715,seasonal_naive
M0028,G04,2026-02-01 07:00:00,4.787270170515201,seasonal_naive
M0028,G04,2026-02-01 08:00:00,4.568197520815586,seasonal_naive
M0028,G04,2026-02-01 09:00:00,4.721101717649607,seasonal_naive
M0028,G04,2026-02-01 10:00:00,5.032591198037534,seasonal_naive
M0028,G04,2026-02-01 11:00:00,5.941962700427246,seasonal_naive
M0028,G04,2026-02-01 12:00:00,6.843095674834455,seasonal_naive
M0028,G04,2026-02-01 13:00:00,7.869137127955329,seasonal_naive
M0028,G04,2026-02-01 14:00:00,8.237813808524123,seasonal_naive
M0028,G04,2026-02-01 15:00:00,8.871248418402837,seasonal_naive
M0028,G04,2026-02-01 16:00:00,10.154294400524913,seasonal_naive
M0028,G04,2026-02-01 17:00:00,10.041668681378333,seasonal_naive
M0028,G04,2026-02-01 18:00:00,11.407335861345608,seasonal_naive
M0028,G04,2026-02-01 19:00:00,10.96267977177179,seasonal_naive
M0028,G04,2026-02-01 20:00:00,11.895319833081075,seasonal_naive
M0028,G04,2026-02-01 21:00:00,10.8404526631625,seasonal_naive
M0028,G04,2026-02-01 22:00:00,11.12178664704798,seasonal_naive
M0028,G04,2026-02-01 23:00:00,10.678283997064275,seasonal_naive
M0029,G05,2026-02-01 00:00:00,7.800483845937871,weighted_baseline
M0029,G05,2026-02-01 01:00:00,9.17005136611794,weighted_baseline
M0029,G05,2026-02-01 02:00:00,9.312427879465519,weighted_baseline
M0029,G05,2026-02-01 03:00:00,8.476342612661805,weighted_baseline
M0029,G05,2026-02-01 04:00:00,10.666707149643841,weighted_baseline
M0029,G05,2026-02-01 05:00:00,9.652810188498146,weighted_baseline
M0029,G05,2026-02-01 06:00:00,10.541358231039537,weighted_baseline
M0029,G05,2026-02-01 07:00:00,11.653416216481439,weighted_baseline
M0029,G05,2026-02-01 08:00:00,10.313820999200944,weighted_baseline
M0029,G05,2026-02-01 09:00:00,13.971783469040261,weighted_baseline
M0029,G05,2026-02-01 10:00:00,10.103328796428803,weighted_baseline
M0029,G05,2026-02-01 11:00:00,10.570732920772326,weighted_baseline
M0029,G05,2026-02-01 12:00:00,9.763138503487673,weighted_baseline
M0029,G05,2026-02-01 13:00:00,10.202540955272422,weighted_baseline
M0029,G05,2026-02-01 14:00:00,8.550394951508126,weighted_baseline
M0029,G05,2026-02-01 15:00:00,7.616287072343991,weighted_baseline
M0029,G05,2026-02-01 16:00:00,8.68702381293246,weighted_baseline
M0029,G05,2026-02-01 17:00:00,7.173637207461737,weighted_baseline
M0029,G05,2026-02-01 18:00:00,6.822505532782208,weighted_baseline
M0029,G05,2026-02-01 19:00:00,7.668780088990432,weighted_baseline
M0029,G05,2026-02-01 20:00:00,7.936475265826423,weighted_baseline
M0029,G05,2026-02-01 21:00:00,5.8259036493196295,weighted_baseline
M0029,G05,2026-02-01 22:00:00,7.206641100632198,weighted_baseline
M0029,G05,2026-02-01 23:00:00,7.154630654331834,weighted_baseline
M0030,G06,2026-02-01 00:00:00,5.152239964295137,sarimax
M0030,G06,2026-02-01 01:00:00,4.466147548850186,sarimax
M0030,G06,2026-02-01 02:00:00,3.7759554859070876,sarimax
M0030,G06,2026-02-01 03:00:00,3.1398376450593704,sarimax
M0030,G06,2026-02-01 04:00:00,2.604828872493713,sarimax
M0030,G06,2026-02-01 05:00:00,2.2086792566506217,sarimax
M0030,G06,2026-02-01 06:00:00,1.9789273564814787,sarimax
M0030,G06,2026-02-01 07:00:00,1.9315587364716125,sarimax
M0030,G06,2026-02-01 08:00:00,2.0700904858010394,sarimax
M0030,G06,2026-02-01 09:00:00,2.3853878547408747,sarimax
M0030,G06,2026-02-01 10:00:00,2.8563047980746794,sarimax
M0030,G06,2026-02-01 11:00:00,3.4511305693802345,sarimax
M0030,G06,2026-02-01 12:00:00,4.1297521753704896,sarimax
M0030,G06,2026-02-01 13:00:00,4.846388053235298,sarimax
M0030,G06,2026-02-01 14:00:00,5.552707564288567,sarimax
M0030,G06,2026-02-01 15:00:00,6.20112400539565,sarimax
M0030,G06,2026-02-01 16:00:00,6.748036819869388,sarimax
M0030,G06,2026-02-01 17:00:00,7.156802088165925,sarimax
M0030,G06,2026-02-01 18:00:00,7.4002288754446655,sarimax
M0030,G06,2026-02-01 19:00:00,7.462431318494184,sarimax
M0030,G06,2026-02-01 20:00:00,7.339910237715647,sarimax
M0030,G06,2026-02-01 21:00:00,7.041790565812576,sarimax
M0030,G06,2026-02-01 22:00:00,6.589198414372639,sarimax
M0030,G06,2026-02-01 23:00:00,6.013820231777271,sarimax
M0031,G07,2026-02-01 00:00:00,26.140108778173648,sarimax
M0031,G07,2026-02-01 01:00:00,24.93250597571393,sarimax
M0031,G07,2026-02-01 02:00:00,23.47543011914044,sarimax
M0031,G07,2026-02-01 03:00:00,21.90169126914615,sarimax
M0031,G07,2026-02-01 04:00:00,20.324621837334924,sarimax
M0031,G07,2026-02-01 05:00:00,18.85268643419697,sarimax
M0031,G07,2026-02-01 06:00:00,17.586167732893855,sarimax
M0031,G07,2026-02-01 07:00:00,16.611077098631828,sarimax
M0031,G07,2026-02-01 08:00:00,15.99342943335476,sarimax
M0031,G07,2026-02-01 09:00:00,15.774769800718747,sarimax
M0031,G07,2026-02-01 10:00:00,15.969347494842335,sarimax
M0031,G07,2026-02-01 11:00:00,16.563146713691882,sarimax
M0031,G07,2026-02-01 12:00:00,17.51484292072755,sarimax
M0031,G07,2026-02-01 13:00:00,18.758620271485505,sarimax
M0031,G07,2026-02-01 14:00:00,20.2086582013438,sarimax
M0031,G07,2026-02-01 15:00:00,21.764981437473395,sarimax
M0031,G07,2026-02-01 16:00:00,23.32027476761851,sarimax
M0031,G07,2026-02-01 17:00:00,24.767198148825535,sarimax
M0031,G07,2026-02-01 18:00:00,26.005703641207905,sarimax
M0031,G07,2026-02-01 19:00:00,26.9498555271837,sarimax
M0031,G07,2026-02-01 20:00:00,27.533688833512795,sarimax
M0031,G07,2026-02-01 21:00:00,27.715707004539276,sarimax
M0031,G07,2026-02-01 22:00:00,27.481712214466665,sarimax
M0031,G07,2026-02-01 23:00:00,26.84577543421828,sarimax
M0032,G08,2026-02-01 00:00:00,3.7744360321304966,sarimax
M0032,G08,2026-02-01 01:00:00,4.264320245037762,sarimax
M0032,G08,2026-02-01 02:00:00,4.75005908050423,sarimax
M0032,G08,2026-02-01 03:00:00,5.183036518172457,sarimax
M0032,G08,2026-02-01 04:00:00,5.531901881796962,sarimax
M0032,G08,2026-02-01 05:00:00,5.772498784904326,sarimax
M0032,G08,2026-02-01 06:00:00,5.888187989966989,sarimax
M0032,G08,2026-02-01 07:00:00,5.8708381406796235,sarimax
M0032,G08,2026-02-01 08:00:00,5.721364682490976,sarimax
M0032,G08,2026-02-01 09:00:00,5.44966616229371,sarimax
M0032,G08,2026-02-01 10:00:00,5.073949878386104,sarimax
M0032,G08,2026-02-01 11:00:00,4.619491494817951,sarimax
M0032,G08,2026-02-01 12:00:00,4.116913004332809,sarimax
M0032,G08,2026-02-01 13:00:00,3.600096377476268,sarimax
M0032,G08,2026-02-01 14:00:00,3.1038750768442074,sarimax
M0032,G08,2026-02-01 15:00:00,2.661660755055051,sarimax
M0032,G08,2026-02-01 16:00:00,2.3031668722805647,sarimax
M0032,G08,2026-02-01 17:00:00,2.052384364244176,sarimax
M0032,G08,2026-02-01 18:00:00,1.9259473147402688,sarimax
M0032,G08,2026-02-01 19:00:00,1.9320000085310496,sarimax
M0032,G08,2026-02-01 20:00:00,2.0696425722011846,sarimax
M0032,G08,2026-02-01 21:00:00,2.3289929807061958,sarimax
M0032,G08,2026-02-01 22:00:00,2.6918612030174534,sarimax
M0032,G08,2026-02-01 23:00:00,3.1329895439703717,sarimax
M0033,G09,2026-02-01 00:00:00,13.912727850637598,holt_winters
M0033,G09,2026-02-01 01:00:00,11.920710007378423,holt_winters
M0033,G09,2026-02-01 02:00:00,10.783032712067875,holt_winters
M0033,G09,2026-02-01 03:00:00,9.671858883553828,holt_winters
M0033,G09,2026-02-01 04:00:00,8.557156675995918,holt_winters
M0033,G09,2026-02-01 05:00:00,8.352485821366423,holt_winters
M0033,G09,2026-02-01 06:00:00,8.285207142999974,holt_winters
M0033,G09,2026-02-01 07:00:00,9.617035927498979,holt_winters
M0033,G09,2026-02-01 08:00:00,9.561135462806705,holt_winters
M0033,G09,2026-02-01 09:00:00,11.049939089584683,holt_winters
M0033,G09,2026-02-01 10:00:00,11.807402269749751,holt_winters
M0033,G09,2026-02-01 11:00:00,13.886642462448195,holt_winters
M0033,G09,2026-02-01 12:00:00,14.529193651536776,holt_winters
M0033,G09,2026-02-01 13:00:00,16.633450261772868,holt_winters
M0033,G09,2026-02-01 14:00:00,17.236358161995913,holt_winters
M0033,G09,2026-02-01 15:00:00,19.685558341764082,holt_winters
M0033,G09,2026-02-01 16:00:00,18.945243938123355,holt_winters
M0033,G09,2026-02-01 17:00:00,18.86624526478587,holt_winters
M0033,G09,2026-02-01 18:00:00,19.420282686623487,holt_winters
M0033,G09,2026-02-01 19:00:00,19.00651363082085,holt_winters
M0033,G09,2026-02-01 20:00:00,18.194642670688747,holt_winters
M0033,G09,2026-02-01 21:00:00,17.934799401781433,holt_winters
M0033,G09,2026-02-01 22:00:00,17.208918117807702,holt_winters
M0033,G09,2026-02-01 23:00:00,15.051736822276103,holt_winters
M0034,G10,2026-02-01 00:00:00,4.545577030950776,holt_winters
M0034,G10,2026-02-01 01:00:00,4.79970738892417,holt_winters
M0034,G10,2026-02-01 02:00:00,5.060593035926216,holt_winters
M0034,G10,2026-02-01 03:00:00,5.262791625455614,holt_winters
M0034,G10,2026-02-01 04:00:00,5.488318082574308,holt_winters
M0034,G10,2026-02-01 05:00:00,5.551020571324963,holt_winters
M0034,G10,2026-02-01 06:00:00,5.703064150305975,holt_winters
M0034,G10,2026-02-01 07:00:00,5.826295897989641,holt_winters
M0034,G10,2026-02-01 08:00:00,5.78942986399276,holt_winters
M0034,G10,2026-02-01 09:00:00,5.751344631172728,holt_winters
M0034,G10,2026-02-01 10:00:00,5.505772168803683,holt_winters
M0034,G10,2026-02-01 11:00:00,5.440517889878483,holt_winters
M0034,G10,2026-02-01 12:00:00,5.220606380464994,holt_winters
M0034,G10,2026-02-01 13:00:00,5.089359659842061,holt_winters
M0034,G10,2026-02-01 14:00:00,4.796605732607174,holt_winters
M0034,G10,2026-02-01 15:00:00,4.648580729000914,holt_winters
M0034,G10,2026-02-01 16:00:00,4.5138537131674745,holt_winters
M0034,G10,2026-02-01 17:00:00,4.30943042374814,holt_winters
M0034,G10,2026-02-01 18:00:00,4.086497783280785,holt_winters
M0034,G10,2026-02-01 19:00:00,4.132783754922151,holt_winters
M0034,G10,2026-02-01 20:00:00,4.0997684779185235,holt_winters
M0034,G10,2026-02-01 21:00:00,4.1203855777791745,holt_winters
M0034,G10,2026-02-01 22:00:00,4.144125324748682,holt_winters
M0034,G10,2026-02-01 23:00:00,4.3654618201584015,holt_winters
M0035,G11,2026-02-01 00:00:00,6.059188198319801,seasonal_naive
M0035,G11,2026-02-01 01:00:00,5.086740993135449,seasonal_naive
M0035,G11,2026-02-01 02:00:00,4.964743856497978,seasonal_naive
M0035,G11,2026-02-01 03:00:00,4.751155460621206,seasonal_naive
M0035,G11,2026-02-01 04:00:00,4.918944423280126,seasonal_naive
M0035,G11,2026-02-01 05:00:00,4.29930629046633,seasonal_naive
M0035,G11,2026-02-01 06:00:00,3.463290462923115,seasonal_naive
M0035,G11,2026-02-01 07:00:00,3.962664964128378,seasonal_naive
M0035,G11,2026-02-01 08:00:00,4.307868209130274,seasonal_naive
M0035,G11,2026-02-01 09:00:00,4.167377525118646,seasonal_naive
M0035,G11,2026-02-01 10:00:00,4.342065493558353,seasonal_naive
M0035,G11,2026-02-01 11:00:00,4.796741288815452,seasonal_naive
M0035,G11,2026-02-01 12:00:00,4.637700046831257,seasonal_naive
M0035,G11,2026-02-01 13:00:00,5.174496070591267,seasonal_naive
M0035,G11,2026-02-01 14:00:00,6.335575784798175,seasonal_naive
M0035,G11,2026-02-01 15:00:00,6.5079037199137995,seasonal_naive
M0035,G11,2026-02-01 16:00:00,6.834993333076195,seasonal_naive
M0035,G11,2026-02-01 17:00:00,6.865323911476988,seasonal_naive
M0035,G11,2026-02-01 18:00:00,7.351622799430692,seasonal_naive
M0035,G11,2026-02-01 19:00:00,7.31435247817559,seasonal_naive
M0035,G11,2026-02-01 20:00:00,5.792520333421045,seasonal_naive
M0035,G11,2026-02-01 21:00:00,7.133702460506145,seasonal_naive
M0035,G11,2026-02-01 22:00:00,4.994239413263295,seasonal_naive
M0035,G11,2026-02-01 23:00:00,7.029375160683398,seasonal_naive
M0036,G12,2026-02-01 00:00:00,13.982162749700382,sarimax
M0036,G12,2026-02-01 01:00:00,12.775122359376745,sarimax
M0036,G12,2026-02-01 02:00:00,11.714666834100571,sarimax
M0036,G12,2026-02-01 03:00:00,10.932747824256996,sarimax
M0036,G12,2026-02-01 04:00:00,10.488033011499605,sarimax
M0036,G12,2026-02-01 05:00:00,10.411521129779317,sarimax
M0036,G12,2026-02-01 06:00:00,10.708703761479924,sarimax
M0036,G12,2026-02-01 07:00:00,11.359559061648742,sarimax
M0036,G12,2026-02-01 08:00:00,12.319947628178944,sarimax
M0036,G12,2026-02-01 09:00:00,13.524622962434226,sarimax
M0036,G12,2026-02-01 10:00:00,14.891677862835946,sarimax
M0036,G12,2026-02-01 11:00:00,16.32812602065432,sarimax
M0036,G12,2026-02-01 12:00:00,17.736238638565567,sarimax
M0036,G12,2026-02-01 13:00:00,19.02020425918607,sarimax
M0036,G12,2026-02-01 14:00:00,20.092657949053546,sarimax
M0036,G12,2026-02-01 15:00:00,20.88063488537445,sarimax
M0036,G12,2026-02-01 16:00:00,21.330542618714667,sarimax
M0036,G12,2026-02-01 17:00:00,21.411813160386185,sarimax
M0036,G12,2026-02-01 18:00:00,21.118986011018812,sarimax
M0036,G12,2026-02-01 19:00:00,20.472080175542985,sarimax
M0036,G12,2026-02-01 20:00:00,19.515229812529903,sarimax
M0036,G12,2026-02-01 21:00:00,18.313676496255653,sarimax
M0036,G12,2026-02-01 22:00:00,16.949323063954065,sarimax
M0036,G12,2026-02-01 23:00:00,15.515152046286696,sarimax
M0037,G01,2026-02-01 00:00:00,6.321163527874894,seasonal_naive
M0037,G01,2026-02-01 01:00:00,7.3699835219981376,seasonal_naive
M0037,G01,2026-02-01 02:00:00,8.93294029297611,seasonal_naive
M0037,G01,2026-02-01 03:00:00,10.400259041617097,seasonal_naive
M0037,G01,2026-02-01 04:00:00,8.977258228188912,seasonal_naive
M0037,G01,2026-02-01 05:00:00,10.278068430720428,seasonal_naive
M0037,G01,2026-02-01 06:00:00,9.303472211641683,seasonal_naive
M0037,G01,2026-02-01 07:00:00,11.819047090480192,seasonal_naive
M0037,G01,2026-02-01 08:00:00,11.701267569705164,seasonal_naive
M0037,G01,2026-02-01 09:00:00,10.73994227822004,seasonal_naive
M0037,G01,2026-02-01 10:00:00,10.882508375058451,seasonal_naive
M0037,G01,2026-02-01 11:00:00,10.86381696802555,seasonal_naive
M0037,G01,2026-02-01 12:00:00,8.882076678312371,seasonal_naive
M0037,G01,2026-02-01 13:00:00,7.89281540803174,seasonal_naive
M0037,G01,2026-02-01 14:00:00,8.135287614544147,seasonal_naive
M0037,G01,2026-02-01 15:00:00,7.764849502959111,seasonal_naive
M0037,G01,2026-02-01 16:00:00,6.826135966354255,seasonal_naive
M0037,G01,2026-02-01 17:00:00,6.400977577223303,seasonal_naive
M0037,G01,2026-02-01 18:00:00,6.220183532613633,seasonal_naive
M0037,G01,2026-02-01 19:00:00,5.572010839731045,seasonal_naive
M0037,G01,2026-02-01 20:00:00,5.278557224633906,seasonal_naive
M0037,G01,2026-02-01 21:00:00,5.651315742979349,seasonal_naive
M0037,G01,2026-02-01 22:00:00,5.888095807848755,seasonal_naive
M0037,G01,2026-02-01 23:00:00,6.678630108207062,seasonal_naive
M0038,G02,2026-02-01 00:00:00,6.7006452167746255,sarimax
M0038,G02,2026-02-01 01:00:00,6.291161999848944,sarimax
M0038,G02,2026-02-01 02:00:00,5.890557739044173,sarimax
M0038,G02,2026-02-01 03:00:00,5.555537444394653,sarimax
M0038,G02,2026-02-01 04:00:00,5.31105730926995,sarimax
M0038,G02,2026-02-01 05:00:00,5.17393761466699,sarimax
M0038,G02,2026-02-01 06:00:00,5.1535679530109535,sarimax
M0038,G02,2026-02-01 07:00:00,5.25140271948147,sarimax
M0038,G02,2026-02-01 08:00:00,5.460871811148623,sarimax
M0038,G02,2026-02-01 09:00:00,5.76782895730201,sarimax
M0038,G02,2026-02-01 10:00:00,6.15151563741844,sarimax
M0038,G02,2026-02-01 11:00:00,6.585975519990175,sarimax
M0038,G02,2026-02-01 12:00:00,7.0418230763811325,sarimax
M0038,G02,2026-02-01 13:00:00,7.488245845303349,sarimax
M0038,G02,2026-02-01 14:00:00,7.895103897576714,sarimax
M0038,G02,2026-02-01 15:00:00,8.234983426630405,sarimax
M0038,G02,2026-02-01 16:00:00,8.485064516502039,sarimax
M0038,G02,2026-02-01 17:00:00,8.628675802644157,sarimax
M0038,G02,2026-02-01 18:00:00,8.656430078642872,sarimax
M0038,G02,2026-02-01 19:00:00,8.566863459853678,sarimax
M0038,G02,2026-02-01 20:00:00,8.366534546790657,sarimax
M0038,G02,2026-02-01 21:00:00,8.069576831284246,sarimax
M0038,G02,2026-02-01 22:00:00,7.696734849077838,sarimax
M0038,G02,2026-02-01 23:00:00,7.273949764412527,sarimax
M0039,G03,2026-02-01 00:00:00,12.256766458505961,sarimax
M0039,G03,2026-02-01 01:00:00,13.235087327839842,sarimax
M0039,G03,2026-02-01 02:00:00,14.260275143176452,sarimax
M0039,G03,2026-02-01 03:00:00,15.2079740036028,sarimax
M0039,G03,2026-02-01 04:00:00,16.003566140671097,sarimax
M0039,G03,2026-02-01 05:00:00,16.590978446396576,sarimax
M0039,G03,2026-02-01 06:00:00,16.929842644232753,sarimax
M0039,G03,2026-02-01 07:00:00,16.997023261739447,sarimax
M0039,G03,2026-02-01 08:00:00,16.787969680712692,sarimax
M0039,G03,2026-02-01 09:00:00,16.31698496683848,sarimax
M0039,G03,2026-02-01 10:00:00,15.616243486778536,sarimax
M0039,G03,2026-02-01 11:00:00,14.733596779191501,sarimax
M0039,G03,2026-02-01 12:00:00,13.729312160225112,sarimax
M0039,G03,2026-02-01 13:00:00,12.671965395837072,sarimax
M0039,G03,2026-02-01 14:00:00,11.633767178654328,sarimax
M0039,G03,2026-02-01 15:00:00,10.685641871280104,sarimax
M0039,G03,2026-02-01 16:00:00,9.892393886126278,sarimax
M0039,G03,2026-02-01 17:00:00,9.30829110428277,sarimax
M0039,G03,2026-02-01 18:00:00,8.973366316309935,sarimax
M0039,G03,2026-02-01 19:00:00,8.910688736025836,sarimax
M0039,G03,2026-02-01 20:00:00,9.124791529552521,sarimax
M0039,G03,2026-02-01 21:00:00,9.60136252139552,sarimax
M0039,G03,2026-02-01 22:00:00,10.308219155937994,sarimax
M0039,G03,2026-02-01 23:00:00,11.197501272879734,sarimax
M0040,G04,2026-02-01 00:00:00,12.426026536023848,sarimax
M0040,G04,2026-02-01 01:00:00,11.98409628576986,sarimax
M0040,G04,2026-02-01 02:00:00,11.296668483525023,sarimax
M0040,G04,2026-02-01 03:00:00,10.530442129777729,sarimax
M0040,G04,2026-02-01 04:00:00,9.791609092785766,sarimax
M0040,G04,2026-02-01 05:00:00,9.155053734341179,sarimax
M0040,G04,2026-02-01 06:00:00,8.675579320831437,sarimax
M0040,G04,2026-02-01 07:00:00,8.391491325757238,sarimax
M0040,G04,2026-02-01 08:00:00,8.325266078745795,sarimax
M0040,G04,2026-02-01 09:00:00,8.48348784568292,sarimax
M0040,G04,2026-02-01 10:00:00,8.857057469888339,sarimax
M0040,G04,2026-02-01 11:00:00,9.422106019763039,sarimax
M0040,G04,2026-02-01 12:00:00,10.141751815584207,sarimax
M0040,G04,2026-02-01 13:00:00,10.968671020092383,sarimax
M0040,G04,2026-02-01 14:00:00,11.848346915046578,sarimax
M0040,G04,2026-02-01 15:00:00,12.722794496224502,sarimax
M0040,G04,2026-02-01 16:00:00,13.534514660497058,sarimax
M0040,G04,2026-02-01 17:00:00,14.230412145547442,sarimax
M0040,G04,2026-02-01 18:00:00,14.765411851234639,sarimax
M0040,G04,2026-02-01 19:00:00,15.105527829376836,sarimax
M0040,G04,2026-02-01 20:00:00,15.230176126581775,sarimax
M0040,G04,2026-02-01 21:00:00,15.133574014927818,sarimax
M0040,G04,2026-02-01 22:00:00,14.825130325917836,sarimax
M0040,G04,2026-02-01 23:00:00,14.328800321799845,sarimax
M0041,G05,2026-02-01 00:00:00,15.724875525684297,sarimax
M0041,G05,2026-02-01 01:00:00,16.695476392568484,sarimax
M0041,G05,2026-02-01 02:00:00,17.515369368459073,sarimax
M0041,G05,2026-02-01 03:00:00,18.215132943617945,sarimax
M0041,G05,2026-02-01 04:00:00,18.755208305141643,sarimax
M0041,G05,2026-02-01 05:00:00,19.099706786143035,sarimax
M0041,G05,2026-02-01 06:00:00,19.225447613333667,sarimax
M0041,G05,2026-02-01 07:00:00,19.12414843737342,sarimax
M0041,G05,2026-02-01 08:00:00,18.80304602134714,sarimax
M0041,G05,2026-02-01 09:00:00,18.284407853658756,sarimax
M0041,G05,2026-02-01 10:00:00,17.604014604123577,sarimax
M0041,G05,2026-02-01 11:00:00,16.808721165335363,sarimax
M0041,G05,2026-02-01 12:00:00,15.953262891934921,sarimax
M0041,G05,2026-02-01 13:00:00,15.096524725401752,sarimax
M0041,G05,2026-02-01 14:00:00,14.297527461843968,sarimax
M0041,G05,2026-02-01 15:00:00,13.611404693470904,sarimax
M0041,G05,2026-02-01 16:00:00,13.08564458981128,sarimax
M0041,G05,2026-02-01 17:00:00,12.756852636415363,sarimax
M0041,G05,2026-02-01 18:00:00,12.64825594647702,sarimax
M0041,G05,2026-02-01 19:00:00,12.768119223931816,sarimax
M0041,G05,2026-02-01 20:00:00,13.109180329133203,sarimax
M0041,G05,2026-02-01 21:00:00,13.64914391406326,sarimax
M0041,G05,2026-02-01 22:00:00,14.352199488427004,sarimax
M0041,G05,2026-02-01 23:00:00,15.171460464787856,sarimax
M0042,G06,2026-02-01 00:00:00,14.58667308065606,holt_winters
M0042,G06,2026-02-01 01:00:00,12.504246647989751,holt_winters
M0042,G06,2026-02-01 02:00:00,10.898624830626822,holt_winters
M0042,G06,2026-02-01 03:00:00,9.530630618281517,holt_winters
M0042,G06,2026-02-01 04:00:00,8.403190671305065,holt_winters
M0042,G06,2026-02-01 05:00:00,7.3396379745412546,holt_winters
M0042,G06,2026-02-01 06:00:00,7.13307358504686,holt_winters
M0042,G06,2026-02-01 07:00:00,7.0013537778993316,holt_winters
M0042,G06,2026-02-01 08:00:00,7.481545303495675,holt_winters
M0042,G06,2026-02-01 09:00:00,7.941952461176529,holt_winters
M0042,G06,2026-02-01 10:00:00,8.620683055373492,holt_winters
M0042,G06,2026-02-01 11:00:00,9.818059807311194,holt_winters
M0042,G06,2026-02-01 12:00:00,11.41916024048668,holt_winters
M0042,G06,2026-02-01 13:00:00,12.570963382866935,holt_winters
M0042,G06,2026-02-01 14:00:00,14.279988426665858,holt_winters
M0042,G06,2026-02-01 15:00:00,15.246962510629817,holt_winters
M0042,G06,2026-02-01 16:00:00,15.723369439198791,holt_winters
M0042,G06,2026-02-01 17:00:00,16.87289588011852,holt_winters
M0042,G06,2026-02-01 18:00:00,17.424719366124908,holt_winters
M0042,G06,2026-02-01 19:00:00,18.332432588495383,holt_winters
M0042,G06,2026-02-01 20:00:00,17.703378377693205,holt_winters
M0042,G06,2026-02-01 21:00:00,17.767194714373197,holt_winters
M0042,G06,2026-02-01 22:00:00,16.205677679495967,holt_winters
M0042,G06,2026-02-01 23:00:00,15.773272675395123,holt_winters
M0043,G07,2026-02-01 00:00:00,14.84367052387753,holt_winters
M0043,G07,2026-02-01 01:00:00,12.593316191097395,holt_winters
M0043,G07,2026-02-01 02:00:00,11.961018192715963,holt_winters
M0043,G07,2026-02-01 03:00:00,11.104049934725587,holt_winters
M0043,G07,2026-02-01 04:00:00,10.754955037002942,holt_winters
M0043,G07,2026-02-01 05:00:00,10.291202697587822,holt_winters
M0043,G07,2026-02-01 06:00:00,10.433388730364564,holt_winters
M0043,G07,2026-02-01 07:00:00,10.27482267842863,holt_winters
M0043,G07,2026-02-01 08:00:00,10.564000070028442,holt_winters
M0043,G07,2026-02-01 09:00:00,11.10543885012796,holt_winters
M0043,G07,2026-02-01 10:00:00,11.958705775586555,holt_winters
M0043,G07,2026-02-01 11:00:00,12.60330529581102,holt_winters
M0043,G07,2026-02-01 12:00:00,15.256398754632695,holt_winters
M0043,G07,2026-02-01 13:00:00,14.679834334503386,holt_winters
M0043,G07,2026-02-01 14:00:00,15.300614295129535,holt_winters
M0043,G07,2026-02-01 15:00:00,15.927872440841154,holt_winters
M0043,G07,2026-02-01 16:00:00,16.117916882430247,holt_winters
M0043,G07,2026-02-01 17:00:00,16.73214389467172,holt_winters
M0043,G07,2026-02-01 18:00:00,17.02003218093115,holt_winters
M0043,G07,2026-02-01 19:00:00,16.47543165524895,holt_winters
M0043,G07,2026-02-01 20:00:00,16.192380040080018,holt_winters
M0043,G07,2026-02-01 21:00:00,15.6959029856777,holt_winters
M0043,G07,2026-02-01 22:00:00,15.337786285675167,holt_winters
M0043,G07,2026-02-01 23:00:00,14.367731853287248,holt_winters
M0044,G08,2026-02-01 00:00:00,9.36222360325543,sarimax
M0044,G08,2026-02-01 01:00:00,10.069920635904577,sarimax
M0044,G08,2026-02-01 02:00:00,10.778868201388802,sarimax
M0044,G08,2026-02-01 03:00:00,11.456627809005258,sarimax
M0044,G08,2026-02-01 04:00:00,12.058695846952405,sarimax
M0044,G08,2026-02-01 05:00:00,12.54449949418811,sarimax
M0044,G08,2026-02-01 06:00:00,12.881325744107984,sarimax
M0044,G08,2026-02-01 07:00:00,13.046654816327985,sarimax
M0044,G08,2026-02-01 08:00:00,13.029703633533842,sarimax
M0044,G08,2026-02-01 09:00:00,12.83216083798324,sarimax
M0044,G08,2026-02-01 10:00:00,12.46807104309443,sarimax
M0044,G08,2026-02-01 11:00:00,11.962876908527775,sarimax
M0044,G08,2026-02-01 12:00:00,11.351684383718128,sarimax
M0044,G08,2026-02-01 13:00:00,10.676869347520922,sarimax
M0044,G08,2026-02-01 14:00:00,9.985188749357587,sarimax
M0044,G08,2026-02-01 15:00:00,9.324593124279147,sarimax
M0044,G08,2026-02-01 16:00:00,8.740957705287961,sarimax
M0044,G08,2026-02-01 17:00:00,8.274954903802675,sarimax
M0044,G08,2026-02-01 18:00:00,7.959281295230092,sarimax
M0044,G08,2026-02-01 19:00:00,7.816428087752366,sarimax
M0044,G08,2026-02-01 20:00:00,7.857147015034441,sarimax
M0044,G08,2026-02-01 21:00:00,8.079716201642611,sarimax
M0044,G08,2026-02-01 22:00:00,8.470056033221125,sarimax
M0044,G08,2026-02-01 23:00:00,9.002687137125573,sarimax
M0045,G09,2026-02-01 00:00:00,16.43723548896987,holt_winters
M0045,G09,2026-02-01 01:00:00,16.25024841308593,holt_winters
M0045,G09,2026-02-01 02:00:00,15.301784325045956,holt_winters
M0045,G09,2026-02-01 03:00:00,14.423132665625161,holt_winters
M0045,G09,2026-02-01 04:00:00,13.744554851963686,holt_winters
M0045,G09,2026-02-01 05:00:00,12.874124388701365,holt_winters
M0045,G09,2026-02-01 06:00:00,13.195696613040491,holt_winters
M0045,G09,2026-02-01 07:00:00,13.04242105417758,holt_winters
M0045,G09,2026-02-01 08:00:00,13.39542721719775,holt_winters
M0045,G09,2026-02-01 09:00:00,14.497799857530111,holt_winters
M0045,G09,2026-02-01 10:00:00,14.68510982929337,holt_winters
M0045,G09,2026-02-01 11:00:00,15.295632308247008,holt_winters
M0045,G09,2026-02-01 12:00:00,16.493009891153992,holt_winters
M0045,G09,2026-02-01 13:00:00,17.128454415306166,holt_winters
M0045,G09,2026-02-01 14:00:00,17.700360731851138,holt_winters
M0045,G09,2026-02-01 15:00:00,18.65510501744061,holt_winters
M0045,G09,2026-02-01 16:00:00,18.627366823427646,holt_winters
M0045,G09,2026-02-01 17:00:00,19.174427522341784,holt_winters
M0045,G09,2026-02-01 18:00:00,18.97848149730395,holt_winters
M0045,G09,2026-02-01 19:00:00,19.5414431418443,holt_winters
M0045,G09,2026-02-01 20:00:00,19.375189608195107,holt_winters
M0045,G09,2026-02-01 21:00:00,18.639365115780645,holt_winters
M0045,G09,2026-02-01 22:00:00,18.226661369471145,holt_winters
M0045,G09,2026-02-01 23:00:00,17.784627605699104,holt_winters
M0046,G10,2026-02-01 00:00:00,12.284330417665853,sarimax
M0046,G10,2026-02-01 01:00:00,11.34745459726968,sarimax
M0046,G10,2026-02-01 02:00:00,10.414803849856336,sarimax
M0046,G10,2026-02-01 03:00:00,9.625345863405055,sarimax
M0046,G10,2026-02-01 04:00:00,9.038799267109214,sarimax
M0046,G10,2026-02-01 05:00:00,8.695707551809083,sarimax
M0046,G10,2026-02-01 06:00:00,8.619711652489904,sarimax
M0046,G10,2026-02-01 07:00:00,8.816333881574014,sarimax
M0046,G10,2026-02-01 08:00:00,9.272632152832006,sarimax
M0046,G10,2026-02-01 09:00:00,9.958083760353954,sarimax
M0046,G10,2026-02-01 10:00:00,10.826664840061987,sarimax
M0046,G10,2026-02-01 11:00:00,11.819985872036678,sarimax
M0046,G10,2026-02-01 12:00:00,12.87126970813373,sarimax
M0046,G10,2026-02-01 13:00:00,13.909901043205242,sarimax
M0046,G10,2026-02-01 14:00:00,14.866237293773136,sarimax
M0046,G10,2026-02-01 15:00:00,15.676353032812827,sarimax
M0046,G10,2026-02-01 16:00:00,16.286394657490167,sarimax
M0046,G10,2026-02-01 17:00:00,16.656248528882088,sarimax
M0046,G10,2026-02-01 18:00:00,16.762272608670322,sarimax
M0046,G10,2026-02-01 19:00:00,16.598905439136967,sarimax
M0046,G10,2026-02-01 20:00:00,16.179042820191267,sarimax
M0046,G10,2026-02-01 21:00:00,15.533156516765446,sarimax
M0046,G10,2026-02-01 22:00:00,14.70721505866186,sarimax
M0046,G10,2026-02-01 23:00:00,13.759548330541834,sarimax
M0047,G11,2026-02-01 00:00:00,5.159436118414654,seasonal_naive
M0047,G11,2026-02-01 01:00:00,5.513538583378369,seasonal_naive
M0047,G11,2026-02-01 02:00:00,5.624763414768818,seasonal_naive
M0047,G11,2026-02-01 03:00:00,6.415086547500019,seasonal_naive
M0047,G11,2026-02-01 04:00:00,6.601488136567814,seasonal_naive
M0047,G11,2026-02-01 05:00:00,6.05622970291809,seasonal_naive
M0047,G11,2026-02-01 06:00:00,6.685600065856329,seasonal_naive
M0047,G11,2026-02-01 07:00:00,7.366568983810029,seasonal_naive
M0047,G11,2026-02-01 08:00:00,8.17520878249766,seasonal_naive
M0047,G11,2026-02-01 09:00:00,7.121193351795481,seasonal_naive
M0047,G11,2026-02-01 10:00:00,7.229133322128547,seasonal_naive
M0047,G11,2026-02-01 11:00:00,7.262433691397034,seasonal_naive
M0047,G11,2026-02-01 12:00:00,7.187661818007338,seasonal_naive
M0047,G11,2026-02-01 13:00:00,6.869406170477125,seasonal_naive
M0047,G11,2026-02-01 14:00:00,6.696790296597133,seasonal_naive
M0047,G11,2026-02-01 15:00:00,5.820339055849112,seasonal_naive
M0047,G11,2026-02-01 16:00:00,5.829571637222879,seasonal_naive
M0047,G11,2026-02-01 17:00:00,5.737822043037518,seasonal_naive
M0047,G11,2026-02-01 18:00:00,5.470801488661551,seasonal_naive
M0047,G11,2026-02-01 19:00:00,5.214488956945606,seasonal_naive
M0047,G11,2026-02-01 20:00:00,4.890552485941019,seasonal_naive
M0047,G11,2026-02-01 21:00:00,4.969086352395174,seasonal_naive
M0047,G11,2026-02-01 22:00:00,5.064315179819808,seasonal_naive
M0047,G11,2026-02-01 23:00:00,5.014429040993795,seasonal_naive
M0048,G12,2026-02-01 00:00:00,12.329671572358926,sarimax
M0048,G12,2026-02-01 01:00:00,11.138602633666101,sarimax
M0048,G12,2026-02-01 02:00:00,10.119692259646936,sarimax
M0048,G12,2026-02-01 03:00:00,9.296560189097043,sarimax
M0048,G12,2026-02-01 04:00:00,8.721458501327477,sarimax
M0048,G12,2026-02-01 05:00:00,8.43354928377471,sarimax
M0048,G12,2026-02-01 06:00:00,8.452837248940893,sarimax
M0048,G12,2026-02-01 07:00:00,8.778503278574561,sarimax
M0048,G12,2026-02-01 08:00:00,9.388932604508422,sarimax
M0048,G12,2026-02-01 09:00:00,10.243184610236641,sarimax
M0048,G12,2026-02-01 10:00:00,11.283781730740209,sarimax
M0048,G12,2026-02-01 11:00:00,12.440625401954273,sarimax
M0048,G12,2026-02-01 12:00:00,13.635772018548293,sarimax
M0048,G12,2026-02-01 13:00:00,14.788743412199121,sarimax
M0048,G12,2026-02-01 14:00:00,15.822009950380398,sarimax
M0048,G12,2026-02-01 15:00:00,16.666272593317515,sarimax
M0048,G12,2026-02-01 16:00:00,17.265183947685507,sarimax
M0048,G12,2026-02-01 17:00:00,17.579186587225013,sarimax
M0048,G12,2026-02-01 18:00:00,17.588207067392627,sarimax
M0048,G12,2026-02-01 19:00:00,17.293022043858702,sarimax
M0048,G12,2026-02-01 20:00:00,16.71520339872711,sarimax
M0048,G12,2026-02-01 21:00:00,15.895646116755918,sarimax
M0048,G12,2026-02-01 22:00:00,14.891779237228906,sarimax
M0048,G12,2026-02-01 23:00:00,13.77364995346717,sarimax
M0049,G01,2026-02-01 00:00:00,7.314523918365912,sarimax
M0049,G01,2026-02-01 01:00:00,6.878495523272507,sarimax
M0049,G01,2026-02-01 02:00:00,6.524739444158879,sarimax
M0049,G01,2026-02-01 03:00:00,6.280247091264453,sarimax
M0049,G01,2026-02-01 04:00:00,6.161719133249373,sarimax
M0049,G01,2026-02-01 05:00:00,6.177244971267834,sarimax
M0049,G01,2026-02-01 06:00:00,6.3257874805689625,sarimax
M0049,G01,2026-02-01 07:00:00,6.597254120473052,sarimax
M0049,G01,2026-02-01 08:00:00,6.9731846877379375,sarimax
M0049,G01,2026-02-01 09:00:00,7.428009293314999,sarimax
M0049,G01,2026-02-01 10:00:00,7.930790839280858,sarimax
M0049,G01,2026-02-01 11:00:00,8.447333249191033,sarimax
M0049,G01,2026-02-01 12:00:00,8.942511779556273,sarimax
M0049,G01,2026-02-01 13:00:00,9.382666605697816,sarimax
M0049,G01,2026-02-01 14:00:00,9.737896563211267,sarimax
M0049,G01,2026-02-01 15:00:00,9.984096730516738,sarimax
M0049,G01,2026-02-01 16:00:00,10.104600994796844,sarimax
M0049,G01,2026-02-01 17:00:00,10.091317663370646,sarimax
M0049,G01,2026-02-01 18:00:00,9.94528073068423,sarimax
M0049,G01,2026-02-01 19:00:00,9.676579233219135,sarimax
M0049,G01,2026-02-01 20:00:00,9.303669506916785,sarimax
M0049,G01,2026-02-01 21:00:00,8.852117215906572,sarimax
M0049,G01,2026-02-01 22:00:00,8.352854881484062,sarimax
M0049,G01,2026-02-01 23:00:00,7.840073658158171,sarimax
M0050,G02,2026-02-01 00:00:00,9.090532597203286,seasonal_naive
M0050,G02,2026-02-01 01:00:00,9.715905017246223,seasonal_naive
M0050,G02,2026-02-01 02:00:00,10.238796739119335,seasonal_naive
M0050,G02,2026-02-01 03:00:00,10.854683668966798,seasonal_naive
M0050,G02,2026-02-01 04:00:00,10.790913453332065,seasonal_naive
M0050,G02,2026-02-01 05:00:00,11.090857793154907,seasonal_naive
M0050,G02,2026-02-01 06:00:00,11.063128875334337,seasonal_naive
M0050,G02,2026-02-01 07:00:00,11.399402553986013,seasonal_naive
M0050,G02,2026-02-01 08:00:00,11.228553630042644,seasonal_naive
M0050,G02,2026-02-01 09:00:00,10.55452869006772,seasonal_naive
M0050,G02,2026-02-01 10:00:00,10.906574325594995,seasonal_naive
M0050,G02,2026-02-01 11:00:00,10.3017934095551,seasonal_naive
M0050,G02,2026-02-01 12:00:00,9.266052829949414,seasonal_naive
M0050,G02,2026-02-01 13:00:00,10.352398775065758,seasonal_naive
M0050,G02,2026-02-01 14:00:00,9.530442017270603,seasonal_naive
M0050,G02,2026-02-01 15:00:00,8.733041598505325,seasonal_naive
M0050,G02,2026-02-01 16:00:00,8.119104908725083,seasonal_naive
M0050,G02,2026-02-01 17:00:00,7.896303454370276,seasonal_naive
M0050,G02,2026-02-01 18:00:00,8.0399272415908,seasonal_naive
M0050,G02,2026-02-01 19:00:00,7.799010500161907,seasonal_naive
M0050,G02,2026-02-01 20:00:00,7.140383629875233,seasonal_naive
M0050,G02,2026-02-01 21:00:00,8.024516702785775,seasonal_naive
M0050,G02,2026-02-01 22:00:00,7.947299595450026,seasonal_naive
M0050,G02,2026-02-01 23:00:00,8.932905326041451,seasonal_naive
M0051,G03,2026-02-01 00:00:00,9.284014206349605,seasonal_naive
M0051,G03,2026-02-01 01:00:00,10.10227972830536,seasonal_naive
M0051,G03,2026-02-01 02:00:00,10.391249555113502,seasonal_naive
M0051,G03,2026-02-01 03:00:00,10.042440802738007,seasonal_naive
M0051,G03,2026-02-01 04:00:00,11.396050597793499,seasonal_naive
M0051,G03,2026-02-01 05:00:00,10.647248997426466,seasonal_naive
M0051,G03,2026-02-01 06:00:00,10.8716414065926,seasonal_naive
M0051,G03,2026-02-01 07:00:00,10.45134198054822,seasonal_naive
M0051,G03,2026-02-01 08:00:00,10.123965064441292,seasonal_naive
M0051,G03,2026-02-01 09:00:00,9.448932779363965,seasonal_naive
M0051,G03,2026-02-01 10:00:00,8.939671431565538,seasonal_naive
M0051,G03,2026-02-01 11:00:00,8.379612744820262,seasonal_naive
M0051,G03,2026-02-01 12:00:00,7.605445031988448,seasonal_naive
M0051,G03,2026-02-01 13:00:00,6.627674802930341,seasonal_naive
M0051,G03,2026-02-01 14:00:00,6.125568808885819,seasonal_naive
M0051,G03,2026-02-01 15:00:00,5.891422534404222,seasonal_naive
M0051,G03,2026-02-01 16:00:00,5.450630934371412,seasonal_naive
M0051,G03,2026-02-01 17:00:00,5.4653320684198645,seasonal_naive
M0051,G03,2026-02-01 18:00:00,5.551071520257849,seasonal_naive
M0051,G03,2026-02-01 19:00:00,5.76488588491466,seasonal_naive
M0051,G03,2026-02-01 20:00:00,6.163293203005947,seasonal_naive
M0051,G03,2026-02-01 21:00:00,6.666710499263922,seasonal_naive
M0051,G03,2026-02-01 22:00:00,7.3879962147972735,seasonal_naive
M0051,G03,2026-02-01 23:00:00,8.709729015877503,seasonal_naive
M0052,G04,2026-02-01 00:00:00,3.3225827761238933,holt_winters
M0052,G04,2026-02-01 01:00:00,3.0956451747614735,holt_winters
M0052,G04,2026-02-01 02:00:00,2.8790667852802545,holt_winters
M0052,G04,2026-02-01 03:00:00,2.6433624454428775,holt_winters
M0052,G04,2026-02-01 04:00:00,2.606437669617305,holt_winters
M0052,G04,2026-02-01 05:00:00,2.5067706982721214,holt_winters
M0052,G04,2026-02-01 06:00:00,2.5018387376686397,holt_winters
M0052,G04,2026-02-01 07:00:00,2.731156239813554,holt_winters
M0052,G04,2026-02-01 08:00:00,2.761652446525809,holt_winters
M0052,G04,2026-02-01 09:00:00,2.98328730718116,holt_winters
M0052,G04,2026-02-01 10:00:00,3.2266403643922743,holt_winters
M0052,G04,2026-02-01 11:00:00,3.39237663117193,holt_winters
M0052,G04,2026-02-01 12:00:00,3.750997047292768,holt_winters
M0052,G04,2026-02-01 13:00:00,4.041343786218617,holt_winters
M0052,G04,2026-02-01 14:00:00,4.251064316517646,holt_winters
M0052,G04,2026-02-01 15:00:00,4.63397746257742,holt_winters
M0052,G04,2026-02-01 16:00:00,4.567439441465861,holt_winters
M0052,G04,2026-02-01 17:00:00,4.589807338520011,holt_winters
M0052,G04,2026-02-01 18:00:00,4.56426834441496,holt_winters
M0052,G04,2026-02-01 19:00:00,4.710924940307368,holt_winters
M0052,G04,2026-02-01 20:00:00,4.435161063467636,holt_winters
M0052,G04,2026-02-01 21:00:00,4.379014200753831,holt_winters
M0052,G04,2026-02-01 22:00:00,3.87583259675871,holt_winters
M0052,G04,2026-02-01 23:00:00,3.7084499344941593,holt_winters
M0053,G05,2026-02-01 00:00:00,16.83983032819982,sarimax
M0053,G05,2026-02-01 01:00:00,17.81799684973104,sarimax
M0053,G05,2026-02-01 02:00:00,18.83948837302351,sarimax
M0053,G05,2026-02-01 03:00:00,19.860770447581597,sarimax
M0053,G05,2026-02-01 04:00:00,20.812444709618106,sarimax
M0053,G05,2026-02-01 05:00:00,21.629583080493557,sarimax
M0053,G05,2026-02-01 06:00:00,22.256430645575875,sarimax
M0053,G05,2026-02-01 07:00:00,22.650208374111024,sarimax
M0053,G05,2026-02-01 08:00:00,22.78402855673813,sarimax
M0053,G05,2026-02-01 09:00:00,22.648727232101553,sarimax
M0053,G05,2026-02-01 10:00:00,22.25348875768637,sarimax
M0053,G05,2026-02-01 11:00:00,21.62521996166851,sarimax
M0053,G05,2026-02-01 12:00:00,20.80671652622967,sarimax
M0053,G05,2026-02-01 13:00:00,19.85374656022915,sarimax
M0053,G05,2026-02-01 14:00:00,18.83125011089664,sarimax
M0053,G05,2026-02-01 15:00:00,17.80891361152093,sarimax
M0053,G05,2026-02-01 16:00:00,16.856420859204544,sarimax
M0053,G05,2026-02-01 17:00:00,16.038704160712015,sarimax
M0053,G05,2026-02-01 18:00:00,15.411519273000193,sarimax
M0053,G05,2026-02-01 19:00:00,15.017645698962875,sarimax
M0053,G05,2026-02-01 20:00:00,14.883971282013484,sarimax
M0053,G05,2026-02-01 21:00:00,15.01965977964122,sarimax
M0053,G05,2026-02-01 22:00:00,15.415526292864572,sarimax
M0053,G05,2026-02-01 23:00:00,16.044663115138547,sarimax
M0054,G06,2026-02-01 00:00:00,3.5245988173537173,seasonal_naive
M0054,G06,2026-02-01 01:00:00,3.721395554986091,seasonal_naive
M0054,G06,2026-02-01 02:00:00,3.018668690806141,seasonal_naive
M0054,G06,2026-02-01 03:00:00,3.029746544629975,seasonal_naive
M0054,G06,2026-02-01 04:00:00,2.8942788909325694,seasonal_naive
M0054,G06,2026-02-01 05:00:00,2.5329692062268356,seasonal_naive
M0054,G06,2026-02-01 06:00:00,2.271165679081092,seasonal_naive
M0054,G06,2026-02-01 07:00:00,2.0093621519353486,seasonal_naive
M0054,G06,2026-02-01 08:00:00,2.395979554516367,seasonal_naive
M0054,G06,2026-02-01 09:00:00,2.4935191548952527,seasonal_naive
M0054,G06,2026-02-01 10:00:00,2.2709948137934766,seasonal_naive
M0054,G06,2026-02-01 11:00:00,2.558076460486797,seasonal_naive
M0054,G06,2026-02-01 12:00:00,2.4065122428882932,seasonal_naive
M0054,G06,2026-02-01 13:00:00,2.757968316026157,seasonal_naive
M0054,G06,2026-02-01 14:00:00,2.983531013343445,seasonal_naive
M0054,G06,2026-02-01 15:00:00,2.8263619598383256,seasonal_naive
M0054,G06,2026-02-01 16:00:00,3.558821653471133,seasonal_naive
M0054,G06,2026-02-01 17:00:00,3.448197986962953,seasonal_naive
M0054,G06,2026-02-01 18:00:00,3.1422841751945145,seasonal_naive
M0054,G06,2026-02-01 19:00:00,3.678695330518149,seasonal_naive
M0054,G06,2026-02-01 20:00:00,4.053822105719615,seasonal_naive
M0054,G06,2026-02-01 21:00:00,4.351705410533572,seasonal_naive
M0054,G06,2026-02-01 22:00:00,3.983714227403546,seasonal_naive
M0054,G06,2026-02-01 23:00:00,3.896939409093794,seasonal_naive
M0055,G07,2026-02-01 00:00:00,21.23039709143582,holt_winters
M0055,G07,2026-02-01 01:00:00,20.135063913245226,holt_winters
M0055,G07,2026-02-01 02:00:00,17.79653158574341,holt_winters
M0055,G07,2026-02-01 03:00:00,15.425628580832546,holt_winters
M0055,G07,2026-02-01 04:00:00,13.476288674325419,holt_winters
M0055,G07,2026-02-01 05:00:00,11.348723462953897,holt_winters
M0055,G07,2026-02-01 06:00:00,9.505067390462674,holt_winters
M0055,G07,2026-02-01 07:00:00,8.674762077284766,holt_winters
M0055,G07,2026-02-01 08:00:00,8.243697836165012,holt_winters
M0055,G07,2026-02-01 09:00:00,8.05110864955785,holt_winters
M0055,G07,2026-02-01 10:00:00,8.712488181024257,holt_winters
M0055,G07,2026-02-01 11:00:00,9.836805528806263,holt_winters
M0055,G07,2026-02-01 12:00:00,11.136244467596502,holt_winters
M0055,G07,2026-02-01 13:00:00,13.147956385664669,holt_winters
M0055,G07,2026-02-01 14:00:00,15.107337768550883,holt_winters
M0055,G07,2026-02-01 15:00:00,16.83874004932129,holt_winters
M0055,G07,2026-02-01 16:00:00,18.647216400081703,holt_winters
M0055,G07,2026-02-01 17:00:00,20.04065406098766,holt_winters
M0055,G07,2026-02-01 18:00:00,21.51461047605711,holt_winters
M0055,G07,2026-02-01 19:00:00,22.456868030330664,holt_winters
M0055,G07,2026-02-01 20:00:00,23.562555948697682,holt_winters
M0055,G07,2026-02-01 21:00:00,24.020479721831396,holt_winters
M0055,G07,2026-02-01 22:00:00,23.25338509042921,holt_winters
M0055,G07,2026-02-01 23:00:00,23.304959327757956,holt_winters
M0056,G08,2026-02-01 00:00:00,6.941909191092945,seasonal_naive
M0056,G08,2026-02-01 01:00:00,8.529829362244003,seasonal_naive
M0056,G08,2026-02-01 02:00:00,9.511995515181194,seasonal_naive
M0056,G08,2026-02-01 03:00:00,9.617106843934996,seasonal_naive
M0056,G08,2026-02-01 04:00:00,11.4067129639803,seasonal_naive
M0056,G08,2026-02-01 05:00:00,9.95488123996666,seasonal_naive
M0056,G08,2026-02-01 06:00:00,10.7924922278563,seasonal_naive
M0056,G08,2026-02-01 07:00:00,1.3156781816297187,seasonal_naive
M0056,G08,2026-02-01 08:00:00,10.45517027974976,seasonal_naive
M0056,G08,2026-02-01 09:00:00,9.394651630952502,seasonal_naive
M0056,G08,2026-02-01 10:00:00,9.295790833258312,seasonal_naive
M0056,G08,2026-02-01 11:00:00,8.889235866272873,seasonal_naive
M0056,G08,2026-02-01 12:00:00,8.15850219344732,seasonal_naive
M0056,G08,2026-02-01 13:00:00,7.386855616853511,seasonal_naive
M0056,G08,2026-02-01 14:00:00,6.423386453411074,seasonal_naive
M0056,G08,2026-02-01 15:00:00,5.79497001698267,seasonal_naive
M0056,G08,2026-02-01 16:00:00,4.960445425049391,seasonal_naive
M0056,G08,2026-02-01 17:00:00,5.013925288838956,seasonal_naive
M0056,G08,2026-02-01 18:00:00,4.788472607026941,seasonal_naive
M0056,G08,2026-02-01 19:00:00,4.320597487338128,seasonal_naive
M0056,G08,2026-02-01 20:00:00,4.231417520595609,seasonal_naive
M0056,G08,2026-02-01 21:00:00,5.627361707547581,seasonal_naive
M0056,G08,2026-02-01 22:00:00,5.316049558451692,seasonal_naive
M0056,G08,2026-02-01 23:00:00,5.78193174719275,seasonal_naive
M0057,G09,2026-02-01 00:00:00,10.840473172931404,sarimax
M0057,G09,2026-02-01 01:00:00,11.36855540699018,sarimax
M0057,G09,2026-02-01 02:00:00,12.000228510859209,sarimax
M0057,G09,2026-02-01 03:00:00,12.683920705733449,sarimax
M0057,G09,2026-02-01 04:00:00,13.371650122393051,sarimax
M0057,G09,2026-02-01 05:00:00,14.016106668990105,sarimax
M0057,G09,2026-02-01 06:00:00,14.573005518718915,sarimax
M0057,G09,2026-02-01 07:00:00,15.003982933450597,sarimax
M0057,G09,2026-02-01 08:00:00,15.279194005686787,sarimax
M0057,G09,2026-02-01 09:00:00,15.379344774039673,sarimax
M0057,G09,2026-02-01 10:00:00,15.297007486428758,sarimax
M0057,G09,2026-02-01 11:00:00,15.037127583835074,sarimax
M0057,G09,2026-02-01 12:00:00,14.616687600951806,sarimax
M0057,G09,2026-02-01 13:00:00,14.063550851522221,sarimax
M0057,G09,2026-02-01 14:00:00,13.414563692874864,sarimax
M0057,G09,2026-02-01 15:00:00,12.71304569494474,sarimax
M0057,G09,2026-02-01 16:00:00,12.005838752854284,sarimax
M0057,G09,2026-02-01 17:00:00,11.34011623936548,sarimax
M0057,G09,2026-02-01 18:00:00,10.760169646299982,sarimax
M0057,G09,2026-02-01 19:00:00,10.304391698005592,sarimax
M0057,G09,2026-02-01 20:00:00,10.002661530595155,sarimax
M0057,G09,2026-02-01 21:00:00,9.874310130461827,sarimax
M0057,G09,2026-02-01 22:00:00,9.926804681762796,sarimax
M0057,G09,2026-02-01 23:00:00,10.155241480007481,sarimax
M0058,G10,2026-02-01 00:00:00,5.0887490912664095,sarimax
M0058,G10,2026-02-01 01:00:00,5.663251137710086,sarimax
M0058,G10,2026-02-01 02:00:00,6.104061912100482,sarimax
M0058,G10,2026-02-01 03:00:00,6.4123256729409785,sarimax
M0058,G10,2026-02-01 04:00:00,6.573470834613596,sarimax
M0058,G10,2026-02-01 05:00:00,6.577718760395294,sarimax
M0058,G10,2026-02-01 06:00:00,6.424865050079962,sarimax
M0058,G10,2026-02-01 07:00:00,6.125161282505917,sarimax
M0058,G10,2026-02-01 08:00:00,5.698799611865539,sarimax
M0058,G10,2026-02-01 09:00:00,5.174575612541251,sarimax
M0058,G10,2026-02-01 10:00:00,4.5879344068951555,sarimax
M0058,G10,2026-02-01 11:00:00,3.9785572452732745,sarimax
M0058,G10,2026-02-01 12:00:00,3.3876580718871647,sarimax
M0058,G10,2026-02-01 13:00:00,2.8551753781660785,sarimax
M0058,G10,2026-02-01 14:00:00,2.417050938611383,sarimax
M0058,G10,2026-02-01 15:00:00,2.1027809256197587,sarimax
M0058,G10,2026-02-01 16:00:00,1.9334063000821753,sarimax
M0058,G10,2026-02-01 17:00:00,1.9200794307212163,sarimax
M0058,G10,2026-02-01 18:00:00,2.063304624399446,sarimax
M0058,G10,2026-02-01 19:00:00,2.3529043233336657,sarimax
M0058,G10,2026-02-01 20:00:00,2.7687132720487915,sarimax
M0058,G10,2026-02-01 21:00:00,3.281953346929087,sarimax
M0058,G10,2026-02-01 22:00:00,3.8571953551656053,sarimax
M0058,G10,2026-02-01 23:00:00,4.454774108880281,sarimax
M0059,G11,2026-02-01 00:00:00,4.579388655223341,sarimax
M0059,G11,2026-02-01 01:00:00,4.933911035690826,sarimax
M0059,G11,2026-02-01 02:00:00,5.308894433711697,sarimax
M0059,G11,2026-02-01 03:00:00,5.6796010167069415,sarimax
M0059,G11,2026-02-01 04:00:00,6.020750665459147,sarimax
M0059,G11,2026-02-01 05:00:00,6.309069562580438,sarimax
M0059,G11,2026-02-01 06:00:00,6.524877887074252,sarimax
M0059,G11,2026-02-01 07:00:00,6.6534310085314425,sarimax
M0059,G11,2026-02-01 08:00:00,6.685924361988424,sarimax
M0059,G11,2026-02-01 09:00:00,6.620093525852425,sarimax
M0059,G11,2026-02-01 10:00:00,6.460368608494898,sarimax
M0059,G11,2026-02-01 11:00:00,6.2175724222239985,sarimax
M0059,G11,2026-02-01 12:00:00,5.908183013471281,sarimax
M0059,G11,2026-02-01 13:00:00,5.553210806420028,sarimax
M0059,G11,2026-02-01 14:00:00,5.17676688074811,sarimax
M0059,G11,2026-02-01 15:00:00,4.804419952846516,sarimax
M0059,G11,2026-02-01 16:00:00,4.461454029372401,sarimax
M0059,G11,2026-02-01 17:00:00,4.171145471000794,sarimax
M0059,G11,2026-02-01 18:00:00,3.9531768814553114,sarimax
M0059,G11,2026-02-01 19:00:00,3.8222959124711275,sarimax
M0059,G11,2026-02-01 20:00:00,3.787310384717083,sarimax
M0059,G11,2026-02-01 21:00:00,3.8504882053170553,sarimax
M0059,G11,2026-02-01 22:00:00,4.007402976381713,sarimax
M0059,G11,2026-02-01 23:00:00,4.247235815846593,sarimax
M0060,G12,2026-02-01 00:00:00,9.655875040037929,sarimax
M0060,G12,2026-02-01 01:00:00,11.30220605348131,sarimax
M0060,G12,2026-02-01 02:00:00,12.954007095679358,sarimax
M0060,G12,2026-02-01 03:00:00,14.51153970920831,sarimax
M0060,G12,2026-02-01 04:00:00,15.870187293889918,sarimax
M0060,G12,2026-02-01 05:00:00,16.93784893986819,sarimax
M0060,G12,2026-02-01 06:00:00,17.642207458938458,sarimax
M0060,G12,2026-02-01 07:00:00,17.93575295145161,sarimax
M0060,G12,2026-02-01 08:00:00,17.79902910777176,sarimax
M0060,G12,2026-02-01 09:00:00,17.24195925232573,sarimax
M0060,G12,2026-02-01 10:00:00,16.30316932470062,sarimax
M0060,G12,2026-02-01 11:00:00,15.047354667422606,sarimax
M0060,G12,2026-02-01 12:00:00,13.560870141394346,sarimax
M0060,G12,2026-02-01 13:00:00,11.945844103566323,sarimax
M0060,G12,2026-02-01 14:00:00,10.313217371708607,sarimax
M0060,G12,2026-02-01 15:00:00,8.775181561011461,sarimax
M0060,G12,2026-02-01 16:00:00,7.4375321091055895,sarimax
M0060,G12,2026-02-01 17:00:00,6.392457120031029,sarimax
M0060,G12,2026-02-01 18:00:00,5.712253457439765,sarimax
M0060,G12,2026-02-01 19:00:00,5.444398326909502,sarimax
M0060,G12,2026-02-01 20:00:00,5.608312212995431,sarimax
M0060,G12,2026-02-01 21:00:00,6.194033773705989,sarimax
M0060,G12,2026-02-01 22:00:00,7.162896998436183,sarimax
M0060,G12,2026-02-01 23:00:00,8.450164484529473,sarimax
M0061,G01,2026-02-01 00:00:00,18.934409700929336,holt_winters
M0061,G01,2026-02-01 01:00:00,18.675251493958026,holt_winters
M0061,G01,2026-02-01 02:00:00,17.421966290303757,holt_winters
M0061,G01,2026-02-01 03:00:00,16.154478455938506,holt_winters
M0061,G01,2026-02-01 04:00:00,14.554515810171893,holt_winters
M0061,G01,2026-02-01 05:00:00,12.261583735771774,holt_winters
M0061,G01,2026-02-01 06:00:00,11.168493726979598,holt_winters
M0061,G01,2026-02-01 07:00:00,10.273990497169752,holt_winters
M0061,G01,2026-02-01 08:00:00,9.612289158537921,holt_winters
M0061,G01,2026-02-01 09:00:00,9.236275123626546,holt_winters
M0061,G01,2026-02-01 10:00:00,9.267278743966214,holt_winters
M0061,G01,2026-02-01 11:00:00,9.8588742640912,holt_winters
M0061,G01,2026-02-01 12:00:00,10.732893758582975,holt_winters
M0061,G01,2026-02-01 13:00:00,12.013822161062889,holt_winters
M0061,G01,2026-02-01 14:00:00,12.74423133167991,holt_winters
M0061,G01,2026-02-01 15:00:00,14.310056346558628,holt_winters
M0061,G01,2026-02-01 16:00:00,16.01505962028866,holt_winters
M0061,G01,2026-02-01 17:00:00,16.144053984150762,holt_winters
M0061,G01,2026-02-01 18:00:00,17.352027501395625,holt_winters
M0061,G01,2026-02-01 19:00:00,18.698413866775894,holt_winters
M0061,G01,2026-02-01 20:00:00,19.53415510229526,holt_winters
M0061,G01,2026-02-01 21:00:00,20.16289690423766,holt_winters
M0061,G01,2026-02-01 22:00:00,19.81912793338302,holt_winters
M0061,G01,2026-02-01 23:00:00,20.6412967851138,holt_winters
M0062,G02,2026-02-01 00:00:00,20.764529348918593,seasonal_naive
M0062,G02,2026-02-01 01:00:00,19.08826987261642,seasonal_naive
M0062,G02,2026-02-01 02:00:00,18.35343977114804,seasonal_naive
M0062,G02,2026-02-01 03:00:00,19.115212335195544,seasonal_naive
M0062,G02,2026-02-01 04:00:00,15.95598091737582,seasonal_naive
M0062,G02,2026-02-01 05:00:00,14.281513576372202,seasonal_naive
M0062,G02,2026-02-01 06:00:00,13.697021939917423,seasonal_naive
M0062,G02,2026-02-01 07:00:00,12.952839989461442,seasonal_naive
M0062,G02,2026-02-01 08:00:00,12.349383307234714,seasonal_naive
M0062,G02,2026-02-01 09:00:00,12.639504157361461,seasonal_naive
M0062,G02,2026-02-01 10:00:00,12.834296645231039,seasonal_naive
M0062,G02,2026-02-01 11:00:00,13.920893447290167,seasonal_naive
M0062,G02,2026-02-01 12:00:00,14.689791042975692,seasonal_naive
M0062,G02,2026-02-01 13:00:00,17.305988994283755,seasonal_naive
M0062,G02,2026-02-01 14:00:00,17.234174685937795,seasonal_naive
M0062,G02,2026-02-01 15:00:00,20.165670694271114,seasonal_naive
M0062,G02,2026-02-01 16:00:00,20.158991811964498,seasonal_naive
M0062,G02,2026-02-01 17:00:00,23.157712270560534,seasonal_naive
M0062,G02,2026-02-01 18:00:00,23.213396807241143,seasonal_naive
M0062,G02,2026-02-01 19:00:00,22.427481703404347,seasonal_naive
M0062,G02,2026-02-01 20:00:00,23.7765109029368,seasonal_naive
M0062,G02,2026-02-01 21:00:00,24.165757950478884,seasonal_naive
M0062,G02,2026-02-01 22:00:00,21.980410771688028,seasonal_naive
M0062,G02,2026-02-01 23:00:00,22.821281028333516,seasonal_naive
M0063,G03,2026-02-01 00:00:00,20.978868968766868,holt_winters
M0063,G03,2026-02-01 01:00:00,20.234183001496415,holt_winters
M0063,G03,2026-02-01 02:00:00,19.965837107954677,holt_winters
M0063,G03,2026-02-01 03:00:00,18.887992173594377,holt_winters
M0063,G03,2026-02-01 04:00:00,17.56395128743805,holt_winters
M0063,G03,2026-02-01 05:00:00,16.7098693708086,holt_winters
M0063,G03,2026-02-01 06:00:00,16.06168683511168,holt_winters
M0063,G03,2026-02-01 07:00:00,15.922185366372902,holt_winters
M0063,G03,2026-02-01 08:00:00,15.200790567796632,holt_winters
M0063,G03,2026-02-01 09:00:00,14.55884983558135,holt_winters
M0063,G03,2026-02-01 10:00:00,14.368456234955579,holt_winters
M0063,G03,2026-02-01 11:00:00,14.74038546379148,holt_winters
M0063,G03,2026-02-01 12:00:00,14.726117230358247,holt_winters
M0063,G03,2026-02-01 13:00:00,15.27744024811895,holt_winters
M0063,G03,2026-02-01 14:00:00,16.231267424837313,holt_winters
M0063,G03,2026-02-01 15:00:00,16.841742966020675,holt_winters
M0063,G03,2026-02-01 16:00:00,17.605927436550516,holt_winters
M0063,G03,2026-02-01 17:00:00,18.01439474098438,holt_winters
M0063,G03,2026-02-01 18:00:00,19.164875464714836,holt_winters
M0063,G03,2026-02-01 19:00:00,20.26433814375398,holt_winters
M0063,G03,2026-02-01 20:00:00,20.660620434336597,holt_winters
M0063,G03,2026-02-01 21:00:00,20.928416701040433,holt_winters
M0063,G03,2026-02-01 22:00:00,21.394891184526124,holt_winters
M0063,G03,2026-02-01 23:00:00,20.84935866285102,holt_winters
M0064,G04,2026-02-01 00:00:00,14.014269036740167,seasonal_naive
M0064,G04,2026-02-01 01:00:00,15.27336854529936,seasonal_naive
M0064,G04,2026-02-01 02:00:00,16.486955248779307,seasonal_naive
M0064,G04,2026-02-01 03:00:00,17.020893486397217,seasonal_naive
M0064,G04,2026-02-01 04:00:00,17.964089913715068,seasonal_naive
M0064,G04,2026-02-01 05:00:00,18.943585072394328,seasonal_naive
M0064,G04,2026-02-01 06:00:00,15.146927448232262,seasonal_naive
M0064,G04,2026-02-01 07:00:00,18.059983087843683,seasonal_naive
M0064,G04,2026-02-01 08:00:00,16.595542707005546,seasonal_naive
M0064,G04,2026-02-01 09:00:00,12.762864839933844,seasonal_naive
M0064,G04,2026-02-01 10:00:00,13.95542718697444,seasonal_naive
M0064,G04,2026-02-01 11:00:00,11.43569633181259,seasonal_naive
M0064,G04,2026-02-01 12:00:00,8.96461136527941,seasonal_naive
M0064,G04,2026-02-01 13:00:00,10.640844086181595,seasonal_naive
M0064,G04,2026-02-01 14:00:00,10.781964651512261,seasonal_naive
M0064,G04,2026-02-01 15:00:00,9.226463008464988,seasonal_naive
M0064,G04,2026-02-01 16:00:00,8.240115675020148,seasonal_naive
M0064,G04,2026-02-01 17:00:00,7.9531109487028,seasonal_naive
M0064,G04,2026-02-01 18:00:00,6.577980830609397,seasonal_naive
M0064,G04,2026-02-01 19:00:00,8.400516162441434,seasonal_naive
M0064,G04,2026-02-01 20:00:00,9.543999931675579,seasonal_naive
M0064,G04,2026-02-01 21:00:00,8.796192791607512,seasonal_naive
M0064,G04,2026-02-01 22:00:00,10.119566115504094,seasonal_naive
M0064,G04,2026-02-01 23:00:00,11.269781686580805,seasonal_naive
M0065,G05,2026-02-01 00:00:00,8.17394563961577,sarimax
M0065,G05,2026-02-01 01:00:00,7.589224660832447,sarimax
M0065,G05,2026-02-01 02:00:00,7.0867457589625715,sarimax
M0065,G05,2026-02-01 03:00:00,6.691958896182346,sarimax
M0065,G05,2026-02-01 04:00:00,6.43146844577368,sarimax
M0065,G05,2026-02-01 05:00:00,6.322909802656792,sarimax
M0065,G05,2026-02-01 06:00:00,6.373554293567379,sarimax
M0065,G05,2026-02-01 07:00:00,6.579809323442222,sarimax
M0065,G05,2026-02-01 08:00:00,6.927463297613485,sarimax
M0065,G05,2026-02-01 09:00:00,7.3926543337587045,sarimax
M0065,G05,2026-02-01 10:00:00,7.943496647225188,sarimax
M0065,G05,2026-02-01 11:00:00,8.542253771597991,sarimax
M0065,G05,2026-02-01 12:00:00,9.147910512707547,sarimax
M0065,G05,2026-02-01 13:00:00,9.718968361274126,sarimax
M0065,G05,2026-02-01 14:00:00,10.216273861024556,sarimax
M0065,G05,2026-02-01 15:00:00,10.60568718322995,sarimax
M0065,G05,2026-02-01 16:00:00,10.860409048256521,sarimax
M0065,G05,2026-02-01 17:00:00,10.962807417783614,sarimax
M0065,G05,2026-02-01 18:00:00,10.905619471121735,sarimax
M0065,G05,2026-02-01 19:00:00,10.692446952396507,sarimax
M0065,G05,2026-02-01 20:00:00,10.337511130950025,sarimax
M0065,G05,2026-02-01 21:00:00,9.864684073425234,sarimax
M0065,G05,2026-02-01 22:00:00,9.305862244141167,sarimax
M0065,G05,2026-02-01 23:00:00,8.698793269587169,sarimax
M0066,G06,2026-02-01 00:00:00,7.844259482747315,sarimax
M0066,G06,2026-02-01 01:00:00,7.27614998165619,sarimax
M0066,G06,2026-02-01 02:00:00,6.722652125786414,sarimax
M0066,G06,2026-02-01 03:00:00,6.245251648459536,sarimax
M0066,G06,2026-02-01 04:00:00,5.891687690709299,sarimax
M0066,G06,2026-02-01 05:00:00,5.695819811809652,sarimax
M0066,G06,2026-02-01 06:00:00,5.677312471681765,sarimax
M0066,G06,2026-02-01 07:00:00,5.841566480742894,sarimax
M0066,G06,2026-02-01 08:00:00,6.180162552318453,sarimax
M0066,G06,2026-02-01 09:00:00,6.67195301057419,sarimax
M0066,G06,2026-02-01 10:00:00,7.284833409610071,sarimax
M0066,G06,2026-02-01 11:00:00,7.978141099726411,sarimax
M0066,G06,2026-02-01 12:00:00,8.70556054661663,sarimax
M0066,G06,2026-02-01 13:00:00,9.418365031004216,sarimax
M0066,G06,2026-02-01 14:00:00,10.068791445463232,sarimax
M0066,G06,2026-02-01 15:00:00,10.613329459141731,sarimax
M0066,G06,2026-02-01 16:00:00,11.015708086607757,sarimax
M0066,G06,2026-02-01 17:00:00,11.249380720081184,sarimax
M0066,G06,2026-02-01 18:00:00,11.299342204450898,sarimax
M0066,G06,2026-02-01 19:00:00,11.16315599574903,sarimax
M0066,G06,2026-02-01 20:00:00,10.85112259929447,sarimax
M0066,G06,2026-02-01 21:00:00,10.385578572592408,sarimax
M0066,G06,2026-02-01 22:00:00,9.799374353222914,sarimax
M0066,G06,2026-02-01 23:00:00,9.133634957876032,sarimax
M0067,G07,2026-02-01 00:00:00,14.621316835190765,sarimax
M0067,G07,2026-02-01 01:00:00,13.059598392531255,sarimax
M0067,G07,2026-02-01 02:00:00,11.352591862078546,sarimax
M0067,G07,2026-02-01 03:00:00,9.695187472324095,sarimax
M0067,G07,2026-02-01 04:00:00,8.21419277136583,sarimax
M0067,G07,2026-02-01 05:00:00,7.013105006638367,sarimax
M0067,G07,2026-02-01 06:00:00,6.174421869002442,sarimax
M0067,G07,2026-02-01 07:00:00,5.75566073990402,sarimax
M0067,G07,2026-02-01 08:00:00,5.785726371911084,sarimax
M0067,G07,2026-02-01 09:00:00,6.262991037025481,sarimax
M0067,G07,2026-02-01 10:00:00,7.155413712992928,sarimax
M0067,G07,2026-02-01 11:00:00,8.402724500644094,sarimax
M0067,G07,2026-02-01 12:00:00,9.920531424517993,sarimax
M0067,G07,2026-02-01 13:00:00,11.60607080079027,sarimax
M0067,G07,2026-02-01 14:00:00,13.345209480517001,sarimax
M0067,G07,2026-02-01 15:00:00,15.020221810616894,sarimax
M0067,G07,2026-02-01 16:00:00,16.51781133267026,sarimax
M0067,G07,2026-02-01 17:00:00,17.73683055656697,sarimax
M0067,G07,2026-02-01 18:00:00,18.59517272102971,sarimax
M0067,G07,2026-02-01 19:00:00,19.035365880734155,sarimax
M0067,G07,2026-02-01 20:00:00,19.028488094131088,sarimax
M0067,G07,2026-02-01 21:00:00,18.576136900391916,sarimax
M0067,G07,2026-02-01 22:00:00,17.710318870984224,sarimax
M0067,G07,2026-02-01 23:00:00,16.491266764963115,sarimax
M0068,G08,2026-02-01 00:00:00,3.626271130316171,seasonal_naive
M0068,G08,2026-02-01 01:00:00,3.3675258002846413,seasonal_naive
M0068,G08,2026-02-01 02:00:00,3.0442003470528416,seasonal_naive
M0068,G08,2026-02-01 03:00:00,2.767609129624948,seasonal_naive
M0068,G08,2026-02-01 04:00:00,2.6295999117775954,seasonal_naive
M0068,G08,2026-02-01 05:00:00,2.618102493441985,seasonal_naive
M0068,G08,2026-02-01 06:00:00,2.589429150932809,seasonal_naive
M0068,G08,2026-02-01 07:00:00,2.735721856631071,seasonal_naive
M0068,G08,2026-02-01 08:00:00,2.8426781815535414,seasonal_naive
M0068,G08,2026-02-01 09:00:00,2.9758035076314107,seasonal_naive
M0068,G08,2026-02-01 10:00:00,3.4367259529646,seasonal_naive
M0068,G08,2026-02-01 11:00:00,3.662815743718993,seasonal_naive
M0068,G08,2026-02-01 12:00:00,3.792944840725446,seasonal_naive
M0068,G08,2026-02-01 13:00:00,4.190841255268402,seasonal_naive
M0068,G08,2026-02-01 14:00:00,4.467555443414535,seasonal_naive
M0068,G08,2026-02-01 15:00:00,4.647138165336094,seasonal_naive
M0068,G08,2026-02-01 16:00:00,4.722685544734183,seasonal_naive
M0068,G08,2026-02-01 17:00:00,5.010975166918716,seasonal_naive
M0068,G08,2026-02-01 18:00:00,5.028964683576286,seasonal_naive
M0068,G08,2026-02-01 19:00:00,4.957314676435985,seasonal_naive
M0068,G08,2026-02-01 20:00:00,4.795971054790238,seasonal_naive
M0068,G08,2026-02-01 21:00:00,4.421308678409514,seasonal_naive
M0068,G08,2026-02-01 22:00:00,3.969835189135824,seasonal_naive
M0068,G08,2026-02-01 23:00:00,3.8393061729040245,seasonal_naive
M0069,G09,2026-02-01 00:00:00,5.792282838274558,holt_winters
M0069,G09,2026-02-01 01:00:00,6.583467756409596,holt_winters
M0069,G09,2026-02-01 02:00:00,7.223425214456695,holt_winters
M0069,G09,2026-02-01 03:00:00,8.185923021869616,holt_winters
M0069,G09,2026-02-01 04:00:00,8.71562859116072,holt_winters
M0069,G09,2026-02-01 05:00:00,9.172309430724367,holt_winters
M0069,G09,2026-02-01 06:00:00,9.438921470402576,holt_winters
M0069,G09,2026-02-01 07:00:00,9.476684811527102,holt_winters
M0069,G09,2026-02-01 08:00:00,9.707259534663681,holt_winters
M0069,G09,2026-02-01 09:00:00,9.103886630829328,holt_winters
M0069,G09,2026-02-01 10:00:00,8.777542651288753,holt_winters
M0069,G09,2026-02-01 11:00:00,8.021820187272429,holt_winters
M0069,G09,2026-02-01 12:00:00,7.368232435005745,holt_winters
M0069,G09,2026-02-01 13:00:00,6.438973572594659,holt_winters
M0069,G09,2026-02-01 14:00:00,5.838695050156425,holt_winters
M0069,G09,2026-02-01 15:00:00,5.143897973471407,holt_winters
M0069,G09,2026-02-01 16:00:00,4.456111025476414,holt_winters
M0069,G09,2026-02-01 17:00:00,3.9375591135545935,holt_winters
M0069,G09,2026-02-01 18:00:00,3.5886707324348106,holt_winters
M0069,G09,2026-02-01 19:00:00,3.552055538436072,holt_winters
M0069,G09,2026-02-01 20:00:00,3.6513023786061707,holt_winters
M0069,G09,2026-02-01 21:00:00,3.9603800567134297,holt_winters
M0069,G09,2026-02-01 22:00:00,4.367909981391979,holt_winters
M0069,G09,2026-02-01 23:00:00,4.984843652931697,holt_winters
M0070,G10,2026-02-01 00:00:00,10.086883502348915,holt_winters
M0070,G10,2026-02-01 01:00:00,9.509996071270606,holt_winters
M0070,G10,2026-02-01 02:00:00,8.594854668530013,holt_winters
M0070,G10,2026-02-01 03:00:00,7.602977291392328,holt_winters
M0070,G10,2026-02-01 04:00:00,7.128713461107103,holt_winters
M0070,G10,2026-02-01 05:00:00,6.028695600792398,holt_winters
M0070,G10,2026-02-01 06:00:00,5.46031078554603,holt_winters
M0070,G10,2026-02-01 07:00:00,5.2873088632974214,holt_winters
M0070,G10,2026-02-01 08:00:00,5.133234220453904,holt_winters
M0070,G10,2026-02-01 09:00:00,5.1624267651910625,holt_winters
M0070,G10,2026-02-01 10:00:00,5.500866643506431,holt_winters
M0070,G10,2026-02-01 11:00:00,6.017539230825178,holt_winters
M0070,G10,2026-02-01 12:00:00,6.678866229641294,holt_winters
M0070,G10,2026-02-01 13:00:00,7.524022919513793,holt_winters
M0070,G10,2026-02-01 14:00:00,8.285254809819062,holt_winters
M0070,G10,2026-02-01 15:00:00,9.044170315250888,holt_winters
M0070,G10,2026-02-01 16:00:00,9.784088946301136,holt_winters
M0070,G10,2026-02-01 17:00:00,10.424529507910183,holt_winters
M0070,G10,2026-02-01 18:00:00,10.832008279428715,holt_winters
M0070,G10,2026-02-01 19:00:00,11.3865526283011,holt_winters
M0070,G10,2026-02-01 20:00:00,11.570170207383491,holt_winters
M0070,G10,2026-02-01 21:00:00,11.540518400771447,holt_winters
M0070,G10,2026-02-01 22:00:00,11.213859357509266,holt_winters
M0070,G10,2026-02-01 23:00:00,10.98429222867022,holt_winters
M0071,G11,2026-02-01 00:00:00,4.937373149180816,seasonal_naive
M0071,G11,2026-02-01 01:00:00,4.519312819740131,seasonal_naive
M0071,G11,2026-02-01 02:00:00,3.6727445948662494,seasonal_naive
M0071,G11,2026-02-01 03:00:00,2.753533750596744,seasonal_naive
M0071,G11,2026-02-01 04:00:00,2.8137988382464587,seasonal_naive
M0071,G11,2026-02-01 05:00:00,2.3900536567736985,seasonal_naive
M0071,G11,2026-02-01 06:00:00,2.4572559447977085,seasonal_naive
M0071,G11,2026-02-01 07:00:00,2.1515360754800223,seasonal_naive
M0071,G11,2026-02-01 08:00:00,2.205901699182288,seasonal_naive
M0071,G11,2026-02-01 09:00:00,1.8582846582250303,seasonal_naive
M0071,G11,2026-02-01 10:00:00,2.901614392845637,seasonal_naive
M0071,G11,2026-02-01 11:00:00,4.0053090939534295,seasonal_naive
M0071,G11,2026-02-01 12:00:00,3.6479909275524065,seasonal_naive
M0071,G11,2026-02-01 13:00:00,4.316749343587892,seasonal_naive
M0071,G11,2026-02-01 14:00:00,4.451091143232574,seasonal_naive
M0071,G11,2026-02-01 15:00:00,5.116033009396157,seasonal_naive
M0071,G11,2026-02-01 16:00:00,5.717464386231833,seasonal_naive
M0071,G11,2026-02-01 17:00:00,6.359880649990056,seasonal_naive
M0071,G11,2026-02-01 18:00:00,6.4002022136321255,seasonal_naive
M0071,G11,2026-02-01 19:00:00,5.708393876746152,seasonal_naive
M0071,G11,2026-02-01 20:00:00,5.5993349743328515,seasonal_naive
M0071,G11,2026-02-01 21:00:00,6.832832340939028,seasonal_naive
M0071,G11,2026-02-01 22:00:00,5.554282929425138,seasonal_naive
M0071,G11,2026-02-01 23:00:00,5.4165450497364445,seasonal_naive
M0072,G12,2026-02-01 00:00:00,11.252113575828954,sarimax
M0072,G12,2026-02-01 01:00:00,12.850569400665183,sarimax
M0072,G12,2026-02-01 02:00:00,14.194244500288244,sarimax
M0072,G12,2026-02-01 03:00:00,15.366310270759008,sarimax
M0072,G12,2026-02-01 04:00:00,16.31663080119051,sarimax
M0072,G12,2026-02-01 05:00:00,16.98602454997109,sarimax
M0072,G12,2026-02-01 06:00:00,17.33049497496017,sarimax
M0072,G12,2026-02-01 07:00:00,17.327603727794035,sarimax
M0072,G12,2026-02-01 08:00:00,16.978562809696633,sarimax
M0072,G12,2026-02-01 09:00:00,16.308244903024107,sarimax
M0072,G12,2026-02-01 10:00:00,15.363502589432914,sarimax
M0072,G12,2026-02-01 11:00:00,14.209976421126138,sarimax
M0072,G12,2026-02-01 12:00:00,12.92762030692029,sarimax
M0072,G12,2026-02-01 13:00:00,11.605250980807062,sarimax
M0072,G12,2026-02-01 14:00:00,10.334493305828602,sarimax
M0072,G12,2026-02-01 15:00:00,9.203534084650258,sarimax
M0072,G12,2026-02-01 16:00:00,8.291110055801024,sarimax
M0072,G12,2026-02-01 17:00:00,7.661139788232798,sarimax
M0072,G12,2026-02-01 18:00:00,7.358365305205767,sarimax
M0072,G12,2026-02-01 19:00:00,7.405300457069869,sarimax
M0072,G12,2026-02-01 20:00:00,7.800694009842417,sarimax
M0072,G12,2026-02-01 21:00:00,8.519612191234526,sarimax
M0072,G12,2026-02-01 22:00:00,9.515135072560287,sarimax
M0072,G12,2026-02-01 23:00:00,10.721551184839916,sarimax
M0073,G01,2026-02-01 00:00:00,3.0722211979155984,sarimax
M0073,G01,2026-02-01 01:00:00,3.255158712394045,sarimax
M0073,G01,2026-02-01 02:00:00,3.414758002181199,sarimax
M0073,G01,2026-02-01 03:00:00,3.5454450307786796,sarimax
M0073,G01,2026-02-01 04:00:00,3.639116995704777,sarimax
M0073,G01,2026-02-01 05:00:00,3.689466615260101,sarimax
M0073,G01,2026-02-01 06:00:00,3.693010875206726,sarimax
M0073,G01,2026-02-01 07:00:00,3.6494235615268638,sarimax
M0073,G01,2026-02-01 08:00:00,3.5615727073282466,sarimax
M0073,G01,2026-02-01 09:00:00,3.435327681131377,sarimax
M0073,G01,2026-02-01 10:00:00,3.279159743981755,sarimax
M0073,G01,2026-02-01 11:00:00,3.103564992211956,sarimax
M0073,G01,2026-02-01 12:00:00,2.9203492802926836,sarimax
M0073,G01,2026-02-01 13:00:00,2.7418238975495193,sarimax
M0073,G01,2026-02-01 14:00:00,2.5799668185185434,sarimax
M0073,G01,2026-02-01 15:00:00,2.4456066870786537,sarimax
M0073,G01,2026-02-01 16:00:00,2.347685144296259,sarimax
M0073,G01,2026-02-01 17:00:00,2.2926477707533763,sarimax
M0073,G01,2026-02-01 18:00:00,2.2840051492171365,sarimax
M0073,G01,2026-02-01 19:00:00,2.3220939600598713,sarimax
M0073,G01,2026-02-01 20:00:00,2.404054389912501,sarimax
M0073,G01,2026-02-01 21:00:00,2.5240253926206666,sarimax
M0073,G01,2026-02-01 22:00:00,2.6735444952754914,sarimax
M0073,G01,2026-02-01 23:00:00,2.8421249026596453,sarimax
M0074,G02,2026-02-01 00:00:00,1.195466996853799,seasonal_naive
M0074,G02,2026-02-01 01:00:00,1.2164798778916053,seasonal_naive
M0074,G02,2026-02-01 02:00:00,1.022317848020175,seasonal_naive
M0074,G02,2026-02-01 03:00:00,1.1306235874278794,seasonal_naive
M0074,G02,2026-02-01 04:00:00,1.049109668942798,seasonal_naive
M0074,G02,2026-02-01 05:00:00,1.1690624211005094,seasonal_naive
M0074,G02,2026-02-01 06:00:00,1.0661652732616136,seasonal_naive
M0074,G02,2026-02-01 07:00:00,1.179214904880719,seasonal_naive
M0074,G02,2026-02-01 08:00:00,1.2402750848518418,seasonal_naive
M0074,G02,2026-02-01 09:00:00,1.3091085281602346,seasonal_naive
M0074,G02,2026-02-01 10:00:00,1.2522922130696534,seasonal_naive
M0074,G02,2026-02-01 11:00:00,1.2835005699099098,seasonal_naive
M0074,G02,2026-02-01 12:00:00,1.5401263078240852,seasonal_naive
M0074,G02,2026-02-01 13:00:00,1.3865083319128058,seasonal_naive
M0074,G02,2026-02-01 14:00:00,1.5875538048506268,seasonal_naive
M0074,G02,2026-02-01 15:00:00,1.5954277683101725,seasonal_naive
M0074,G02,2026-02-01 16:00:00,1.4862906530555287,seasonal_naive
M0074,G02,2026-02-01 17:00:00,1.6365612550988258,seasonal_naive
M0074,G02,2026-02-01 18:00:00,1.4546843053374152,seasonal_naive
M0074,G02,2026-02-01 19:00:00,1.4739664415626268,seasonal_naive
M0074,G02,2026-02-01 20:00:00,1.5602721886187623,seasonal_naive
M0074,G02,2026-02-01 21:00:00,1.6156950177737421,seasonal_naive
M0074,G02,2026-02-01 22:00:00,1.3520501701477081,seasonal_naive
M0074,G02,2026-02-01 23:00:00,1.2942931009285918,seasonal_naive
M0075,G03,2026-02-01 00:00:00,5.103556230908556,sarimax
M0075,G03,2026-02-01 01:00:00,5.4773355052232615,sarimax
M0075,G03,2026-02-01 02:00:00,5.810446778716583,sarimax
M0075,G03,2026-02-01 03:00:00,6.111243027628227,sarimax
M0075,G03,2026-02-01 04:00:00,6.361779093442407,sarimax
M0075,G03,2026-02-01 05:00:00,6.545089980109228,sarimax
M0075,G03,2026-02-01 06:00:00,6.64855983353302,sarimax
M0075,G03,2026-02-01 07:00:00,6.664969797422659,sarimax
M0075,G03,2026-02-01 08:00:00,6.593006160579021,sarimax
M0075,G03,2026-02-01 09:00:00,6.437351512776431,sarimax
M0075,G03,2026-02-01 10:00:00,6.208366059053934,sarimax
M0075,G03,2026-02-01 11:00:00,5.921381944651581,sarimax
M0075,G03,2026-02-01 12:00:00,5.595658777064408,sarimax
M0075,G03,2026-02-01 13:00:00,5.253071532310147,sarimax
M0075,G03,2026-02-01 14:00:00,4.916620262542501,sarimax
M0075,G03,2026-02-01 15:00:00,4.608863165401439,sarimax
M0075,G03,2026-02-01 16:00:00,4.3503797981617005,sarimax
M0075,G03,2026-02-01 17:00:00,4.158369165371486,sarimax
M0075,G03,2026-02-01 18:00:00,4.045478217222191,sarimax
M0075,G03,2026-02-01 19:00:00,4.018940593735146,sarimax
M0075,G03,2026-02-01 20:00:00,4.080084307068496,sarimax
M0075,G03,2026-02-01 21:00:00,4.22424191168223,sarimax
M0075,G03,2026-02-01 22:00:00,4.441069283176298,sarimax
M0075,G03,2026-02-01 23:00:00,4.715251280571628,sarimax
M0076,G04,2026-02-01 00:00:00,15.349392246154853,sarimax
M0076,G04,2026-02-01 01:00:00,16.545341328398127,sarimax
M0076,G04,2026-02-01 02:00:00,17.452161120807936,sarimax
M0076,G04,2026-02-01 03:00:00,18.21213410963107,sarimax
M0076,G04,2026-02-01 04:00:00,18.813871183773013,sarimax
M0076,G04,2026-02-01 05:00:00,19.22404950123931,sarimax
M0076,G04,2026-02-01 06:00:00,19.415812670735757,sarimax
M0076,G04,2026-02-01 07:00:00,19.375814751658293,sarimax
M0076,G04,2026-02-01 08:00:00,19.106170676986906,sarimax
M0076,G04,2026-02-01 09:00:00,18.62452057941091,sarimax
M0076,G04,2026-02-01 10:00:00,17.962870093732064,sarimax
M0076,G04,2026-02-01 11:00:00,17.165418633594278,sarimax
M0076,G04,2026-02-01 12:00:00,16.285550169335547,sarimax
M0076,G04,2026-02-01 13:00:00,15.382196871664174,sarimax
M0076,G04,2026-02-01 14:00:00,14.515824486969347,sarimax
M0076,G04,2026-02-01 15:00:00,13.744313242981065,sarimax
M0076,G04,2026-02-01 16:00:00,13.119015034142969,sarimax
M0076,G04,2026-02-01 17:00:00,12.681255589113661,sarimax
M0076,G04,2026-02-01 18:00:00,12.45951999117733,sarimax
M0076,G04,2026-02-01 19:00:00,12.467513351512348,sarimax
M0076,G04,2026-02-01 20:00:00,12.703228794660525,sarimax
M0076,G04,2026-02-01 21:00:00,13.14908626871052,sarimax
M0076,G04,2026-02-01 22:00:00,13.773132717653409,sarimax
M0076,G04,2026-02-01 23:00:00,14.531221823182118,sarimax
M0077,G05,2026-02-01 00:00:00,1.9841002659544476,sarimax
M0077,G05,2026-02-01 01:00:00,2.3486681015343334,sarimax
M0077,G05,2026-02-01 02:00:00,2.645165439816792,sarimax
M0077,G05,2026-02-01 03:00:00,2.9160004005963427,sarimax
M0077,G05,2026-02-01 04:00:00,3.1611521205531723,sarimax
M0077,G05,2026-02-01 05:00:00,3.3692935581487067,sarimax
M0077,G05,2026-02-01 06:00:00,3.5277529920300132,sarimax
M0077,G05,2026-02-01 07:00:00,3.626091173172668,sarimax
M0077,G05,2026-02-01 08:00:00,3.6576141319751225,sarimax
M0077,G05,2026-02-01 09:00:00,3.6200661325014027,sarimax
M0077,G05,2026-02-01 10:00:00,3.515853464223866,sarimax
M0077,G05,2026-02-01 11:00:00,3.351901315655931,sarimax
M0077,G05,2026-02-01 12:00:00,3.1391881773910613,sarimax
M0077,G05,2026-02-01 13:00:00,2.8919997482707194,sarimax
M0077,G05,2026-02-01 14:00:00,2.626956214319569,sarimax
M0077,G05,2026-02-01 15:00:00,2.3618800825757367,sarimax
M0077,G05,2026-02-01 16:00:00,2.1145819883739247,sarimax
M0077,G05,2026-02-01 17:00:00,1.9016472987178066,sarimax
M0077,G05,2026-02-01 18:00:00,1.737306225215925,sarimax
M0077,G05,2026-02-01 19:00:00,1.6324644527840326,sarimax
M0077,G05,2026-02-01 20:00:00,1.5939603466213395,sarimax
M0077,G05,2026-02-01 21:00:00,1.6240993575948772,sarimax
M0077,G05,2026-02-01 22:00:00,1.7204973551110274,sarimax
M0077,G05,2026-02-01 23:00:00,1.876243563508659,sarimax
M0078,G06,2026-02-01 00:00:00,13.278341193448439,sarimax
M0078,G06,2026-02-01 01:00:00,15.212809252070969,sarimax
M0078,G06,2026-02-01 02:00:00,16.814989178962524,sarimax
M0078,G06,2026-02-01 03:00:00,18.124242195877724,sarimax
M0078,G06,2026-02-01 04:00:00,19.066648727191506,sarimax
M0078,G06,2026-02-01 05:00:00,19.57977561591872,sarimax
M0078,G06,2026-02-01 06:00:00,19.62909138299821,sarimax
M0078,G06,2026-02-01 07:00:00,19.21155427201191,sarimax
M0078,G06,2026-02-01 08:00:00,18.35594457176314,sarimax
M0078,G06,2026-02-01 09:00:00,17.120915576193184,sarimax
M0078,G06,2026-02-01 10:00:00,15.590997271419448,sarimax
M0078,G06,2026-02-01 11:00:00,13.87083537814565,sarimax
M0078,G06,2026-02-01 12:00:00,12.078059394583882,sarimax
M0078,G06,2026-02-01 13:00:00,10.335265777837265,sarimax
M0078,G06,2026-02-01 14:00:00,8.761662608249662,sarimax
M0078,G06,2026-02-01 15:00:00,7.4649451409588785,sarimax
M0078,G06,2026-02-01 16:00:00,6.533955913359676,sarimax
M0078,G06,2026-02-01 17:00:00,6.032629610928077,sarimax
M0078,G06,2026-02-01 18:00:00,5.9956353397215585,sarimax
M0078,G06,2026-02-01 19:00:00,6.42601327844,sarimax
M0078,G06,2026-02-01 20:00:00,7.294966769290761,sarimax
M0078,G06,2026-02-01 21:00:00,8.543824017337151,sarimax
M0078,G06,2026-02-01 22:00:00,10.088035712803984,sarimax
M0078,G06,2026-02-01 23:00:00,11.822936146054323,sarimax
M0079,G07,2026-02-01 00:00:00,12.122535670997557,seasonal_naive
M0079,G07,2026-02-01 01:00:00,12.029326838964101,seasonal_naive
M0079,G07,2026-02-01 02:00:00,11.776374576453923,seasonal_naive
M0079,G07,2026-02-01 03:00:00,10.640808540449841,seasonal_naive
M0079,G07,2026-02-01 04:00:00,9.907866141879214,seasonal_naive
M0079,G07,2026-02-01 05:00:00,9.194971114302726,seasonal_naive
M0079,G07,2026-02-01 06:00:00,8.80317012666714,seasonal_naive
M0079,G07,2026-02-01 07:00:00,8.843494343519357,seasonal_naive
M0079,G07,2026-02-01 08:00:00,9.680449431650958,seasonal_naive
M0079,G07,2026-02-01 09:00:00,9.433665384984458,seasonal_naive
M0079,G07,2026-02-01 10:00:00,10.499353541622153,seasonal_naive
M0079,G07,2026-02-01 11:00:00,10.486895431720287,seasonal_naive
M0079,G07,2026-02-01 12:00:00,10.851207216208552,seasonal_naive
M0079,G07,2026-02-01 13:00:00,11.683148672502254,seasonal_naive
M0079,G07,2026-02-01 14:00:00,13.636119337968301,seasonal_naive
M0079,G07,2026-02-01 15:00:00,15.654063061927587,seasonal_naive
M0079,G07,2026-02-01 16:00:00,14.80649620434342,seasonal_naive
M0079,G07,2026-02-01 17:00:00,14.83052593496462,seasonal_naive
M0079,G07,2026-02-01 18:00:00,15.131125817423408,seasonal_naive
M0079,G07,2026-02-01 19:00:00,15.361178008488112,seasonal_naive
M0079,G07,2026-02-01 20:00:00,15.755181624915195,seasonal_naive
M0079,G07,2026-02-01 21:00:00,13.59864865376763,seasonal_naive
M0079,G07,2026-02-01 22:00:00,14.222850709603085,seasonal_naive
M0079,G07,2026-02-01 23:00:00,13.224200029077842,seasonal_naive
M0080,G08,2026-02-01 00:00:00,11.231270530638037,sarimax
M0080,G08,2026-02-01 01:00:00,10.752443368480675,sarimax
M0080,G08,2026-02-01 02:00:00,10.261344474967721,sarimax
M0080,G08,2026-02-01 03:00:00,9.781860602924334,sarimax
M0080,G08,2026-02-01 04:00:00,9.345862284884005,sarimax
M0080,G08,2026-02-01 05:00:00,8.982438682286336,sarimax
M0080,G08,2026-02-01 06:00:00,8.715682478164727,sarimax
M0080,G08,2026-02-01 07:00:00,8.563042593864601,sarimax
M0080,G08,2026-02-01 08:00:00,8.534135922380012,sarimax
M0080,G08,2026-02-01 09:00:00,8.630093046558972,sarimax
M0080,G08,2026-02-01 10:00:00,8.843482365542766,sarimax
M0080,G08,2026-02-01 11:00:00,9.158817794015935,sarimax
M0080,G08,2026-02-01 12:00:00,9.55361543353613,sarimax
M0080,G08,2026-02-01 13:00:00,9.999927203689133,sarimax
M0080,G08,2026-02-01 14:00:00,10.466246916695326,sarimax
M0080,G08,2026-02-01 15:00:00,10.919658897592406,sarimax
M0080,G08,2026-02-01 16:00:00,11.328082722945993,sarimax
M0080,G08,2026-02-01 17:00:00,11.66246110063109,sarimax
M0080,G08,2026-02-01 18:00:00,11.898741787982532,sarimax
M0080,G08,2026-02-01 19:00:00,12.019518481473762,sarimax
M0080,G08,2026-02-01 20:00:00,12.01521885152978,sarimax
M0080,G08,2026-02-01 21:00:00,11.884758757314081,sarimax
M0080,G08,2026-02-01 22:00:00,11.635618055208754,sarimax
M0080,G08,2026-02-01 23:00:00,11.283332832071299,sarimax
M0081,G09,2026-02-01 00:00:00,44.004117772001614,seasonal_naive
M0081,G09,2026-02-01 01:00:00,10.745676885355728,seasonal_naive
M0081,G09,2026-02-01 02:00:00,12.002355388358119,seasonal_naive
M0081,G09,2026-02-01 03:00:00,13.308375643226226,seasonal_naive
M0081,G09,2026-02-01 04:00:00,13.667525960133714,seasonal_naive
M0081,G09,2026-02-01 05:00:00,15.262742531722276,seasonal_naive
M0081,G09,2026-02-01 06:00:00,15.548647459316161,seasonal_naive
M0081,G09,2026-02-01 07:00:00,14.700471079322618,seasonal_naive
M0081,G09,2026-02-01 08:00:00,16.19409516376573,seasonal_naive
M0081,G09,2026-02-01 09:00:00,15.270258268456933,seasonal_naive
M0081,G09,2026-02-01 10:00:00,15.088120415451481,seasonal_naive
M0081,G09,2026-02-01 11:00:00,13.22356787553525,seasonal_naive
M0081,G09,2026-02-01 12:00:00,12.78825894953002,seasonal_naive
M0081,G09,2026-02-01 13:00:00,10.969623419794779,seasonal_naive
M0081,G09,2026-02-01 14:00:00,8.435058060218505,seasonal_naive
M0081,G09,2026-02-01 15:00:00,7.4782078100158955,seasonal_naive
M0081,G09,2026-02-01 16:00:00,6.5639639763538264,seasonal_naive
M0081,G09,2026-02-01 17:00:00,5.860755633142513,seasonal_naive
M0081,G09,2026-02-01 18:00:00,5.958654880623753,seasonal_naive
M0081,G09,2026-02-01 19:00:00,5.819662049221314,seasonal_naive
M0081,G09,2026-02-01 20:00:00,5.844840951280888,seasonal_naive
M0081,G09,2026-02-01 21:00:00,6.344890395275951,seasonal_naive
M0081,G09,2026-02-01 22:00:00,7.663302777932252,seasonal_naive
M0081,G09,2026-02-01 23:00:00,8.688894242516163,seasonal_naive
M0082,G10,2026-02-01 00:00:00,2.4040797397946427,sarimax
M0082,G10,2026-02-01 01:00:00,2.253881016172734,sarimax
M0082,G10,2026-02-01 02:00:00,2.1331386360939213,sarimax
M0082,G10,2026-02-01 03:00:00,2.0466957304764533,sarimax
M0082,G10,2026-02-01 04:00:00,2.000140093845378,sarimax
M0082,G10,2026-02-01 05:00:00,1.996757298990195,sarimax
M0082,G10,2026-02-01 06:00:00,2.0369703045229643,sarimax
M0082,G10,2026-02-01 07:00:00,2.118267940586124,sarimax
M0082,G10,2026-02-01 08:00:00,2.235370369649103,sarimax
M0082,G10,2026-02-01 09:00:00,2.380587859555986,sarimax
M0082,G10,2026-02-01 10:00:00,2.5443443345045713,sarimax
M0082,G10,2026-02-01 11:00:00,2.7158295101433736,sarimax
M0082,G10,2026-02-01 12:00:00,2.8837351064954,sarimax
M0082,G10,2026-02-01 13:00:00,3.0370249595010996,sarimax
M0082,G10,2026-02-01 14:00:00,3.1656865490573045,sarimax
M0082,G10,2026-02-01 15:00:00,3.2614127288226538,sarimax
M0082,G10,2026-02-01 16:00:00,3.3181671998622075,sarimax
M0082,G10,2026-02-01 17:00:00,3.3325951929363997,sarimax
M0082,G10,2026-02-01 18:00:00,3.304251373067897,sarimax
M0082,G10,2026-02-01 19:00:00,3.235629436070108,sarimax
M0082,G10,2026-02-01 20:00:00,3.131991381135003,sarimax
M0082,G10,2026-02-01 21:00:00,3.0010080953707705,sarimax
M0082,G10,2026-02-01 22:00:00,2.8522357450044225,sarimax
M0082,G10,2026-02-01 23:00:00,2.696463657513119,sarimax
M0083,G11,2026-02-01 00:00:00,10.200441153345789,seasonal_naive
M0083,G11,2026-02-01 01:00:00,7.719068026410887,seasonal_naive
M0083,G11,2026-02-01 02:00:00,7.703863547685076,seasonal_naive
M0083,G11,2026-02-01 03:00:00,6.877951566958094,seasonal_naive
M0083,G11,2026-02-01 04:00:00,5.7176399519426315,seasonal_naive
M0083,G11,2026-02-01 05:00:00,6.145336836670985,seasonal_naive
M0083,G11,2026-02-01 06:00:00,5.727997540950073,seasonal_naive
M0083,G11,2026-02-01 07:00:00,5.804606203127957,seasonal_naive
M0083,G11,2026-02-01 08:00:00,6.142814400861346,seasonal_naive
M0083,G11,2026-02-01 09:00:00,6.674576833918184,seasonal_naive
M0083,G11,2026-02-01 10:00:00,7.550890686242281,seasonal_naive
M0083,G11,2026-02-01 11:00:00,8.824443248367233,seasonal_naive
M0083,G11,2026-02-01 12:00:00,9.738267227477113,seasonal_naive
M0083,G11,2026-02-01 13:00:00,11.044028287390196,seasonal_naive
M0083,G11,2026-02-01 14:00:00,12.01971310404266,seasonal_naive
M0083,G11,2026-02-01 15:00:00,12.450888567678124,seasonal_naive
M0083,G11,2026-02-01 16:00:00,14.557597588345773,seasonal_naive
M0083,G11,2026-02-01 17:00:00,13.321088726804465,seasonal_naive
M0083,G11,2026-02-01 18:00:00,13.228110755533443,seasonal_naive
M0083,G11,2026-02-01 19:00:00,13.015448784547997,seasonal_naive
M0083,G11,2026-02-01 20:00:00,11.47189504155119,seasonal_naive
M0083,G11,2026-02-01 21:00:00,11.793314427971598,seasonal_naive
M0083,G11,2026-02-01 22:00:00,10.09368288215543,seasonal_naive
M0083,G11,2026-02-01 23:00:00,10.603235066890665,seasonal_naive
M0084,G12,2026-02-01 00:00:00,7.429560090450867,sarimax
M0084,G12,2026-02-01 01:00:00,7.0901172470237634,sarimax
M0084,G12,2026-02-01 02:00:00,6.734047698834254,sarimax
M0084,G12,2026-02-01 03:00:00,6.418118026725514,sarimax
M0084,G12,2026-02-01 04:00:00,6.165111823544053,sarimax
M0084,G12,2026-02-01 05:00:00,5.992270217146992,sarimax
M0084,G12,2026-02-01 06:00:00,5.911295169431696,sarimax
M0084,G12,2026-02-01 07:00:00,5.927598398284627,sarimax
M0084,G12,2026-02-01 08:00:00,6.039934545141743,sarimax
M0084,G12,2026-02-01 09:00:00,6.2404863033941265,sarimax
M0084,G12,2026-02-01 10:00:00,6.5153973839894395,sarimax
M0084,G12,2026-02-01 11:00:00,6.845717063101419,sarimax
M0084,G12,2026-02-01 12:00:00,7.208691944724161,sarimax
M0084,G12,2026-02-01 13:00:00,7.57931690638434,sarimax
M0084,G12,2026-02-01 14:00:00,7.932039533113485,sarimax
M0084,G12,2026-02-01 15:00:00,8.242501884795837,sarimax
M0084,G12,2026-02-01 16:00:00,8.489200897748502,sarimax
M0084,G12,2026-02-01 17:00:00,8.654954266283323,sarimax
M0084,G12,2026-02-01 18:00:00,8.728071906168527,sarimax
M0084,G12,2026-02-01 19:00:00,8.703153165967125,sarimax
M0084,G12,2026-02-01 20:00:00,8.581455456845568,sarimax
M0084,G12,2026-02-01 21:00:00,8.370809178523157,sarimax
M0084,G12,2026-02-01 22:00:00,8.085084738156002,sarimax
M0084,G12,2026-02-01 23:00:00,7.743247983031968,sarimax
M0085,G01,2026-02-01 00:00:00,1.5970624118278354,holt_winters
M0085,G01,2026-02-01 01:00:00,1.6681083742623846,holt_winters
M0085,G01,2026-02-01 02:00:00,1.7927551987355037,holt_winters
M0085,G01,2026-02-01 03:00:00,1.9443523643233038,holt_winters
M0085,G01,2026-02-01 04:00:00,2.049160531870475,holt_winters
M0085,G01,2026-02-01 05:00:00,2.1333086315235277,holt_winters
M0085,G01,2026-02-01 06:00:00,2.21212840341539,holt_winters
M0085,G01,2026-02-01 07:00:00,2.257226732227719,holt_winters
M0085,G01,2026-02-01 08:00:00,2.351173530523501,holt_winters
M0085,G01,2026-02-01 09:00:00,2.25359130432425,holt_winters
M0085,G01,2026-02-01 10:00:00,2.193971096796287,holt_winters
M0085,G01,2026-02-01 11:00:00,2.124547214158754,holt_winters
M0085,G01,2026-02-01 12:00:00,1.9453115057270849,holt_winters
M0085,G01,2026-02-01 13:00:00,1.8985819621441666,holt_winters
M0085,G01,2026-02-01 14:00:00,1.7186614299745615,holt_winters
M0085,G01,2026-02-01 15:00:00,1.6180354065872902,holt_winters
M0085,G01,2026-02-01 16:00:00,1.494631232819763,holt_winters
M0085,G01,2026-02-01 17:00:00,1.3792179368066357,holt_winters
M0085,G01,2026-02-01 18:00:00,1.2901517149057755,holt_winters
M0085,G01,2026-02-01 19:00:00,1.2766790058408268,holt_winters
M0085,G01,2026-02-01 20:00:00,1.2743417425199681,holt_winters
M0085,G01,2026-02-01 21:00:00,1.305022277462298,holt_winters
M0085,G01,2026-02-01 22:00:00,1.3794114624136606,holt_winters
M0085,G01,2026-02-01 23:00:00,1.4376458251668394,holt_winters
M0086,G02,2026-02-01 00:00:00,2.1363340951253007,sarimax
M0086,G02,2026-02-01 01:00:00,2.442795833165067,sarimax
M0086,G02,2026-02-01 02:00:00,2.6802449921782747,sarimax
M0086,G02,2026-02-01 03:00:00,2.871067980718428,sarimax
M0086,G02,2026-02-01 04:00:00,3.0183266495058216,sarimax
M0086,G02,2026-02-01 05:00:00,3.118664731086335,sarimax
M0086,G02,2026-02-01 06:00:00,3.168003431223453,sarimax
M0086,G02,2026-02-01 07:00:00,3.1640982127491872,sarimax
M0086,G02,2026-02-01 08:00:00,3.107641696162794,sarimax
M0086,G02,2026-02-01 09:00:00,3.0026124824540994,sarimax
M0086,G02,2026-02-01 10:00:00,2.856169160048601,sarimax
M0086,G02,2026-02-01 11:00:00,2.678231370986886,sarimax
M0086,G02,2026-02-01 12:00:00,2.4808326135907475,sarimax
M0086,G02,2026-02-01 13:00:00,2.277312282918529,sarimax
M0086,G02,2026-02-01 14:00:00,2.081411762221929,sarimax
M0086,G02,2026-02-01 15:00:00,1.9063402301580323,sarimax
M0086,G02,2026-02-01 16:00:00,1.7638755416800935,sarimax
M0086,G02,2026-02-01 17:00:00,1.6635621621321217,sarimax
M0086,G02,2026-02-01 18:00:00,1.612061108133315,sarimax
M0086,G02,2026-02-01 19:00:00,1.6126963181099585,sarimax
M0086,G02,2026-02-01 20:00:00,1.665228417386686,sarimax
M0086,G02,2026-02-01 21:00:00,1.765871316332512,sarimax
M0086,G02,2026-02-01 22:00:00,1.9075505189303061,sarimax
M0086,G02,2026-02-01 23:00:00,2.0803855417694344,sarimax
M0087,G03,2026-02-01 00:00:00,1.7031765224371975,seasonal_naive
M0087,G03,2026-02-01 01:00:00,2.1211590849505826,seasonal_naive
M0087,G03,2026-02-01 02:00:00,2.1487978842712385,seasonal_naive
M0087,G03,2026-02-01 03:00:00,2.178861821657885,seasonal_naive
M0087,G03,2026-02-01 04:00:00,2.704323066175604,seasonal_naive
M0087,G03,2026-02-01 05:00:00,2.373275802152216,seasonal_naive
M0087,G03,2026-02-01 06:00:00,2.7441150461715407,seasonal_naive
M0087,G03,2026-02-01 07:00:00,2.5785062348977905,seasonal_naive
M0087,G03,2026-02-01 08:00:00,2.782820288555148,seasonal_naive
M0087,G03,2026-02-01 09:00:00,2.496794480495097,seasonal_naive
M0087,G03,2026-02-01 10:00:00,2.2938240467784268,seasonal_naive
M0087,G03,2026-02-01 11:00:00,2.0119332284177363,seasonal_naive
M0087,G03,2026-02-01 12:00:00,1.8005808242540593,seasonal_naive
M0087,G03,2026-02-01 13:00:00,1.828290472552857,seasonal_naive
M0087,G03,2026-02-01 14:00:00,1.4569082964702946,seasonal_naive
M0087,G03,2026-02-01 15:00:00,1.289047582203432,seasonal_naive
M0087,G03,2026-02-01 16:00:00,1.4592699269276856,seasonal_naive
M0087,G03,2026-02-01 17:00:00,1.3475667065427246,seasonal_naive
M0087,G03,2026-02-01 18:00:00,1.3169316242571476,seasonal_naive
M0087,G03,2026-02-01 19:00:00,1.344082210229138,seasonal_naive
M0087,G03,2026-02-01 20:00:00,1.307967968568448,seasonal_naive
M0087,G03,2026-02-01 21:00:00,1.5114716899532796,seasonal_naive
M0087,G03,2026-02-01 22:00:00,1.4106866977292243,seasonal_naive
M0087,G03,2026-02-01 23:00:00,1.6359177267585265,seasonal_naive
M0088,G04,2026-02-01 00:00:00,8.350370993034742,sarimax
M0088,G04,2026-02-01 01:00:00,8.803246395841837,sarimax
M0088,G04,2026-02-01 02:00:00,9.421351923750956,sarimax
M0088,G04,2026-02-01 03:00:00,10.044478986996305,sarimax
M0088,G04,2026-02-01 04:00:00,10.624152523695274,sarimax
M0088,G04,2026-02-01 05:00:00,11.120620420416854,sarimax
M0088,G04,2026-02-01 06:00:00,11.500122123359695,sarimax
M0088,G04,2026-02-01 07:00:00,11.736910844687847,sarimax
M0088,G04,2026-02-01 08:00:00,11.814993754559708,sarimax
M0088,G04,2026-02-01 09:00:00,11.729220935684328,sarimax
M0088,G04,2026-02-01 10:00:00,11.485636064781843,sarimax
M0088,G04,2026-02-01 11:00:00,11.101064266611962,sarimax
M0088,G04,2026-02-01 12:00:00,10.601965194440492,sarimax
M0088,G04,2026-02-01 13:00:00,10.022629496336684,sarimax
M0088,G04,2026-02-01 14:00:00,9.402841575547182,sarimax
M0088,G04,2026-02-01 15:00:00,8.785167924503615,sarimax
M0088,G04,2026-02-01 16:00:00,8.212055828613728,sarimax
M0088,G04,2026-02-01 17:00:00,7.722940159021499,sarimax
M0088,G04,2026-02-01 18:00:00,7.351555422320522,sarimax
M0088,G04,2026-02-01 19:00:00,7.123636247330513,sarimax
M0088,G04,2026-02-01 20:00:00,7.055163017749474,sarimax
M0088,G04,2026-02-01 21:00:00,7.1512722087490825,sarimax
M0088,G04,2026-02-01 22:00:00,7.405905687150037,sarimax
M0088,G04,2026-02-01 23:00:00,7.802222875710462,sarimax
M0089,G05,2026-02-01 00:00:00,15.530534146209757,seasonal_naive
M0089,G05,2026-02-01 01:00:00,15.574538766864476,seasonal_naive
M0089,G05,2026-02-01 02:00:00,14.333783149242068,seasonal_naive
M0089,G05,2026-02-01 03:00:00,15.556370786784766,seasonal_naive
M0089,G05,2026-02-01 04:00:00,12.52960084713586,seasonal_naive
M0089,G05,2026-02-01 05:00:00,11.326255005721094,seasonal_naive
M0089,G05,2026-02-01 06:00:00,9.631385129088137,seasonal_naive
M0089,G05,2026-02-01 07:00:00,10.563065843925054,seasonal_naive
M0089,G05,2026-02-01 08:00:00,11.025762180393421,seasonal_naive
M0089,G05,2026-02-01 09:00:00,12.54879400303843,seasonal_naive
M0089,G05,2026-02-01 10:00:00,14.013057902795564,seasonal_naive
M0089,G05,2026-02-01 11:00:00,15.90371589388657,seasonal_naive
M0089,G05,2026-02-01 12:00:00,13.084707330425454,seasonal_naive
M0089,G05,2026-02-01 13:00:00,15.508264411963983,seasonal_naive
M0089,G05,2026-02-01 14:00:00,17.14345834077197,seasonal_naive
M0089,G05,2026-02-01 15:00:00,16.261148565674997,seasonal_naive
M0089,G05,2026-02-01 16:00:00,17.91335372784047,seasonal_naive
M0089,G05,2026-02-01 17:00:00,20.815933777726407,seasonal_naive
M0089,G05,2026-02-01 18:00:00,18.851612137162512,seasonal_naive
M0089,G05,2026-02-01 19:00:00,83.7302288856636,seasonal_naive
M0089,G05,2026-02-01 20:00:00,20.6189282923125,seasonal_naive
M0089,G05,2026-02-01 21:00:00,18.020616890079207,seasonal_naive
M0089,G05,2026-02-01 22:00:00,14.711257967820739,seasonal_naive
M0089,G05,2026-02-01 23:00:00,15.670821161024453,seasonal_naive
M0090,G06,2026-02-01 00:00:00,4.369324635111849,sarimax
M0090,G06,2026-02-01 01:00:00,4.039078082110309,sarimax
M0090,G06,2026-02-01 02:00:00,3.7665701261677533,sarimax
M0090,G06,2026-02-01 03:00:00,3.554943672216642,sarimax
M0090,G06,2026-02-01 04:00:00,3.417984674925272,sarimax
M0090,G06,2026-02-01 05:00:00,3.365084597911701,sarimax
M0090,G06,2026-02-01 06:00:00,3.3999693306139713,sarimax
M0090,G06,2026-02-01 07:00:00,3.520416866540863,sarimax
M0090,G06,2026-02-01 08:00:00,3.718407248255417,sarimax
M0090,G06,2026-02-01 09:00:00,3.9806687942432983,sarimax
M0090,G06,2026-02-01 10:00:00,4.2895822304055224,sarimax
M0090,G06,2026-02-01 11:00:00,4.624381059931398,sarimax
M0090,G06,2026-02-01 12:00:00,4.9625663665145066,sarimax
M0090,G06,2026-02-01 13:00:00,5.281439634865561,sarimax
M0090,G06,2026-02-01 14:00:00,5.55964912995292,sarimax
M0090,G06,2026-02-01 15:00:00,5.7786444524620055,sarimax
M0090,G06,2026-02-01 16:00:00,5.92394014566407,sarimax
M0090,G06,2026-02-01 17:00:00,5.98610224177468,sarimax
M0090,G06,2026-02-01 18:00:00,5.961390517156073,sarimax
M0090,G06,2026-02-01 19:00:00,5.8520126886475605,sarimax
M0090,G06,2026-02-01 20:00:00,5.665973228934383,sarimax
M0090,G06,2026-02-01 21:00:00,5.416527104962073,sarimax
M0090,G06,2026-02-01 22:00:00,5.12127566729758,sarimax
M0090,G06,2026-02-01 23:00:00,4.8009663052110785,sarimax
M0091,G07,2026-02-01 00:00:00,5.678845407654217,sarimax
M0091,G07,2026-02-01 01:00:00,6.337896399689989,sarimax
M0091,G07,2026-02-01 02:00:00,7.032960790380132,sarimax
M0091,G07,2026-02-01 03:00:00,7.657862349226013,sarimax
M0091,G07,2026-02-01 04:00:00,8.165387348979396,sarimax
M0091,G07,2026-02-01 05:00:00,8.520522256149313,sarimax
M0091,G07,2026-02-01 06:00:00,8.698993199262558,sarimax
M0091,G07,2026-02-01 07:00:00,8.688624187255098,sarimax
M0091,G07,2026-02-01 08:00:00,8.490144111898497,sarimax
M0091,G07,2026-02-01 09:00:00,8.117135289834813,sarimax
M0091,G07,2026-02-01 10:00:00,7.595107636501069,sarimax
M0091,G07,2026-02-01 11:00:00,6.959760071312649,sarimax
M0091,G07,2026-02-01 12:00:00,6.254547521638348,sarimax
M0091,G07,2026-02-01 13:00:00,5.527719321615593,sarimax
M0091,G07,2026-02-01 14:00:00,4.829030833658221,sarimax
M0091,G07,2026-02-01 15:00:00,4.2063523905364555,sarimax
M0091,G07,2026-02-01 16:00:00,3.702406653454995,sarimax
M0091,G07,2026-02-01 17:00:00,3.3518567302845566,sarimax
M0091,G07,2026-02-01 18:00:00,3.178943494440922,sarimax
M0091,G07,2026-02-01 19:00:00,3.1958331178513695,sarimax
M0091,G07,2026-02-01 20:00:00,3.4017874315935153,sarimax
M0091,G07,2026-02-01 21:00:00,3.783213653506005,sarimax
M0091,G07,2026-02-01 22:00:00,4.314590094724094,sarimax
M0091,G07,2026-02-01 23:00:00,4.960204760635392,sarimax
M0092,G08,2026-02-01 00:00:00,12.35191799584368,holt_winters
M0092,G08,2026-02-01 01:00:00,13.732951925379115,holt_winters
M0092,G08,2026-02-01 02:00:00,14.895777846064478,holt_winters
M0092,G08,2026-02-01 03:00:00,15.987022485563845,holt_winters
M0092,G08,2026-02-01 04:00:00,16.47898710999845,holt_winters
M0092,G08,2026-02-01 05:00:00,16.343757943445542,holt_winters
M0092,G08,2026-02-01 06:00:00,16.67671960299,holt_winters
M0092,G08,2026-02-01 07:00:00,16.352930762294093,holt_winters
M0092,G08,2026-02-01 08:00:00,15.90454443608905,holt_winters
M0092,G08,2026-02-01 09:00:00,15.229330940583985,holt_winters
M0092,G08,2026-02-01 10:00:00,14.32914003483073,holt_winters
M0092,G08,2026-02-01 11:00:00,13.355449937479323,holt_winters
M0092,G08,2026-02-01 12:00:00,12.55871524025959,holt_winters
M0092,G08,2026-02-01 13:00:00,11.407700274769592,holt_winters
M0092,G08,2026-02-01 14:00:00,10.704039957177866,holt_winters
M0092,G08,2026-02-01 15:00:00,9.952724901153363,holt_winters
M0092,G08,2026-02-01 16:00:00,9.504103092372734,holt_winters
M0092,G08,2026-02-01 17:00:00,8.888486038853586,holt_winters
M0092,G08,2026-02-01 18:00:00,8.598503361053588,holt_winters
M0092,G08,2026-02-01 19:00:00,8.829965299895028,holt_winters
M0092,G08,2026-02-01 20:00:00,9.155064786035961,holt_winters
M0092,G08,2026-02-01 21:00:00,9.756330672175828,holt_winters
M0092,G08,2026-02-01 22:00:00,10.23685222939444,holt_winters
M0092,G08,2026-02-01 23:00:00,11.7121898194308,holt_winters
M0093,G09,2026-02-01 00:00:00,3.7895087265980227,sarimax
M0093,G09,2026-02-01 01:00:00,3.571360720855126,sarimax
M0093,G09,2026-02-01 02:00:00,3.358352210149762,sarimax
M0093,G09,2026-02-01 03:00:00,3.1950814799718072,sarimax
M0093,G09,2026-02-01 04:00:00,3.0968924503517465,sarimax
M0093,G09,2026-02-01 05:00:00,3.070978558214855,sarimax
M0093,G09,2026-02-01 06:00:00,3.1190514931086213,sarimax
M0093,G09,2026-02-01 07:00:00,3.2376752333669714,sarimax
M0093,G09,2026-02-01 08:00:00,3.418564691782443,sarimax
M0093,G09,2026-02-01 09:00:00,3.64915977655272,sarimax
M0093,G09,2026-02-01 10:00:00,3.913482973346601,sarimax
M0093,G09,2026-02-01 11:00:00,4.193228740504565,sarimax
M0093,G09,2026-02-01 12:00:00,4.4690114369157605,sarimax
M0093,G09,2026-02-01 13:00:00,4.721686874762516,sarimax
M0093,G09,2026-02-01 14:00:00,4.933657454404006,sarimax
M0093,G09,2026-02-01 15:00:00,5.090071940714952,sarimax
M0093,G09,2026-02-01 16:00:00,5.179838117762179,sarimax
M0093,G09,2026-02-01 17:00:00,5.196379310339216,sarimax
M0093,G09,2026-02-01 18:00:00,5.138083215828036,sarimax
M0093,G09,2026-02-01 19:00:00,5.008412458341091,sarimax
M0093,G09,2026-02-01 20:00:00,4.815669330112943,sarimax
M0093,G09,2026-02-01 21:00:00,4.572430751629009,sarimax
M0093,G09,2026-02-01 22:00:00,4.294691955979241,sarimax
M0093,G09,2026-02-01 23:00:00,4.000777252841039,sarimax
M0094,G10,2026-02-01 00:00:00,8.371013372369555,sarimax
M0094,G10,2026-02-01 01:00:00,7.945344555903781,sarimax
M0094,G10,2026-02-01 02:00:00,7.485802727919224,sarimax
M0094,G10,2026-02-01 03:00:00,7.054061530996952,sarimax
M0094,G10,2026-02-01 04:00:00,6.681130137006803,sarimax
M0094,G10,2026-02-01 05:00:00,6.392425897008528,sarimax
M0094,G10,2026-02-01 06:00:00,6.207525077740547,sarimax
M0094,G10,2026-02-01 07:00:00,6.138909788788342,sarimax
M0094,G10,2026-02-01 08:00:00,6.191121924616856,sarimax
M0094,G10,2026-02-01 09:00:00,6.360454070155818,sarimax
M0094,G10,2026-02-01 10:00:00,6.63520237686457,sarimax
M0094,G10,2026-02-01 11:00:00,6.99646439095268,sarimax
M0094,G10,2026-02-01 12:00:00,7.419427474489998,sarimax
M0094,G10,2026-02-01 13:00:00,7.875060015926685,sarimax
M0094,G10,2026-02-01 14:00:00,8.332090176478074,sarimax
M0094,G10,2026-02-01 15:00:00,8.759137323674524,sarimax
M0094,G10,2026-02-01 16:00:00,9.126850897969566,sarimax
M0094,G10,2026-02-01 17:00:00,9.409910951722386,sarimax
M0094,G10,2026-02-01 18:00:00,9.58875402664396,sarimax
M0094,G10,2026-02-01 19:00:00,9.650906753500717,sarimax
M0094,G10,2026-02-01 20:00:00,9.591836290925063,sarimax
M0094,G10,2026-02-01 21:00:00,9.41525964677477,sarimax
M0094,G10,2026-02-01 22:00:00,9.13289080172037,sarimax
M0094,G10,2026-02-01 23:00:00,8.763642867566613,sarimax
M0095,G11,2026-02-01 00:00:00,12.165650371470193,seasonal_naive
M0095,G11,2026-02-01 01:00:00,13.146588833042637,seasonal_naive
M0095,G11,2026-02-01 02:00:00,13.77731715714448,seasonal_naive
M0095,G11,2026-02-01 03:00:00,12.915462670927868,seasonal_naive
M0095,G11,2026-02-01 04:00:00,13.217056447144714,seasonal_naive
M0095,G11,2026-02-01 05:00:00,14.463628518662969,seasonal_naive
M0095,G11,2026-02-01 06:00:00,13.131401812137604,seasonal_naive
M0095,G11,2026-02-01 07:00:00,13.875309660399807,seasonal_naive
M0095,G11,2026-02-01 08:00:00,13.321178570226344,seasonal_naive
M0095,G11,2026-02-01 09:00:00,12.966827038864215,seasonal_naive
M0095,G11,2026-02-01 10:00:00,13.901909654142255,seasonal_naive
M0095,G11,2026-02-01 11:00:00,12.154702756671673,seasonal_naive
M0095,G11,2026-02-01 12:00:00,11.365967539699133,seasonal_naive
M0095,G11,2026-02-01 13:00:00,12.553180011151916,seasonal_naive
M0095,G11,2026-02-01 14:00:00,11.564784809125,seasonal_naive
M0095,G11,2026-02-01 15:00:00,9.834318291490737,seasonal_naive
M0095,G11,2026-02-01 16:00:00,10.578355006886335,seasonal_naive
M0095,G11,2026-02-01 17:00:00,9.236049093177021,seasonal_naive
M0095,G11,2026-02-01 18:00:00,8.740691290505085,seasonal_naive
M0095,G11,2026-02-01 19:00:00,9.769895750084315,seasonal_naive
M0095,G11,2026-02-01 20:00:00,9.817404619543245,seasonal_naive
M0095,G11,2026-02-01 21:00:00,10.96205640293831,seasonal_naive
M0095,G11,2026-02-01 22:00:00,11.405426120124783,seasonal_naive
M0095,G11,2026-02-01 23:00:00,10.52362096901799,seasonal_naive
M0096,G12,2026-02-01 00:00:00,13.114780508036784,seasonal_naive
M0096,G12,2026-02-01 01:00:00,15.22049598664465,seasonal_naive
M0096,G12,2026-02-01 02:00:00,15.55651017145899,seasonal_naive
M0096,G12,2026-02-01 03:00:00,15.14418219506054,seasonal_naive
M0096,G12,2026-02-01 04:00:00,19.301310339361443,seasonal_naive
M0096,G12,2026-02-01 05:00:00,17.289138871291872,seasonal_naive
M0096,G12,2026-02-01 06:00:00,17.241363628475607,seasonal_naive
M0096,G12,2026-02-01 07:00:00,18.644176785985714,seasonal_naive
M0096,G12,2026-02-01 08:00:00,16.34871573616826,seasonal_naive
M0096,G12,2026-02-01 09:00:00,17.539081766228694,seasonal_naive
M0096,G12,2026-02-01 10:00:00,16.720533784986486,seasonal_naive
M0096,G12,2026-02-01 11:00:00,14.635055137500128,seasonal_naive
M0096,G12,2026-02-01 12:00:00,15.370240643176203,seasonal_naive
M0096,G12,2026-02-01 13:00:00,13.223630058840653,seasonal_naive
M0096,G12,2026-02-01 14:00:00,13.662403568367933,seasonal_naive
M0096,G12,2026-02-01 15:00:00,11.69404686611274,seasonal_naive
M0096,G12,2026-02-01 16:00:00,10.517170817210177,seasonal_naive
M0096,G12,2026-02-01 17:00:00,10.421554173097197,seasonal_naive
M0096,G12,2026-02-01 18:00:00,9.765134587981379,seasonal_naive
M0096,G12,2026-02-01 19:00:00,9.459091265902353,seasonal_naive
M0096,G12,2026-02-01 20:00:00,9.523931517188736,seasonal_naive
M0096,G12,2026-02-01 21:00:00,11.332345374366275,seasonal_naive
M0096,G12,2026-02-01 22:00:00,11.42900715060976,seasonal_naive
M0096,G12,2026-02-01 23:00:00,12.232660494410517,seasonal_naive
M0097,G01,2026-02-01 00:00:00,3.449478616374326,sarimax
M0097,G01,2026-02-01 01:00:00,4.085324192722603,sarimax
M0097,G01,2026-02-01 02:00:00,4.746818181828522,sarimax
M0097,G01,2026-02-01 03:00:00,5.400151393128989,sarimax
M0097,G01,2026-02-01 04:00:00,6.001220743736207,sarimax
M0097,G01,2026-02-01 05:00:00,6.509067901074981,sarimax
M0097,G01,2026-02-01 06:00:00,6.889079420885003,sarimax
M0097,G01,2026-02-01 07:00:00,7.115361627514977,sarimax
M0097,G01,2026-02-01 08:00:00,7.172505848283443,sarimax
M0097,G01,2026-02-01 09:00:00,7.05663849676756,sarimax
M0097,G01,2026-02-01 10:00:00,6.775685023333274,sarimax
M0097,G01,2026-02-01 11:00:00,6.348829767874799,sarimax
M0097,G01,2026-02-01 12:00:00,5.805208525854278,sarimax
M0097,G01,2026-02-01 13:00:00,5.181922927214265,sarimax
M0097,G01,2026-02-01 14:00:00,4.521511945050697,sarimax
M0097,G01,2026-02-01 15:00:00,3.869052846658903,sarimax
M0097,G01,2026-02-01 16:00:00,3.2690891524713717,sarimax
M0097,G01,2026-02-01 17:00:00,2.7625949575484383,sarimax
M0097,G01,2026-02-01 18:00:00,2.384182492251139,sarimax
M0097,G01,2026-02-01 19:00:00,2.159743222392914,sarimax
M0097,G01,2026-02-01 20:00:00,2.104683244183361,sarimax
M0097,G01,2026-02-01 21:00:00,2.222873229084467,sarimax
M0097,G01,2026-02-01 22:00:00,2.506384478319079,sarimax
M0097,G01,2026-02-01 23:00:00,2.936029074712308,sarimax
M0098,G02,2026-02-01 00:00:00,7.159844981173105,seasonal_naive
M0098,G02,2026-02-01 01:00:00,6.896297990014086,seasonal_naive
M0098,G02,2026-02-01 02:00:00,6.188891292601363,seasonal_naive
M0098,G02,2026-02-01 03:00:00,6.477399591517399,seasonal_naive
M0098,G02,2026-02-01 04:00:00,7.026272821862114,seasonal_naive
M0098,G02,2026-02-01 05:00:00,6.801688791755749,seasonal_naive
M0098,G02,2026-02-01 06:00:00,4.769145234497201,seasonal_naive
M0098,G02,2026-02-01 07:00:00,4.874010575799033,seasonal_naive
M0098,G02,2026-02-01 08:00:00,5.590698737287162,seasonal_naive
M0098,G02,2026-02-01 09:00:00,6.104168744797905,seasonal_naive
M0098,G02,2026-02-01 10:00:00,4.660128847611396,seasonal_naive
M0098,G02,2026-02-01 11:00:00,5.118496034933196,seasonal_naive
M0098,G02,2026-02-01 12:00:00,5.948231712777661,seasonal_naive
M0098,G02,2026-02-01 13:00:00,5.672667453019429,seasonal_naive
M0098,G02,2026-02-01 14:00:00,5.670613732362763,seasonal_naive
M0098,G02,2026-02-01 15:00:00,7.208089674730539,seasonal_naive
M0098,G02,2026-02-01 16:00:00,7.789631164460901,seasonal_naive
M0098,G02,2026-02-01 17:00:00,8.350340143334826,seasonal_naive
M0098,G02,2026-02-01 18:00:00,7.42361232019748,seasonal_naive
M0098,G02,2026-02-01 19:00:00,9.910203862736061,seasonal_naive
M0098,G02,2026-02-01 20:00:00,7.112395480512334,seasonal_naive
M0098,G02,2026-02-01 21:00:00,9.365931832754143,seasonal_naive
M0098,G02,2026-02-01 22:00:00,7.924871889959622,seasonal_naive
M0098,G02,2026-02-01 23:00:00,8.693791296776125,seasonal_naive
M0099,G03,2026-02-01 00:00:00,3.116450665721497,sarimax
M0099,G03,2026-02-01 01:00:00,2.953542537641481,sarimax
M0099,G03,2026-02-01 02:00:00,2.8057422393896454,sarimax
M0099,G03,2026-02-01 03:00:00,2.6850200208324453,sarimax
M0099,G03,2026-02-01 04:00:00,2.5997553798515014,sarimax
M0099,G03,2026-02-01 05:00:00,2.5558744332143064,sarimax
M0099,G03,2026-02-01 06:00:00,2.556498694907551,sarimax
M0099,G03,2026-02-01 07:00:00,2.6017337980669524,sarimax
M0099,G03,2026-02-01 08:00:00,2.6886621394222603,sarimax
M0099,G03,2026-02-01 09:00:00,2.8115414797967917,sarimax
M0099,G03,2026-02-01 10:00:00,2.9621960140251007,sarimax
M0099,G03,2026-02-01 11:00:00,3.1305732613384007,sarimax
M0099,G03,2026-02-01 12:00:00,3.3054288254911945,sarimax
M0099,G03,2026-02-01 13:00:00,3.475092359778834,sarimax
M0099,G03,2026-02-01 14:00:00,3.6282625381462714,sarimax
M0099,G03,2026-02-01 15:00:00,3.7547768569014437,sarimax
M0099,G03,2026-02-01 16:00:00,3.846303806829127,sarimax
M0099,G03,2026-02-01 17:00:00,3.896910245859046,sarimax
M0099,G03,2026-02-01 18:00:00,3.9034653073462318,sarimax
M0099,G03,2026-02-01 19:00:00,3.865853318876991,sarimax
M0099,G03,2026-02-01 20:00:00,3.7869812221574994,sarimax
M0099,G03,2026-02-01 21:00:00,3.6725799889794257,sarimax
M0099,G03,2026-02-01 22:00:00,3.530813567108733,sarimax
M0099,G03,2026-02-01 23:00:00,3.371722006485385,sarimax
M0100,G04,2026-02-01 00:00:00,8.759098422062518,seasonal_naive
M0100,G04,2026-02-01 01:00:00,11.805319127096038,seasonal_naive
M0100,G04,2026-02-01 02:00:00,15.981878800219238,seasonal_naive
M0100,G04,2026-02-01 03:00:00,14.72949932293354,seasonal_naive
M0100,G04,2026-02-01 04:00:00,19.657221703386217,seasonal_naive
M0100,G04,2026-02-01 05:00:00,14.601674070251367,seasonal_naive
M0100,G04,2026-02-01 06:00:00,18.509301504677463,seasonal_naive
M0100,G04,2026-02-01 07:00:00,19.640459910808865,seasonal_naive
M0100,G04,2026-02-01 08:00:00,19.55881396064452,seasonal_naive
M0100,G04,2026-02-01 09:00:00,17.732404860228872,seasonal_naive
M0100,G04,2026-02-01 10:00:00,17.946414071088018,seasonal_naive
M0100,G04,2026-02-01 11:00:00,16.163305730528062,seasonal_naive
M0100,G04,2026-02-01 12:00:00,14.711849804993177,seasonal_naive
M0100,G04,2026-02-01 13:00:00,12.53389749064854,seasonal_naive
M0100,G04,2026-02-01 14:00:00,11.79525449854512,seasonal_naive
M0100,G04,2026-02-01 15:00:00,9.703446855228663,seasonal_naive
M0100,G04,2026-02-01 16:00:00,8.758099369118247,seasonal_naive
M0100,G04,2026-02-01 17:00:00,7.068572079190279,seasonal_naive
M0100,G04,2026-02-01 18:00:00,6.677033446612177,seasonal_naive
M0100,G04,2026-02-01 19:00:00,6.837459272232328,seasonal_naive
M0100,G04,2026-02-01 20:00:00,8.005717808442338,seasonal_naive
M0100,G04,2026-02-01 21:00:00,7.992562835030084,seasonal_naive
M0100,G04,2026-02-01 22:00:00,7.864564995485732,seasonal_naive
M0100,G04,2026-02-01 23:00:00,9.72912495114833,seasonal_naive
