meter_id,group_id,timestamp,consumption_kwh,temperature_c,is_weekend,is_holiday
M0001,G01,2025-01-01 00:00:00,1.8220924161855134,8.9087248308328,False,True
M0001,G01,2025-01-01 01:00:00,1.7143550951189723,8.577244129673367,False,True
M0001,G01,2025-01-01 02:00:00,1.3646411752699423,10.508787433456803,False,True
M0001,G01,2025-01-01 03:00:00,1.4483721106247744,10.49754923317749,False,True
M0001,G01,2025-01-01 04:00:00,1.3879722752819885,6.248930862702725,False,True
M0001,G01,2025-01-01 05:00:00,1.1548775848411115,8.312789098400476,False,True
M0001,G01,2025-01-01 06:00:00,1.154408909173652,10.43888348600268,False,True
M0001,G01,2025-01-01 07:00:00,0.9225288513372918,10.410395885986416,False,True
M0001,G01,2025-01-01 08:00:00,1.2442066673899954,11.82033304196973,False,True
M0001,G01,2025-01-01 09:00:00,1.7846841750713929,11.156742268551632,False,True
M0001,G01,2025-01-01 10:00:00,1.540906866731086,13.89094648544055,False,True
M0001,G01,2025-01-01 11:00:00,1.7335107644661083,14.235232214620199,False,True
M0001,G01,2025-01-01 12:00:00,2.1225377188012753,13.630357847988595,False,True
M0001,G01,2025-01-01 13:00:00,2.3915997911711706,14.091360246680205,False,True
M0001,G01,2025-01-01 14:00:00,1.8735886858028077,14.318483546860723,False,True
M0001,G01,2025-01-01 15:00:00,2.2776802251687593,12.32122942829121,False,True
M0001,G01,2025-01-01 16:00:00,2.827905104218697,13.183305768993074,False,True
M0001,G01,2025-01-01 17:00:00,2.67364112653179,12.67367793907497,False,True
M0001,G01,2025-01-01 18:00:00,3.0217867098679916,14.384299829464567,False,True
M0001,G01,2025-01-01 19:00:00,2.7364040107972154,12.482408617173594,False,True
M0001,G01,2025-01-01 20:00:00,2.2847116350974708,11.121433669626612,False,True
M0001,G01,2025-01-01 21:00:00,2.378642239982007,10.426811291888285,False,True
M0001,G01,2025-01-01 22:00:00,1.7140836503558057,11.438737994162736,False,True
M0001,G01,2025-01-01 23:00:00,2.2683382152548095,9.363858104452948,False,True
M0001,G01,2025-01-02 00:00:00,2.0221166758675135,8.141628193037265,False,False
M0001,G01,2025-01-02 01:00:00,1.6716673800027202,8.728541600265958,False,False
M0001,G01,2025-01-02 02:00:00,1.626976249910578,9.53638476120131,False,False
M0001,G01,2025-01-02 03:00:00,1.4801836328466482,8.739813027422073,False,False
M0001,G01,2025-01-02 04:00:00,1.1234687694655034,9.672037842870877,False,False
M0001,G01,2025-01-02 05:00:00,0.830612118115032,10.07677424303977,False,False
M0001,G01,2025-01-02 06:00:00,0.985288151107589,13.586178478691957,False,False
M0001,G01,2025-01-02 07:00:00,1.1911925886509058,10.679781806163948,False,False
M0001,G01,2025-01-02 08:00:00,1.3015555121365694,10.758452218984973,False,False
M0001,G01,2025-01-02 09:00:00,1.572933238758863,11.162334768084474,False,False
M0001,G01,2025-01-02 10:00:00,1.3219142392705838,13.378702270467777,False,False
M0001,G01,2025-01-02 11:00:00,1.9927616601544416,14.388497486158748,False,False
M0001,G01,2025-01-02 12:00:00,1.809681969750273,12.854533735906184,False,False
M0001,G01,2025-01-02 13:00:00,2.426483121856191,12.698521628889255,False,False
M0001,G01,2025-01-02 14:00:00,2.044423593004891,12.50499418716934,False,False
M0001,G01,2025-01-02 15:00:00,2.2374504020763695,13.93778891597582,False,False
M0001,G01,2025-01-02 16:00:00,2.8827915363357888,14.680000196504079,False,False
M0001,G01,2025-01-02 17:00:00,2.555993285203191,13.982605179224304,False,False
M0001,G01,2025-01-02 18:00:00,3.2528986168014935,10.92545536989461,False,False
M0001,G01,2025-01-02 19:00:00,2.8288037144038065,12.231719656013887,False,False
M0001,G01,2025-01-02 20:00:00,2.628108926890479,12.005294438243919,False,False
M0001,G01,2025-01-02 21:00:00,2.8845436395518593,11.512411347091758,False,False
M0001,G01,2025-01-02 22:00:00,2.2333303671583207,11.67605372930553,False,False
M0001,G01,2025-01-02 23:00:00,1.794622345128916,9.887425083339064,False,False
M0001,G01,2025-01-03 00:00:00,1.778337239319378,9.747660708161689,False,False
M0001,G01,2025-01-03 01:00:00,1.8525738154871942,8.644981509906057,False,False
M0001,G01,2025-01-03 02:00:00,1.5224047733682438,9.539796336724248,False,False
M0001,G01,2025-01-03 03:00:00,1.048603999276893,10.052921928387248,False,False
M0001,G01,2025-01-03 04:00:00,1.1158104998750646,8.250565668435724,False,False
M0001,G01,2025-01-03 05:00:00,1.0072686736755476,9.919168018497,False,False
M0001,G01,2025-01-03 07:00:00,1.0124577454504227,9.484746635842342,False,False
M0001,G01,2025-01-03 08:00:00,1.165503748729018,11.030826605943618,False,False
M0001,G01,2025-01-03 09:00:00,1.1611017669798642,14.070143389563926,False,False
M0001,G01,2025-01-03 10:00:00,1.7505963141817018,11.630511644394494,False,False
M0001,G01,2025-01-03 11:00:00,1.806360478584267,14.161304530358404,False,False
M0001,G01,2025-01-03 12:00:00,2.070628223785212,11.792612796928166,False,False
M0001,G01,2025-01-03 13:00:00,2.103888119023219,13.281524264955523,False,False
M0001,G01,2025-01-03 14:00:00,2.3570557195078967,13.901821242184406,False,False
M0001,G01,2025-01-03 15:00:00,2.1744932971999504,14.79455838642661,False,False
M0001,G01,2025-01-03 16:00:00,2.2316648086020354,14.338089721069009,False,False
M0001,G01,2025-01-03 17:00:00,2.327925105295657,14.362386435616543,False,False
M0001,G01,2025-01-03 18:00:00,2.6160887373354074,12.488682530649024,False,False
M0001,G01,2025-01-03 19:00:00,2.5523224105548814,11.043061566934123,False,False
M0001,G01,2025-01-03 20:00:00,2.6645284202623527,12.309501101496966,False,False
M0001,G01,2025-01-03 21:00:00,2.7341276845359426,11.362826273265078,False,False
M0001,G01,2025-01-03 22:00:00,2.1965693319984005,8.158687261548438,False,False
M0001,G01,2025-01-03 23:00:00,2.424559214187388,7.334511771665279,False,False
M0001,G01,2025-01-04 00:00:00,2.231825866643325,7.475677149375927,True,False
M0001,G01,2025-01-04 01:00:00,1.8726468174512265,9.871339279090392,True,False
M0001,G01,2025-01-04 02:00:00,1.5908301588619544,9.361375500961241,True,False
M0001,G01,2025-01-04 03:00:00,1.1511307209322907,10.029968410106305,True,False
M0001,G01,2025-01-04 04:00:00,1.0777193264864904,9.604334208059527,True,False
M0001,G01,2025-01-04 05:00:00,1.2156526001692636,8.761069438434433,True,False
M0001,G01,2025-01-04 06:00:00,1.2201607557865564,11.37368138863643,True,False
M0001,G01,2025-01-04 07:00:00,0.9102156464460938,11.437461619141411,True,False
M0001,G01,2025-01-04 08:00:00,1.3603330997140854,11.65924588128325,True,False
M0001,G01,2025-01-04 09:00:00,1.720892064777782,11.337839206241586,True,False
M0001,G01,2025-01-04 10:00:00,1.690859645274762,12.112895404167817,True,False
M0001,G01,2025-01-04 11:00:00,2.051537939011604,12.537514435789822,True,False
M0001,G01,2025-01-04 12:00:00,2.0685123240410217,12.24193091090294,True,False
M0001,G01,2025-01-04 13:00:00,2.1601908532094347,15.387930163167834,True,False
M0001,G01,2025-01-04 14:00:00,2.030836872677311,14.530416508160704,True,False
M0001,G01,2025-01-04 15:00:00,2.027565488693818,13.936843874336034,True,False
M0001,G01,2025-01-04 16:00:00,2.910686564956884,15.369495585840635,True,False
M0001,G01,2025-01-04 17:00:00,2.5487389273989205,13.996398581354827,True,False
M0001,G01,2025-01-04 18:00:00,2.61938425594595,14.600313622778097,True,False
M0001,G01,2025-01-04 19:00:00,2.5652211882818303,12.157221685178463,True,False
M0001,G01,2025-01-04 20:00:00,2.5346308371526365,11.2325769172303,True,False
M0001,G01,2025-01-04 21:00:00,2.7284234874189406,11.11503374913765,True,False
M0001,G01,2025-01-04 22:00:00,2.4509393704406093,9.989631497594345,True,False
M0001,G01,2025-01-04 23:00:00,2.59553923930278,8.596346846208535,True,False
M0001,G01,2025-01-05 00:00:00,2.3675837068248615,7.7248058774506,True,False
M0001,G01,2025-01-05 01:00:00,1.953051020054168,8.703729363006193,True,False
M0001,G01,2025-01-05 02:00:00,1.6143070358964644,9.629553990238666,True,False
M0001,G01,2025-01-05 03:00:00,1.6954032915514683,8.084476663107365,True,False
M0001,G01,2025-01-05 04:00:00,1.0992752672373478,9.666183292350402,True,False
M0001,G01,2025-01-05 05:00:00,1.0740400731627933,11.637590984975198,True,False
M0001,G01,2025-01-05 06:00:00,1.2866538590046195,10.292512378694903,True,False
M0001,G01,2025-01-05 07:00:00,1.2981153683944056,12.075704867049563,True,False
M0001,G01,2025-01-05 08:00:00,1.1565046542635553,10.878691534003579,True,False
M0001,G01,2025-01-05 09:00:00,1.4137617131753162,12.443746678745933,True,False
M0001,G01,2025-01-05 10:00:00,2.0539143072012274,10.972231254467307,True,False
M0001,G01,2025-01-05 11:00:00,1.953365399692645,13.524954782903173,True,False
M0001,G01,2025-01-05 12:00:00,2.0506738718719295,14.513164751207533,True,False
M0001,G01,2025-01-05 13:00:00,2.5088203210936904,11.451621676824859,True,False
M0001,G01,2025-01-05 14:00:00,2.3083028101182856,14.8228439370384,True,False
M0001,G01,2025-01-05 15:00:00,2.6720515385518846,14.572828976891344,True,False
M0001,G01,2025-01-05 16:00:00,2.8429466104029006,12.936071667051516,True,False
M0001,G01,2025-01-05 17:00:00,3.0501742599379336,12.278754643246923,True,False
M0001,G01,2025-01-05 18:00:00,3.049890336011412,12.496209012783902,True,False
M0001,G01,2025-01-05 19:00:00,2.8446982356569044,11.638925674206174,True,False
M0001,G01,2025-01-05 20:00:00,3.052231226126319,11.817515572871859,True,False
M0001,G01,2025-01-05 21:00:00,3.602064551899347,11.186622513414871,True,False
M0001,G01,2025-01-05 22:00:00,1.9364069030400626,12.64230799862143,True,False
M0001,G01,2025-01-05 23:00:00,2.5147429941862844,9.271801005966942,True,False
M0001,G01,2025-01-06 00:00:00,1.8383871095706479,8.95659098364577,False,False
M0001,G01,2025-01-06 01:00:00,1.7720390428871076,9.81952752591725,False,False
M0001,G01,2025-01-06 02:00:00,1.5083409437119557,8.805733039635154,False,False
M0001,G01,2025-01-06 03:00:00,1.337895572938644,10.22462494989233,False,False
M0001,G01,2025-01-06 04:00:00,1.222015339475768,10.818620484696732,False,False
M0001,G01,2025-01-06 05:00:00,1.0642658224118242,10.537704804644857,False,False
M0001,G01,2025-01-06 06:00:00,1.085998483845314,12.441963558201149,False,False
M0001,G01,2025-01-06 07:00:00,0.8781659147752743,9.900155639316159,False,False
M0001,G01,2025-01-06 08:00:00,1.4304106032178756,11.332788225980384,False,False
M0001,G01,2025-01-06 09:00:00,1.4284284472664746,11.996691433518812,False,False
M0001,G01,2025-01-06 10:00:00,1.7539983149683418,12.214385931279292,False,False
M0001,G01,2025-01-06 11:00:00,1.6350986333395252,11.517467924973392,False,False
M0001,G01,2025-01-06 12:00:00,1.708281189912651,14.36829286221968,False,False
M0001,G01,2025-01-06 13:00:00,2.120784584734754,14.280315808313487,False,False
M0001,G01,2025-01-06 14:00:00,2.374651918617521,13.345216281445023,False,False
M0001,G01,2025-01-06 15:00:00,2.656037768746598,12.968160094678856,False,False
M0001,G01,2025-01-06 16:00:00,2.9514510812971144,13.278140349846495,False,False
M0001,G01,2025-01-06 17:00:00,2.1491445643750984,13.909232548659428,False,False
M0001,G01,2025-01-06 18:00:00,2.737647352337626,15.217268854157128,False,False
M0001,G01,2025-01-06 19:00:00,2.426256520045809,15.852528273742482,False,False
M0001,G01,2025-01-06 20:00:00,2.5633771461035146,12.280807151828823,False,False
M0001,G01,2025-01-06 21:00:00,2.2581082291997845,10.172507350220911,False,False
M0001,G01,2025-01-06 22:00:00,2.7722769541152097,8.023381443236197,False,False
M0001,G01,2025-01-06 23:00:00,1.5700497182969442,11.065866752642929,False,False
M0001,G01,2025-01-07 00:00:00,2.1506346628009605,8.66726492878257,False,False
M0001,G01,2025-01-07 01:00:00,1.4696676104074304,8.80146414778068,False,False
M0001,G01,2025-01-07 02:00:00,1.4887301689906243,9.150788015845205,False,False
M0001,G01,2025-01-07 03:00:00,1.2937319397184126,8.794281741071352,False,False
M0001,G01,2025-01-07 04:00:00,1.1888304108823897,11.45482502560082,False,False
M0001,G01,2025-01-07 05:00:00,1.0202049889909526,10.617834325287923,False,False
M0001,G01,2025-01-07 06:00:00,0.973066353030146,10.631783356051235,False,False
M0001,G01,2025-01-07 07:00:00,1.0479430179790743,11.0501723428841,False,False
M0001,G01,2025-01-07 08:00:00,1.4762447864929735,9.825143149164155,False,False
M0001,G01,2025-01-07 09:00:00,1.3731618152790515,13.239493612587086,False,False
M0001,G01,2025-01-07 10:00:00,1.4485046302145004,13.21861161986071,False,False
M0001,G01,2025-01-07 11:00:00,1.557573738672238,15.396641032233859,False,False
M0001,G01,2025-01-07 12:00:00,1.5549394970349288,14.502219131182715,False,False
M0001,G01,2025-01-07 13:00:00,2.0974650867158995,15.201845784247698,False,False
M0001,G01,2025-01-07 14:00:00,1.9159985902678487,13.670833763303012,False,False
M0001,G01,2025-01-07 15:00:00,12.568184520876873,13.337265101486729,False,False
M0001,G01,2025-01-07 16:00:00,2.66876520247372,13.430580844564059,False,False
M0001,G01,2025-01-07 17:00:00,3.4546026019533524,12.73227823085308,False,False
M0001,G01,2025-01-07 18:00:00,2.2028955780992154,16.443732656902142,False,False
M0001,G01,2025-01-07 19:00:00,2.7044183049179464,12.38600388215435,False,False
M0001,G01,2025-01-07 20:00:00,2.8893194738311814,13.870204328222004,False,False
M0001,G01,2025-01-07 21:00:00,2.9285746632997376,10.680012882558872,False,False
M0001,G01,2025-01-07 22:00:00,2.0262293920186307,12.695468376948686,False,False
M0001,G01,2025-01-07 23:00:00,2.2416041897929073,9.899641397830385,False,False
M0001,G01,2025-01-08 00:00:00,1.9295291205714178,9.793180904561131,False,False
M0001,G01,2025-01-08 01:00:00,1.7461669897361314,9.407930940279265,False,False
M0001,G01,2025-01-08 02:00:00,1.376382377083132,9.079030861574598,False,False
M0001,G01,2025-01-08 03:00:00,1.231136743937487,10.139910631983627,False,False
M0001,G01,2025-01-08 04:00:00,0.9567272477881905,9.51104055868127,False,False
M0001,G01,2025-01-08 05:00:00,1.079104296148789,10.007756736141127,False,False
M0001,G01,2025-01-08 06:00:00,1.1491957885586768,9.436778178132437,False,False
M0001,G01,2025-01-08 07:00:00,1.0337010740466357,12.072117212631518,False,False
M0001,G01,2025-01-08 08:00:00,0.904919522039984,14.083938008256572,False,False
M0001,G01,2025-01-08 09:00:00,1.4366405314362982,13.182057358549013,False,False
M0001,G01,2025-01-08 10:00:00,1.5503927234562527,13.415805514412346,False,False
M0001,G01,2025-01-08 11:00:00,1.5017842801232792,14.64008351900217,False,False
M0001,G01,2025-01-08 12:00:00,1.7573889111900833,16.620082532809047,False,False
M0001,G01,2025-01-08 13:00:00,1.7024799867061606,15.806933731687133,False,False
M0001,G01,2025-01-08 14:00:00,2.0154483334669457,14.466860529480268,False,False
M0001,G01,2025-01-08 15:00:00,2.2127571560340282,16.342297626338507,False,False
M0001,G01,2025-01-08 16:00:00,2.833606405370622,14.40930214654842,False,False
M0001,G01,2025-01-08 17:00:00,2.326792972209824,15.871898937679918,False,False
M0001,G01,2025-01-08 18:00:00,2.7461934096031912,14.24518922263425,False,False
M0001,G01,2025-01-08 19:00:00,2.6322249037022654,11.91583225942645,False,False
M0001,G01,2025-01-08 20:00:00,2.8573637271829755,10.769176992828896,False,False
M0001,G01,2025-01-08 21:00:00,2.2135713860076454,14.082426051231344,False,False
M0001,G01,2025-01-08 22:00:00,2.307930906059807,13.368945384963034,False,False
M0001,G01,2025-01-08 23:00:00,1.9852086325836367,10.922126285750341,False,False
M0001,G01,2025-01-09 00:00:00,1.6022381754483759,9.985344570913396,False,False
M0001,G01,2025-01-09 01:00:00,1.3290451790073268,11.626622714441577,False,False
M0001,G01,2025-01-09 02:00:00,1.415508322238201,8.80501909727345,False,False
M0001,G01,2025-01-09 03:00:00,1.194053296516834,7.5117691108630735,False,False
M0001,G01,2025-01-09 04:00:00,1.1127621162472676,11.263924799617405,False,False
M0001,G01,2025-01-09 05:00:00,1.0764317115698374,8.400053774253855,False,False
M0001,G01,2025-01-09 06:00:00,1.3185870637632862,10.347675343492329,False,False
M0001,G01,2025-01-09 07:00:00,0.8761449195666059,11.848258496743899,False,False
M0001,G01,2025-01-09 08:00:00,1.1590269230924464,13.10940741445124,False,False
M0001,G01,2025-01-09 09:00:00,1.096773676299716,14.22036474352192,False,False
M0001,G01,2025-01-09 10:00:00,1.4134575109208876,13.468204154601748,False,False
M0001,G01,2025-01-09 11:00:00,1.6175194326399382,15.691317286464788,False,False
M0001,G01,2025-01-09 12:00:00,1.5810969218829247,11.928395209696653,False,False
M0001,G01,2025-01-09 13:00:00,2.0627865738316755,15.943365926867145,False,False
M0001,G01,2025-01-09 14:00:00,2.7620589802262985,13.952717036319505,False,False
M0001,G01,2025-01-09 15:00:00,2.382545476467819,13.621810268914073,False,False
M0001,G01,2025-01-09 16:00:00,2.582902672933037,14.385271155655023,False,False
M0001,G01,2025-01-09 17:00:00,2.9023505438664374,13.897885669481227,False,False
M0001,G01,2025-01-09 18:00:00,2.5220210186995056,14.313464347740936,False,False
M0001,G01,2025-01-09 19:00:00,2.668188064952109,11.466065912880804,False,False
M0001,G01,2025-01-09 20:00:00,1.9805708530614532,12.484505710277379,False,False
M0001,G01,2025-01-09 21:00:00,2.7901525521621506,10.555131528401745,False,False
M0001,G01,2025-01-09 22:00:00,2.3448004764508754,10.694429538354358,False,False
M0001,G01,2025-01-09 23:00:00,1.8332443945240628,11.529999677659564,False,False
M0001,G01,2025-01-10 00:00:00,1.8158059005115605,11.56984320217549,False,False
M0001,G01,2025-01-10 01:00:00,1.4431089897855045,11.834358408939408,False,False
M0001,G01,2025-01-10 02:00:00,1.3619309273737172,9.800184618964492,False,False
M0001,G01,2025-01-10 03:00:00,1.3611193810314404,9.323952643599357,False,False
M0001,G01,2025-01-10 04:00:00,0.9557054242617733,10.304856228123546,False,False
M0001,G01,2025-01-10 05:00:00,1.1102584379595102,11.458625605042146,False,False
M0001,G01,2025-01-10 06:00:00,0.8782727041807865,11.089021224447922,False,False
M0001,G01,2025-01-10 07:00:00,1.0654990002507676,10.157882192891181,False,False
M0001,G01,2025-01-10 08:00:00,1.3487886034692034,13.287916654292873,False,False
M0001,G01,2025-01-10 09:00:00,1.4426668229199142,13.341742481458782,False,False
M0001,G01,2025-01-10 10:00:00,1.3981036675836866,16.189537107380428,False,False
M0001,G01,2025-01-10 11:00:00,1.4381357954048077,16.868876149834083,False,False
M0001,G01,2025-01-10 12:00:00,1.7921753814555212,13.999845700445015,False,False
M0001,G01,2025-01-10 13:00:00,2.133556243763223,13.931586211873464,False,False
M0001,G01,2025-01-10 14:00:00,2.3657887216275193,13.485599764165558,False,False
M0001,G01,2025-01-10 15:00:00,2.3515169742227924,14.700747003818833,False,False
M0001,G01,2025-01-10 16:00:00,2.4319915366789506,15.357972048260796,False,False
M0001,G01,2025-01-10 17:00:00,2.4325607808129157,16.157771348551105,False,False
M0001,G01,2025-01-10 18:00:00,2.390135505105712,12.299954154300455,False,False
M0001,G01,2025-01-10 19:00:00,2.5514844757295716,12.654581270811203,False,False
M0001,G01,2025-01-10 20:00:00,3.152431023955648,9.89893259321655,False,False
M0001,G01,2025-01-10 21:00:00,2.155545704137372,11.543347511865646,False,False
M0001,G01,2025-01-10 22:00:00,2.339077353621269,10.537369819116545,False,False
M0001,G01,2025-01-10 23:00:00,1.9171420246109638,10.963532298169618,False,False
M0001,G01,2025-01-11 00:00:00,2.051456923249782,10.469312042185267,True,False
M0001,G01,2025-01-11 01:00:00,1.6562534524531225,10.918897763074504,True,False
M0001,G01,2025-01-11 02:00:00,1.9136245044007487,8.12528229770424,True,False
M0001,G01,2025-01-11 03:00:00,1.4876560839435502,8.790514679468604,True,False
M0001,G01,2025-01-11 04:00:00,0.9020817143440955,13.562867919012273,True,False
M0001,G01,2025-01-11 05:00:00,1.2517692105831617,9.537338382301815,True,False
M0001,G01,2025-01-11 06:00:00,1.055033450266865,10.288662857957496,True,False
M0001,G01,2025-01-11 07:00:00,0.9509638642837019,14.758548645314656,True,False
M0001,G01,2025-01-11 08:00:00,1.1589047692155088,16.24586273822281,True,False
M0001,G01,2025-01-11 09:00:00,1.427349688189578,11.665947648126352,True,False
M0001,G01,2025-01-11 10:00:00,1.7643692648636926,13.390288177083725,True,False
M0001,G01,2025-01-11 11:00:00,1.5849233428472234,15.28401226110914,True,False
M0001,G01,2025-01-11 12:00:00,1.829397835124383,17.030420786495075,True,False
M0001,G01,2025-01-11 13:00:00,2.109006751354833,14.190114518190244,True,False
M0001,G01,2025-01-11 14:00:00,2.233616719644412,15.330129664117853,True,False
M0001,G01,2025-01-11 15:00:00,2.8175654344583374,15.949622383695248,True,False
M0001,G01,2025-01-11 16:00:00,2.810121536873628,15.854330338783234,True,False
M0001,G01,2025-01-11 17:00:00,3.2755300873920326,14.295224427366737,True,False
M0001,G01,2025-01-11 18:00:00,3.593327997058668,13.2614293572723,True,False
M0001,G01,2025-01-11 19:00:00,2.621375166813827,12.507748496452738,True,False
M0001,G01,2025-01-11 20:00:00,2.847501191562444,12.253242593499234,True,False
M0001,G01,2025-01-11 21:00:00,2.440062269746332,10.99516318578765,True,False
M0001,G01,2025-01-11 22:00:00,2.300444991621267,11.295505470905645,True,False
M0001,G01,2025-01-11 23:00:00,2.2149326796254676,9.844741262258943,True,False
M0001,G01,2025-01-12 00:00:00,1.7390511594629903,11.379677045830203,True,False
M0001,G01,2025-01-12 01:00:00,1.492880862385232,11.616326831796373,True,False
M0001,G01,2025-01-12 02:00:00,1.4933316107991152,10.470906878290231,True,False
M0001,G01,2025-01-12 03:00:00,1.1196459578585978,11.269951776005978,True,False
M0001,G01,2025-01-12 04:00:00,1.2656379032027123,11.021468257137064,True,False
M0001,G01,2025-01-12 05:00:00,0.9846461285663977,11.343165922973839,True,False
M0001,G01,2025-01-12 06:00:00,1.4342819970452965,11.041852257321297,True,False
M0001,G01,2025-01-12 07:00:00,1.045837234156488,12.993620504161155,True,False
M0001,G01,2025-01-12 08:00:00,1.30851203047846,11.782087079923459,True,False
M0001,G01,2025-01-12 09:00:00,1.1182975141348885,15.929438126249151,True,False
M0001,G01,2025-01-12 10:00:00,1.759517835782721,15.00072851963392,True,False
M0001,G01,2025-01-12 11:00:00,1.920639261870178,15.201620448341433,True,False
M0001,G01,2025-01-12 12:00:00,2.0918769479532724,14.199886040623568,True,False
M0001,G01,2025-01-12 13:00:00,1.912405956198546,14.555494605645775,True,False
M0001,G01,2025-01-12 14:00:00,2.4220146432579592,17.475996408975565,True,False
M0001,G01,2025-01-12 15:00:00,2.235065195718562,15.784308828933787,True,False
M0001,G01,2025-01-12 16:00:00,3.035009968532297,15.443862723740947,True,False
M0001,G01,2025-01-12 17:00:00,3.217910679697801,12.869651993778575,True,False
M0001,G01,2025-01-12 18:00:00,2.706329674534394,15.051775028116026,True,False
M0001,G01,2025-01-12 19:00:00,2.0362817532294666,14.14446336180023,True,False
M0001,G01,2025-01-12 20:00:00,2.5529103620877374,12.113359006091377,True,False
M0001,G01,2025-01-12 21:00:00,2.91597455476658,11.461044614217416,True,False
M0001,G01,2025-01-12 22:00:00,2.681143394441321,12.422107633757442,True,False
M0001,G01,2025-01-12 23:00:00,2.458577867542877,11.586701558315642,True,False
M0001,G01,2025-01-13 00:00:00,1.5846019010638015,10.124028751914048,False,False
M0001,G01,2025-01-13 01:00:00,1.6314662097236365,11.0650401696117,False,False
M0001,G01,2025-01-13 02:00:00,1.5343229221615533,10.664003911742311,False,False
M0001,G01,2025-01-13 03:00:00,0.9932000237119106,10.936316985391445,False,False
M0001,G01,2025-01-13 04:00:00,1.0159124836421973,12.33665872202169,False,False
M0001,G01,2025-01-13 05:00:00,1.1832766514370232,7.839733501533111,False,False
M0001,G01,2025-01-13 06:00:00,0.9830656161893286,11.314041987041689,False,False
M0001,G01,2025-01-13 07:00:00,0.8203232001083216,12.953158117441436,False,False
M0001,G01,2025-01-13 08:00:00,1.0990878360144891,12.994473796828643,False,False
M0001,G01,2025-01-13 09:00:00,1.2343732862596881,13.536599832385512,False,False
M0001,G01,2025-01-13 10:00:00,1.5841609670258023,11.638149689491327,False,False
M0001,G01,2025-01-13 11:00:00,1.4966046958418824,15.176420834108697,False,False
M0001,G01,2025-01-13 12:00:00,1.7202278492860268,17.409801236649944,False,False
M0001,G01,2025-01-13 13:00:00,2.007327842930917,14.913839545257588,False,False
M0001,G01,2025-01-13 14:00:00,2.2882982354052435,15.965029381582466,False,False
M0001,G01,2025-01-13 15:00:00,2.260365823154142,15.873685174125088,False,False
M0001,G01,2025-01-13 16:00:00,2.3308410313145083,15.283489094364944,False,False
M0001,G01,2025-01-13 17:00:00,2.6497097083119914,13.826968292034435,False,False
M0001,G01,2025-01-13 18:00:00,2.077710723319887,14.024920142771874,False,False
M0001,G01,2025-01-13 19:00:00,2.5300391142510907,15.546558128397491,False,False
M0001,G01,2025-01-13 20:00:00,2.439730253059169,13.739437331109063,False,False
M0001,G01,2025-01-13 21:00:00,2.149882397171378,15.275844997369182,False,False
M0001,G01,2025-01-13 22:00:00,2.3514092634012234,13.051752287565694,False,False
M0001,G01,2025-01-13 23:00:00,1.5667305275818753,12.44234794074357,False,False
M0001,G01,2025-01-14 00:00:00,1.3433035708398346,12.887706977122383,False,False
M0001,G01,2025-01-14 01:00:00,1.6055610213500893,11.364083916851287,False,False
M0001,G01,2025-01-14 02:00:00,1.354072345439528,11.239837151300003,False,False
M0001,G01,2025-01-14 03:00:00,1.2285538623256576,10.73904476549808,False,False
M0001,G01,2025-01-14 04:00:00,0.9848923068393011,11.91958706332186,False,False
M0001,G01,2025-01-14 05:00:00,1.1037301378727733,10.638878984451514,False,False
M0001,G01,2025-01-14 06:00:00,1.0279488329926885,13.12129048745051,False,False
M0001,G01,2025-01-14 07:00:00,1.1731348921268303,10.663912173260538,False,False
M0001,G01,2025-01-14 08:00:00,1.0508178061366327,14.106406699413682,False,False
M0001,G01,2025-01-14 09:00:00,1.0273765802833439,12.904101829177987,False,False
M0001,G01,2025-01-14 10:00:00,1.4893430861055073,15.481290134090012,False,False
M0001,G01,2025-01-14 11:00:00,1.788326359475944,16.06443537778709,False,False
M0001,G01,2025-01-14 12:00:00,1.921265283416188,18.2915781127966,False,False
M0001,G01,2025-01-14 13:00:00,1.8231012133894124,17.978582240992438,False,False
M0001,G01,2025-01-14 14:00:00,2.4991706070904325,13.602491765969303,False,False
M0001,G01,2025-01-14 15:00:00,2.5392436773591154,16.33435345185619,False,False
M0001,G01,2025-01-14 16:00:00,2.9397633318656835,14.162763733836783,False,False
M0001,G01,2025-01-14 17:00:00,2.3267979732162574,14.352439934042293,False,False
M0001,G01,2025-01-14 18:00:00,2.4140120363152078,16.562003961083786,False,False
M0001,G01,2025-01-14 19:00:00,2.630226392839866,14.725279042962159,False,False
M0001,G01,2025-01-14 20:00:00,2.5930110708263605,12.498713963800256,False,False
M0001,G01,2025-01-14 21:00:00,2.2440336847697675,11.214557581390528,False,False
M0001,G01,2025-01-14 22:00:00,2.3965628185831993,11.372516296840729,False,False
M0001,G01,2025-01-14 23:00:00,2.3651161733242105,9.28278088180388,False,False
M0001,G01,2025-01-15 00:00:00,1.8592003756290358,10.804366468069892,False,False
M0001,G01,2025-01-15 01:00:00,1.6017434713247165,11.269422623862237,False,False
M0001,G01,2025-01-15 02:00:00,1.2741929096306555,12.036505862266225,False,False
M0001,G01,2025-01-15 03:00:00,1.3324804841391447,11.768127883074506,False,False
M0001,G01,2025-01-15 04:00:00,1.056688727430612,8.931031075445269,False,False
M0001,G01,2025-01-15 05:00:00,0.9106009529970228,12.135830962149415,False,False
M0001,G01,2025-01-15 06:00:00,0.9869487926730541,11.956588688324882,False,False
M0001,G01,2025-01-15 07:00:00,1.0576163760523785,13.910943076281677,False,False
M0001,G01,2025-01-15 08:00:00,0.8736779115724005,16.177220238238537,False,False
M0001,G01,2025-01-15 09:00:00,1.1870806447370574,11.866615877018308,False,False
M0001,G01,2025-01-15 10:00:00,1.116171611502129,14.47568351420899,False,False
M0001,G01,2025-01-15 11:00:00,1.5918334234960754,16.546010407491572,False,False
M0001,G01,2025-01-15 12:00:00,1.6479630604102091,14.280375757084895,False,False
M0001,G01,2025-01-15 13:00:00,1.924079646589641,17.941178880709465,False,False
M0001,G01,2025-01-15 14:00:00,2.333865727018413,16.689377327544502,False,False
M0001,G01,2025-01-15 15:00:00,2.175370941091435,17.138721504174278,False,False
M0001,G01,2025-01-15 16:00:00,2.563687002511435,14.379438147127694,False,False
M0001,G01,2025-01-15 17:00:00,2.400851355662669,16.542820828121886,False,False
M0001,G01,2025-01-15 18:00:00,2.641328476665733,15.30243475038984,False,False
M0001,G01,2025-01-15 19:00:00,2.652118445014484,13.97737737812465,False,False
M0001,G01,2025-01-15 20:00:00,2.194431817083477,14.381239473908751,False,False
M0001,G01,2025-01-15 21:00:00,2.250231681163138,13.545650224495141,False,False
M0001,G01,2025-01-15 22:00:00,2.4872692952395106,11.905860695921946,False,False
M0001,G01,2025-01-15 23:00:00,2.13491000148941,11.367537307667837,False,False
M0001,G01,2025-01-16 00:00:00,1.582351142010416,10.690659279016923,False,False
M0001,G01,2025-01-16 01:00:00,1.6521160440091658,11.539913721025588,False,False
M0001,G01,2025-01-16 02:00:00,1.1450366822682567,12.365678992971876,False,False
M0001,G01,2025-01-16 03:00:00,1.4243752551962394,9.96931074213248,False,False
M0001,G01,2025-01-16 04:00:00,1.144383134996316,11.866640141592995,False,False
M0001,G01,2025-01-16 05:00:00,0.9414307673889428,13.444218739781912,False,False
M0001,G01,2025-01-16 06:00:00,1.0141525653715757,11.64858560938562,False,False
M0001,G01,2025-01-16 07:00:00,1.0548713753850703,11.486813039837246,False,False
M0001,G01,2025-01-16 08:00:00,1.1549599910400636,14.082800317278574,False,False
M0001,G01,2025-01-16 09:00:00,1.1433250322100053,15.27673836449074,False,False
M0001,G01,2025-01-16 10:00:00,1.4452016222873023,14.503678845589768,False,False
M0001,G01,2025-01-16 11:00:00,1.7279437497091688,16.859479228462565,False,False
M0001,G01,2025-01-16 12:00:00,1.693754879516224,16.716002663342554,False,False
M0001,G01,2025-01-16 13:00:00,1.8744779916635221,16.904795329381432,False,False
M0001,G01,2025-01-16 14:00:00,1.9132018455119155,17.66548467078199,False,False
M0001,G01,2025-01-16 15:00:00,2.071726315660073,18.77364953304327,False,False
M0001,G01,2025-01-16 16:00:00,1.968900082455725,15.41179567579241,False,False
M0001,G01,2025-01-16 17:00:00,3.063472341160428,11.929688971740717,False,False
M0001,G01,2025-01-16 18:00:00,2.9289694708661336,16.342875805890067,False,False
M0001,G01,2025-01-16 19:00:00,2.951564814283564,13.581145831439173,False,False
M0001,G01,2025-01-16 20:00:00,2.0562770925576515,13.401404443182553,False,False
M0001,G01,2025-01-16 21:00:00,2.295626477955132,15.230141253824465,False,False
M0001,G01,2025-01-16 22:00:00,2.7424225214038804,10.359693911090416,False,False
M0001,G01,2025-01-16 23:00:00,1.9837232262665174,10.989352762824629,False,False
M0001,G01,2025-01-17 00:00:00,1.9400762509578198,9.726533707456644,False,False
M0001,G01,2025-01-17 01:00:00,1.2820002616960229,10.43311422889279,False,False
M0001,G01,2025-01-17 02:00:00,1.3585423193667525,11.765444127799324,False,False
M0001,G01,2025-01-17 03:00:00,1.016989185384445,11.998387395898567,False,False
M0001,G01,2025-01-17 04:00:00,1.0129801879692741,12.80814143169328,False,False
M0001,G01,2025-01-17 05:00:00,0.9156001186175782,9.159387047422364,False,False
M0001,G01,2025-01-17 06:00:00,1.1812895778151695,8.759381428256669,False,False
M0001,G01,2025-01-17 07:00:00,1.1193256619383631,12.928869698619282,False,False
M0001,G01,2025-01-17 08:00:00,1.031054135621826,13.223411125037963,False,False
M0001,G01,2025-01-17 09:00:00,1.048254335309833,15.325641175633423,False,False
M0001,G01,2025-01-17 10:00:00,1.0694218468190948,16.111166374914443,False,False
M0001,G01,2025-01-17 11:00:00,1.5400855758319447,15.523812139431685,False,False
M0001,G01,2025-01-17 12:00:00,1.6885832834074186,17.369023482968185,False,False
M0001,G01,2025-01-17 13:00:00,1.6795597124523984,16.9872443406723,False,False
M0001,G01,2025-01-17 14:00:00,2.2828155573296205,17.010384986792726,False,False
M0001,G01,2025-01-17 15:00:00,2.217611657224097,15.832813860957414,False,False
M0001,G01,2025-01-17 16:00:00,2.1558469073979296,15.868130869014593,False,False
M0001,G01,2025-01-17 17:00:00,2.3314037023119796,15.505435179998457,False,False
M0001,G01,2025-01-17 18:00:00,2.738423246795932,16.365821014436087,False,False
M0001,G01,2025-01-17 19:00:00,2.676450639793424,14.012143191811337,False,False
M0001,G01,2025-01-17 20:00:00,2.324602322783033,14.40834905469096,False,False
M0001,G01,2025-01-17 21:00:00,2.431641356139599,13.552701047475212,False,False
M0001,G01,2025-01-17 22:00:00,2.0344588853901686,11.165791759371382,False,False
M0001,G01,2025-01-17 23:00:00,1.9748142733499852,12.301092236817917,False,False
M0001,G01,2025-01-18 00:00:00,2.1839984023468926,8.800067692391778,True,False
M0001,G01,2025-01-18 01:00:00,1.706835340491381,9.798127177108261,True,False
M0001,G01,2025-01-18 02:00:00,1.6346713078045292,9.544412298490647,True,False
M0001,G01,2025-01-18 03:00:00,1.3312128728408785,7.981522126877888,True,False
M0001,G01,2025-01-18 04:00:00,1.2465234426146263,10.478779006502323,True,False
M0001,G01,2025-01-18 05:00:00,1.0816496278987566,12.65147174775018,True,False
M0001,G01,2025-01-18 06:00:00,0.6915484602940802,13.587190026683905,True,False
M0001,G01,2025-01-18 07:00:00,1.146301015444039,14.441510319752542,True,False
M0001,G01,2025-01-18 08:00:00,0.7643440963483233,15.051525147515674,True,False
M0001,G01,2025-01-18 09:00:00,1.202723836365692,16.008818186629178,True,False
M0001,G01,2025-01-18 10:00:00,1.6827138548154312,14.542771340039533,True,False
M0001,G01,2025-01-18 11:00:00,1.6564274091330928,16.38834367414206,True,False
M0001,G01,2025-01-18 12:00:00,1.648388997437547,16.167514266682815,True,False
M0001,G01,2025-01-18 13:00:00,1.9315520032941351,14.86134956581275,True,False
M0001,G01,2025-01-18 14:00:00,2.608489124027821,15.694633171835559,True,False
M0001,G01,2025-01-18 15:00:00,2.135508802059565,13.78840668642796,True,False
M0001,G01,2025-01-18 16:00:00,2.976669987282731,14.668654516130632,True,False
M0001,G01,2025-01-18 17:00:00,2.6592200988302683,15.362799335233516,True,False
M0001,G01,2025-01-18 18:00:00,2.337520432869817,16.347745682451336,True,False
M0001,G01,2025-01-18 19:00:00,2.4418353804219786,16.871046249831537,True,False
M0001,G01,2025-01-18 20:00:00,2.582323228923255,11.63147654977408,True,False
M0001,G01,2025-01-18 21:00:00,2.6125069500197604,14.202027074528429,True,False
M0001,G01,2025-01-18 22:00:00,2.701961766998671,11.051580285015081,True,False
M0001,G01,2025-01-18 23:00:00,1.6919771931072571,13.068637370798175,True,False
M0001,G01,2025-01-19 00:00:00,1.8276789763428551,11.791318995286558,True,False
M0001,G01,2025-01-19 01:00:00,1.6949355575326337,8.818910517603344,True,False
M0001,G01,2025-01-19 02:00:00,1.5638083820398403,12.57486336147361,True,False
M0001,G01,2025-01-19 03:00:00,1.100272291464847,11.16087227382076,True,False
M0001,G01,2025-01-19 04:00:00,1.3159626682467784,11.619744718609962,True,False
M0001,G01,2025-01-19 05:00:00,1.0930486821833165,10.997042028645819,True,False
M0001,G01,2025-01-19 06:00:00,0.8998379109617505,12.849755337157484,True,False
M0001,G01,2025-01-19 07:00:00,0.946244310063491,14.489182125452903,True,False
M0001,G01,2025-01-19 08:00:00,1.0845177891937552,13.76358555655846,True,False
M0001,G01,2025-01-19 09:00:00,1.1142700880031895,15.535508745445775,True,False
M0001,G01,2025-01-19 10:00:00,1.5012693207236083,16.77020879119073,True,False
M0001,G01,2025-01-19 11:00:00,1.4938715658466628,18.451809063873707,True,False
M0001,G01,2025-01-19 12:00:00,1.5036039842376416,15.258726011894614,True,False
M0001,G01,2025-01-19 13:00:00,2.147769592464634,14.298324453811242,True,False
M0001,G01,2025-01-19 14:00:00,1.917021598187199,18.64213211713533,True,False
M0001,G01,2025-01-19 15:00:00,2.3174258831314742,15.606894057669173,True,False
M0001,G01,2025-01-19 16:00:00,2.374310126480143,16.96030970019013,True,False
M0001,G01,2025-01-19 17:00:00,2.431401884859093,16.103728247317832,True,False
M0001,G01,2025-01-19 18:00:00,3.214534103197815,15.421754142375303,True,False
M0001,G01,2025-01-19 19:00:00,2.611199569455237,15.133386156188333,True,False
M0001,G01,2025-01-19 20:00:00,2.536570593232534,16.134939085830787,True,False
M0001,G01,2025-01-19 21:00:00,1.8820361573079643,15.627228615127972,True,False
M0001,G01,2025-01-19 22:00:00,2.1912356157641795,12.596094653835005,True,False
M0001,G01,2025-01-19 23:00:00,2.1924011505248697,12.103712768566675,True,False
M0001,G01,2025-01-20 00:00:00,1.3894594864623797,14.555470522034597,False,False
M0001,G01,2025-01-20 01:00:00,1.7240526162106642,11.00737713444729,False,False
M0001,G01,2025-01-20 02:00:00,1.1122091346289786,12.631293378242276,False,False
M0001,G01,2025-01-20 03:00:00,1.1246879111155443,11.59784068657124,False,False
M0001,G01,2025-01-20 04:00:00,0.024912028448276096,12.406877409592946,False,False
M0001,G01,2025-01-20 05:00:00,1.0225718221587725,11.163642893107166,False,False
M0001,G01,2025-01-20 06:00:00,1.0006854557433404,9.804894244467636,False,False
M0001,G01,2025-01-20 07:00:00,1.0888869925828923,10.464597029528216,False,False
M0001,G01,2025-01-20 08:00:00,1.1497280072933511,12.042059128320275,False,False
M0001,G01,2025-01-20 09:00:00,1.18820741380317,13.2599747857513,False,False
M0001,G01,2025-01-20 10:00:00,1.4702007095047382,14.588720012770436,False,False
M0001,G01,2025-01-20 11:00:00,1.6182653305889314,19.043151591470604,False,False
M0001,G01,2025-01-20 12:00:00,1.7752434783051654,17.758266873395677,False,False
M0001,G01,2025-01-20 13:00:00,1.9059789039728465,16.19381651117131,False,False
M0001,G01,2025-01-20 14:00:00,2.3537721250930597,17.41097083528959,False,False
M0001,G01,2025-01-20 15:00:00,2.262865739050715,16.60582949885786,False,False
M0001,G01,2025-01-20 16:00:00,2.342201467009656,15.661607810058696,False,False
M0001,G01,2025-01-20 17:00:00,2.493069005134301,16.540362613259163,False,False
M0001,G01,2025-01-20 18:00:00,2.8898124833020833,16.645591861305647,False,False
M0001,G01,2025-01-20 19:00:00,2.1413801711864453,14.239843189876638,False,False
M0001,G01,2025-01-20 20:00:00,2.4651538571335645,15.844621428487313,False,False
M0001,G01,2025-01-20 21:00:00,1.9171225641280139,12.553949799058232,False,False
M0001,G01,2025-01-20 22:00:00,2.2008990925436565,12.771059968167682,False,False
M0001,G01,2025-01-20 23:00:00,2.0152604846573663,15.076286706711135,False,False
M0001,G01,2025-01-21 00:00:00,1.8337448669294265,11.968527540113202,False,False
M0001,G01,2025-01-21 01:00:00,1.4182568194019114,13.806255137538573,False,False
M0001,G01,2025-01-21 02:00:00,1.2164237238485047,12.231288672575612,False,False
M0001,G01,2025-01-21 03:00:00,1.125148849569938,12.343814557817234,False,False
M0001,G01,2025-01-21 04:00:00,0.9874271534315894,12.238048852303828,False,False
M0001,G01,2025-01-21 05:00:00,0.8616360478998478,12.770971992078934,False,False
M0001,G01,2025-01-21 06:00:00,0.9257012100631747,12.581676005635252,False,False
M0001,G01,2025-01-21 07:00:00,0.9340872626621765,15.103213602427111,False,False
M0001,G01,2025-01-21 08:00:00,0.9895333261311124,14.074605313449204,False,False
M0001,G01,2025-01-21 09:00:00,1.084836391015541,15.403063704327248,False,False
M0001,G01,2025-01-21 10:00:00,1.1782454368839792,17.852097034477207,False,False
M0001,G01,2025-01-21 11:00:00,1.6415800885035035,16.400075913746292,False,False
M0001,G01,2025-01-21 12:00:00,1.8908475998555032,16.801960959794584,False,False
M0001,G01,2025-01-21 13:00:00,2.040557257747745,17.451526098291758,False,False
M0001,G01,2025-01-21 14:00:00,2.389415544796822,16.381477168488928,False,False
M0001,G01,2025-01-21 15:00:00,2.338254455429413,17.09158221076649,False,False
M0001,G01,2025-01-21 16:00:00,2.596063635254784,14.339553477667877,False,False
M0001,G01,2025-01-21 17:00:00,2.541432074783764,15.043306017944294,False,False
M0001,G01,2025-01-21 18:00:00,2.5761877045015353,13.802634748145696,False,False
M0001,G01,2025-01-21 19:00:00,2.366092249549716,14.069330469426387,False,False
M0001,G01,2025-01-21 20:00:00,2.8033722917144597,15.69613870550145,False,False
M0001,G01,2025-01-21 21:00:00,2.0265762273769314,15.036119261242462,False,False
M0001,G01,2025-01-21 22:00:00,2.0724748804265154,11.98188748342737,False,False
M0001,G01,2025-01-21 23:00:00,2.2024872074764295,10.572946059089267,False,False
M0001,G01,2025-01-22 00:00:00,1.9939513650154361,9.2928951964956,False,False
M0001,G01,2025-01-22 01:00:00,1.3152067624012438,11.541867653270454,False,False
M0001,G01,2025-01-22 02:00:00,1.2673408767307464,15.902467995096382,False,False
M0001,G01,2025-01-22 03:00:00,1.1023224591219984,12.49407628011624,False,False
M0001,G01,2025-01-22 04:00:00,0.8945048467766878,12.291263872950754,False,False
M0001,G01,2025-01-22 05:00:00,1.0196180050978028,13.467181964346883,False,False
M0001,G01,2025-01-22 06:00:00,1.045274488575127,11.902884940712779,False,False
M0001,G01,2025-01-22 07:00:00,0.8573594405104368,13.400731482775557,False,False
M0001,G01,2025-01-22 08:00:00,1.2322574077204482,14.722739508277089,False,False
M0001,G01,2025-01-22 09:00:00,1.2628299713137237,15.114123350355568,False,False
M0001,G01,2025-01-22 10:00:00,1.368235128863387,16.4090847480392,False,False
M0001,G01,2025-01-22 11:00:00,1.835433964114735,17.1405279511745,False,False
M0001,G01,2025-01-22 12:00:00,1.8176861100962456,17.92032519341387,False,False
M0001,G01,2025-01-22 13:00:00,1.9851510959344838,16.513691133932536,False,False
M0001,G01,2025-01-22 14:00:00,2.0224574468497054,18.974007276485477,False,False
M0001,G01,2025-01-22 15:00:00,2.4542065254424457,19.722357262923605,False,False
M0001,G01,2025-01-22 16:00:00,2.5332023867250135,15.441557700388826,False,False
M0001,G01,2025-01-22 17:00:00,2.465423610113973,15.51720428475998,False,False
M0001,G01,2025-01-22 18:00:00,2.253627281323883,17.169286818389168,False,False
M0001,G01,2025-01-22 19:00:00,2.423842888481999,15.057258446213503,False,False
M0001,G01,2025-01-22 20:00:00,2.262672433219386,16.01285690535443,False,False
M0001,G01,2025-01-22 21:00:00,1.8976648667612241,14.260090646975097,False,False
M0001,G01,2025-01-22 22:00:00,1.641905906179425,15.306049726130329,False,False
M0001,G01,2025-01-22 23:00:00,2.0188605015789105,12.909147422581958,False,False
M0001,G01,2025-01-23 00:00:00,1.1881102067434008,13.540358712630821,False,False
M0001,G01,2025-01-23 01:00:00,1.4620330674332933,13.176277703560004,False,False
M0001,G01,2025-01-23 02:00:00,1.2977993373133445,10.857562477810847,False,False
M0001,G01,2025-01-23 03:00:00,1.3089062745444457,11.652496594953764,False,False
M0001,G01,2025-01-23 04:00:00,0.964940718673033,12.12563201314006,False,False
M0001,G01,2025-01-23 05:00:00,0.9587383131199094,13.698995286112275,False,False
M0001,G01,2025-01-23 06:00:00,0.9765267595783954,11.006629409900604,False,False
M0001,G01,2025-01-23 07:00:00,0.928602186039294,14.905038963176358,False,False
M0001,G01,2025-01-23 08:00:00,1.1041925151843697,15.153967472235875,False,False
M0001,G01,2025-01-23 09:00:00,1.1247035491057567,17.235260963711006,False,False
M0001,G01,2025-01-23 10:00:00,1.6382219056806926,13.260479254867336,False,False
M0001,G01,2025-01-23 11:00:00,1.4130704007361305,15.403099415965393,False,False
M0001,G01,2025-01-23 12:00:00,1.8641554120816657,14.742753650221973,False,False
M0001,G01,2025-01-23 13:00:00,2.1786637594710463,15.157478609662414,False,False
M0001,G01,2025-01-23 14:00:00,2.316411387523086,17.72475763996781,False,False
M0001,G01,2025-01-23 15:00:00,2.7708338440142786,17.421222517600388,False,False
M0001,G01,2025-01-23 16:00:00,2.221608296871219,15.871939111314667,False,False
M0001,G01,2025-01-23 17:00:00,2.1087343775803546,16.04477500933338,False,False
M0001,G01,2025-01-23 18:00:00,2.1996534915259867,15.714071920803718,False,False
M0001,G01,2025-01-23 19:00:00,2.7088324737663063,13.752867113196688,False,False
M0001,G01,2025-01-23 20:00:00,2.394072896702859,15.673698730666306,False,False
M0001,G01,2025-01-23 21:00:00,2.2595380873610305,13.904688822388538,False,False
M0001,G01,2025-01-23 22:00:00,1.7673450808458024,14.317919092542349,False,False
M0001,G01,2025-01-23 23:00:00,1.9497679145046347,14.075739061478485,False,False
M0001,G01,2025-01-24 00:00:00,1.4508878085275405,13.034773007059052,False,False
M0001,G01,2025-01-24 01:00:00,1.5596520309385247,13.756605352130553,False,False
M0001,G01,2025-01-24 02:00:00,1.6939486808102746,11.866963891304007,False,False
M0001,G01,2025-01-24 03:00:00,1.1374887003618686,12.802822748895398,False,False
M0001,G01,2025-01-24 04:00:00,1.1518367979156074,10.511392463313978,False,False
M0001,G01,2025-01-24 05:00:00,0.9260086143499132,11.789442345811679,False,False
M0001,G01,2025-01-24 06:00:00,0.8055818377885716,11.636319675213292,False,False
M0001,G01,2025-01-24 07:00:00,0.9121826713584922,13.658366971727228,False,False
M0001,G01,2025-01-24 08:00:00,0.92946635951628,14.547312775513996,False,False
M0001,G01,2025-01-24 09:00:00,1.0035280008094158,16.219864986889576,False,False
M0001,G01,2025-01-24 10:00:00,1.6103422879188969,16.563786889415354,False,False
M0001,G01,2025-01-24 11:00:00,1.6176257397024016,16.736923749483935,False,False
M0001,G01,2025-01-24 12:00:00,1.854777340327527,18.113500224015578,False,False
M0001,G01,2025-01-24 13:00:00,1.9235628262586995,18.45981816686333,False,False
M0001,G01,2025-01-24 14:00:00,2.127631149310479,16.535580501098075,False,False
M0001,G01,2025-01-24 15:00:00,2.540784921533738,17.196208183340104,False,False
M0001,G01,2025-01-24 16:00:00,2.401489534867522,17.412608799989385,False,False
M0001,G01,2025-01-24 17:00:00,2.5916240482495954,16.682644385474035,False,False
M0001,G01,2025-01-24 18:00:00,2.461932333478532,14.47080960084555,False,False
M0001,G01,2025-01-24 18:00:00,2.461932333478532,14.47080960084555,False,False
M0001,G01,2025-01-24 19:00:00,2.3304722050586424,14.753715342473305,False,False
M0001,G01,2025-01-24 20:00:00,1.9438818865995011,15.398514198521939,False,False
M0001,G01,2025-01-24 21:00:00,1.791838756708412,13.726737989489113,False,False
M0001,G01,2025-01-24 22:00:00,1.964114802717302,14.093965192721791,False,False
M0001,G01,2025-01-24 23:00:00,2.106485802522968,10.661683492203135,False,False
M0001,G01,2025-01-25 00:00:00,1.4539938189757156,14.51739412077535,True,False
M0001,G01,2025-01-25 01:00:00,1.4424444867914488,14.594678825225067,True,False
M0001,G01,2025-01-25 02:00:00,1.4502019299679518,11.398923773240163,True,False
M0001,G01,2025-01-25 03:00:00,0.9282472018395469,12.624886590162033,True,False
M0001,G01,2025-01-25 04:00:00,1.063093797027154,10.522240891006486,True,False
M0001,G01,2025-01-25 05:00:00,1.0839807817856142,12.120602529200548,True,False
M0001,G01,2025-01-25 06:00:00,1.0153923451326339,13.744390044267494,True,False
M0001,G01,2025-01-25 07:00:00,0.9059929565293682,14.137079122729796,True,False
M0001,G01,2025-01-25 08:00:00,1.1265037108507674,16.232491125796564,True,False
M0001,G01,2025-01-25 09:00:00,1.4107461568045558,18.513686412257155,True,False
M0001,G01,2025-01-25 10:00:00,1.5968166636777188,16.334374057680673,True,False
M0001,G01,2025-01-25 11:00:00,1.68437616666806,15.796847546405566,True,False
M0001,G01,2025-01-25 12:00:00,1.836459181402453,17.18959912701044,True,False
M0001,G01,2025-01-25 13:00:00,2.008776205081083,19.702991100432456,True,False
M0001,G01,2025-01-25 14:00:00,2.4556772246499334,16.393585297033237,True,False
M0001,G01,2025-01-25 15:00:00,2.5486193080441453,17.59123917390457,True,False
M0001,G01,2025-01-25 16:00:00,2.7748770370651084,18.975362578046074,True,False
M0001,G01,2025-01-25 17:00:00,2.692764179774306,16.08151714358296,True,False
M0001,G01,2025-01-25 18:00:00,2.8723623002284797,15.017077644365687,True,False
M0001,G01,2025-01-25 19:00:00,2.61735651829381,14.913515951688932,True,False
M0001,G01,2025-01-25 20:00:00,2.662372411086907,14.97419801309998,True,False
M0001,G01,2025-01-25 21:00:00,2.498253189143502,15.414440314154078,True,False
M0001,G01,2025-01-25 22:00:00,2.0049763999291574,14.054489898012763,True,False
M0001,G01,2025-01-25 23:00:00,1.7769757649287865,11.524353968806999,True,False
M0001,G01,2025-01-26 00:00:00,2.072672018539591,13.119933755092637,True,False
M0001,G01,2025-01-26 01:00:00,1.642739858931459,12.380898286597741,True,False
M0001,G01,2025-01-26 02:00:00,1.007285077870642,15.298259979383968,True,False
M0001,G01,2025-01-26 03:00:00,1.1171808782545378,12.377615136840287,True,False
M0001,G01,2025-01-26 04:00:00,1.1812271755047732,12.195338014113092,True,False
M0001,G01,2025-01-26 05:00:00,0.9300864244223852,13.940484254973555,True,False
M0001,G01,2025-01-26 06:00:00,0.8797800385985403,14.772787707320376,True,False
M0001,G01,2025-01-26 07:00:00,1.128565263280999,15.076136200131858,True,False
M0001,G01,2025-01-26 08:00:00,1.0794690678521943,13.100825867947702,True,False
M0001,G01,2025-01-26 09:00:00,1.1694726613080437,17.063290576396092,True,False
M0001,G01,2025-01-26 10:00:00,1.5492722989674856,14.454671701574835,True,False
M0001,G01,2025-01-26 11:00:00,1.7679842808281696,17.793544227266956,True,False
M0001,G01,2025-01-26 12:00:00,2.0267408557122013,15.57918483959955,True,False
M0001,G01,2025-01-26 13:00:00,2.348499417985414,18.45132095081064,True,False
M0001,G01,2025-01-26 14:00:00,2.3880665923119415,16.281033274919324,True,False
M0001,G01,2025-01-26 15:00:00,2.6219413984195823,16.85241443402337,True,False
M0001,G01,2025-01-26 16:00:00,2.5330141555639645,18.95691106851452,True,False
M0001,G01,2025-01-26 17:00:00,2.6710567375458756,17.84998155704211,True,False
M0001,G01,2025-01-26 18:00:00,2.674970638683466,15.068296365620359,True,False
M0001,G01,2025-01-26 19:00:00,2.635756131242972,18.115468682303213,True,False
M0001,G01,2025-01-26 20:00:00,2.6550314865792437,14.98609055312277,True,False
M0001,G01,2025-01-26 21:00:00,2.5516462854513593,13.901291887631142,True,False
M0001,G01,2025-01-26 22:00:00,2.1617772715318044,14.372993360517519,True,False
M0001,G01,2025-01-26 23:00:00,1.8781495647631405,12.983347085784533,True,False
M0001,G01,2025-01-27 00:00:00,1.5834581822308313,14.16249401083631,False,False
M0001,G01,2025-01-27 01:00:00,1.4639411005211558,12.517829632460005,False,False
M0001,G01,2025-01-27 02:00:00,1.2862692246894805,12.635806053070157,False,False
M0001,G01,2025-01-27 03:00:00,1.2111443027188433,15.441318629473802,False,False
M0001,G01,2025-01-27 04:00:00,0.9348906309744432,12.68340651378524,False,False
M0001,G01,2025-01-27 05:00:00,1.1186432775850932,9.387525504332787,False,False
M0001,G01,2025-01-27 06:00:00,0.9415488961442668,16.00856144790135,False,False
M0001,G01,2025-01-27 07:00:00,0.9190896019856248,17.813976747906043,False,False
M0001,G01,2025-01-27 08:00:00,1.32357409183221,14.121783926403232,False,False
M0001,G01,2025-01-27 09:00:00,1.1940694365803266,13.854089824434151,False,False
M0001,G01,2025-01-27 10:00:00,1.408486689803846,16.985954446076036,False,False
M0001,G01,2025-01-27 11:00:00,1.4389755948116307,16.36517181466819,False,False
M0001,G01,2025-01-27 12:00:00,1.714663575518387,17.58951170088524,False,False
M0001,G01,2025-01-27 13:00:00,2.031952564506349,16.104993508074152,False,False
M0001,G01,2025-01-27 14:00:00,2.348664556885985,18.343673690437853,False,False
M0001,G01,2025-01-27 15:00:00,2.379390908860936,19.267076564456907,False,False
M0001,G01,2025-01-27 16:00:00,2.7148330654206614,15.584654186927933,False,False
M0001,G01,2025-01-27 17:00:00,2.4253492938555308,18.322065606811464,False,False
M0001,G01,2025-01-27 18:00:00,2.3579082567504024,18.26176925161049,False,False
M0001,G01,2025-01-27 19:00:00,3.044862995669625,17.26871512368413,False,False
M0001,G01,2025-01-27 20:00:00,2.3601319350437078,15.38069235997696,False,False
M0001,G01,2025-01-27 21:00:00,1.9968686394829247,14.575454939935458,False,False
M0001,G01,2025-01-27 22:00:00,1.7885513973852702,15.260237706668137,False,False
M0001,G01,2025-01-27 23:00:00,1.8636326796879112,10.934673737256983,False,False
M0001,G01,2025-01-28 00:00:00,1.713371004713738,14.279490098851914,False,False
M0001,G01,2025-01-28 01:00:00,1.4056929736269983,12.610655701037661,False,False
M0001,G01,2025-01-28 02:00:00,1.143582033136427,15.271374651886957,False,False
M0001,G01,2025-01-28 03:00:00,1.0851333097383995,12.786369740092558,False,False
M0001,G01,2025-01-28 04:00:00,0.953535311909478,15.202095316373454,False,False
M0001,G01,2025-01-28 05:00:00,0.8444974901619976,12.911098909373345,False,False
M0001,G01,2025-01-28 06:00:00,0.7528668193239111,15.23868381907938,False,False
M0001,G01,2025-01-28 07:00:00,0.9299971860101199,15.718126168358612,False,False
M0001,G01,2025-01-28 08:00:00,1.105097879269597,14.608765351683395,False,False
M0001,G01,2025-01-28 09:00:00,1.2155834717838399,16.772542249723138,False,False
M0001,G01,2025-01-28 10:00:00,1.2475176208149281,18.15161762609932,False,False
M0001,G01,2025-01-28 11:00:00,1.6765521790886877,18.150102222391144,False,False
M0001,G01,2025-01-28 12:00:00,1.6408012712894675,15.00676251610605,False,False
M0001,G01,2025-01-28 13:00:00,1.8722484696726494,18.680227229595147,False,False
M0001,G01,2025-01-28 14:00:00,1.9470061046501204,17.75706540547339,False,False
M0001,G01,2025-01-28 15:00:00,2.610473487755271,17.233945430207136,False,False
M0001,G01,2025-01-28 16:00:00,2.5568178496831675,18.837814384980856,False,False
M0001,G01,2025-01-28 17:00:00,2.5998412650803626,15.874748829084329,False,False
M0001,G01,2025-01-28 18:00:00,2.7536254714958925,15.45279889009056,False,False
M0001,G01,2025-01-28 19:00:00,3.068392192002822,16.89555830276379,False,False
M0001,G01,2025-01-28 20:00:00,1.8724828240608682,14.920143879350965,False,False
M0001,G01,2025-01-28 21:00:00,2.253818789728002,11.826574157403135,False,False
M0001,G01,2025-01-28 22:00:00,1.8022240616003795,15.543097535953441,False,False
M0001,G01,2025-01-28 23:00:00,1.574679744072546,14.91568928474359,False,False
M0001,G01,2025-01-29 00:00:00,1.477642283883267,12.896928056443228,False,False
M0001,G01,2025-01-29 01:00:00,1.4906266720588537,11.37725161525619,False,False
M0001,G01,2025-01-29 02:00:00,0.9981869134109723,14.74316725258709,False,False
M0001,G01,2025-01-29 03:00:00,1.0535977285583709,14.292965800364637,False,False
M0001,G01,2025-01-29 04:00:00,0.8903085567895282,16.84937323980108,False,False
M0001,G01,2025-01-29 05:00:00,0.8829017836701034,14.937193064583443,False,False
M0001,G01,2025-01-29 06:00:00,0.8945727307109749,14.907763950252908,False,False
M0001,G01,2025-01-29 07:00:00,0.9874776499246559,14.516128533365526,False,False
M0001,G01,2025-01-29 08:00:00,0.9804227873769064,16.374018571137956,False,False
M0001,G01,2025-01-29 09:00:00,1.4313248607874882,16.407402475842552,False,False
M0001,G01,2025-01-29 10:00:00,1.392934328246991,18.698528561868603,False,False
M0001,G01,2025-01-29 11:00:00,1.2638881594272993,16.92843930480573,False,False
M0001,G01,2025-01-29 12:00:00,1.5916295674264513,17.250564935480885,False,False
M0001,G01,2025-01-29 13:00:00,1.6212175142306848,16.190065594273158,False,False
M0001,G01,2025-01-29 14:00:00,2.1590872797926837,18.6532875763851,False,False
M0001,G01,2025-01-29 15:00:00,2.269660871890373,20.601268465597727,False,False
M0001,G01,2025-01-29 16:00:00,2.2811239832499144,17.11012616346777,False,False
M0001,G01,2025-01-29 17:00:00,2.952282303948365,17.266318564260477,False,False
M0001,G01,2025-01-29 18:00:00,2.574880320782031,16.759534199473524,False,False
M0001,G01,2025-01-29 19:00:00,2.5530131912515683,16.89947079973783,False,False
M0001,G01,2025-01-29 20:00:00,2.0452071216204035,16.898434799557926,False,False
M0001,G01,2025-01-29 21:00:00,2.1117080241440496,12.623824082560006,False,False
M0001,G01,2025-01-29 22:00:00,1.9539004369014203,14.748828085457966,False,False
M0001,G01,2025-01-29 23:00:00,1.844488008523343,13.879537742391994,False,False
M0001,G01,2025-01-30 00:00:00,1.461860899740468,10.897226465032,False,False
M0001,G01,2025-01-30 01:00:00,1.460525474238858,12.132209208599585,False,False
M0001,G01,2025-01-30 02:00:00,1.2809136263113095,12.239040155225123,False,False
M0001,G01,2025-01-30 03:00:00,1.0273966935791294,13.598808973093002,False,False
M0001,G01,2025-01-30 04:00:00,0.8102617229860275,15.117883493405785,False,False
M0001,G01,2025-01-30 05:00:00,0.8398150845664055,13.740538193103053,False,False
M0001,G01,2025-01-30 06:00:00,0.860484409644855,14.246614161029138,False,False
M0001,G01,2025-01-30 07:00:00,0.9155114368396708,15.227501991898546,False,False
M0001,G01,2025-01-30 08:00:00,1.0823704725533698,18.40880289224828,False,False
M0001,G01,2025-01-30 09:00:00,1.3037087316608371,15.521268315294504,False,False
M0001,G01,2025-01-30 10:00:00,1.3172011675334498,17.049969336406622,False,False
M0001,G01,2025-01-30 11:00:00,1.4898025572334828,18.61668541545075,False,False
M0001,G01,2025-01-30 12:00:00,1.8539222078837247,18.380700457208857,False,False
M0001,G01,2025-01-30 13:00:00,2.099400856735004,18.82949066881518,False,False
M0001,G01,2025-01-30 14:00:00,2.056309263739846,18.056744238551936,False,False
M0001,G01,2025-01-30 15:00:00,2.4837248827459866,19.486663920937648,False,False
M0001,G01,2025-01-30 16:00:00,2.6370743491006605,17.417246393844984,False,False
M0001,G01,2025-01-30 17:00:00,2.767625461776543,17.773393623020677,False,False
M0001,G01,2025-01-30 18:00:00,2.8814016963251703,16.353975315222364,False,False
M0001,G01,2025-01-30 19:00:00,2.212026351665299,14.507849320686683,False,False
M0001,G01,2025-01-30 20:00:00,2.440556000897121,13.410258261464453,False,False
M0001,G01,2025-01-30 21:00:00,2.109012134058733,15.292040173103603,False,False
M0001,G01,2025-01-30 22:00:00,1.9588120580056991,14.38359982106197,False,False
M0001,G01,2025-01-30 23:00:00,1.7131687345002,13.568018669910849,False,False
M0001,G01,2025-01-31 00:00:00,1.342744166385253,13.884829626951106,False,False
M0001,G01,2025-01-31 01:00:00,1.3814698070460214,13.980616438610173,False,False
M0001,G01,2025-01-31 02:00:00,1.2473852871607194,10.839750109569025,False,False
M0001,G01,2025-01-31 03:00:00,1.1425994957981565,11.879835262259641,False,False
M0001,G01,2025-01-31 04:00:00,0.8530827981714384,13.947487889559909,False,False
M0001,G01,2025-01-31 05:00:00,0.7416040605815095,15.429094484820855,False,False
M0001,G01,2025-01-31 06:00:00,0.8647681055087244,15.065781332386162,False,False
M0001,G01,2025-01-31 07:00:00,0.9201537719158017,17.29867517025206,False,False
M0001,G01,2025-01-31 08:00:00,1.0785198575811434,15.028811821904403,False,False
M0001,G01,2025-01-31 09:00:00,1.4360918883457465,15.75727685337249,False,False
M0001,G01,2025-01-31 10:00:00,1.3959590022406785,18.0166844327618,False,False
M0001,G01,2025-01-31 11:00:00,1.6401351653493825,18.174683673600143,False,False
M0001,G01,2025-01-31 12:00:00,1.5744484641962964,19.38437061141992,False,False
M0001,G01,2025-01-31 13:00:00,1.7102207460800356,17.956881971344753,False,False
M0001,G01,2025-01-31 14:00:00,2.5024346209040926,19.444817515382258,False,False
M0001,G01,2025-01-31 15:00:00,2.074744582354291,18.09007171334864,False,False
M0001,G01,2025-01-31 16:00:00,2.1339454431266933,19.43458411696138,False,False
M0001,G01,2025-01-31 17:00:00,2.429163738727888,18.997563127125506,False,False
M0001,G01,2025-01-31 18:00:00,2.408733821647627,15.170022816816427,False,False
M0001,G01,2025-01-31 19:00:00,2.2424633588235885,14.11099846286706,False,False
M0001,G01,2025-01-31 20:00:00,2.18694878537761,17.06284015503164,False,False
M0001,G01,2025-01-31 21:00:00,2.371663073234981,16.414387589909758,False,False
M0001,G01,2025-01-31 22:00:00,1.8866198462007722,13.52046075995978,False,False
M0001,G01,2025-01-31 23:00:00,1.7104950044221856,11.620451995675655,False,False
M0002,G02,2025-01-01 00:00:00,2.185813483969693,9.933151867666657,False,True
M0002,G02,2025-01-01 01:00:00,2.39256789296215,6.961641018138504,False,True
M0002,G02,2025-01-01 02:00:00,1.5315107842410804,9.782200979149204,False,True
M0002,G02,2025-01-01 03:00:00,1.7432953344692728,10.052866466205145,False,True
M0002,G02,2025-01-01 04:00:00,1.6457509225459424,7.251649257339211,False,True
M0002,G02,2025-01-01 05:00:00,1.304692831655302,8.160741626698607,False,True
M0002,G02,2025-01-01 06:00:00,1.8757835789787278,8.93042503538874,False,True
M0002,G02,2025-01-01 07:00:00,1.6102167958902993,9.796733450306393,False,True
M0002,G02,2025-01-01 08:00:00,1.8213492389337411,11.264602973124482,False,True
M0002,G02,2025-01-01 09:00:00,2.180824790394063,10.7415667540611,False,True
M0002,G02,2025-01-01 10:00:00,1.6873972825795032,13.759744732166766,False,True
M0002,G02,2025-01-01 11:00:00,1.7341926631420697,14.311462350768947,False,True
M0002,G02,2025-01-01 12:00:00,1.9233481281910367,13.764188012202382,False,True
M0002,G02,2025-01-01 13:00:00,2.202160102427292,14.876028340260065,False,True
M0002,G02,2025-01-01 14:00:00,1.9153389847425049,13.353504502595204,False,True
M0002,G02,2025-01-01 15:00:00,1.9650889620592984,12.371584783288364,False,True
M0002,G02,2025-01-01 16:00:00,2.44989181685248,14.03141032188256,False,True
M0002,G02,2025-01-01 17:00:00,2.323383335986235,11.28754600314932,False,True
M0002,G02,2025-01-01 18:00:00,1.7137942256569505,13.835439524082503,False,True
M0002,G02,2025-01-01 19:00:00,1.9346715077052632,12.256994965659441,False,True
M0002,G02,2025-01-01 20:00:00,2.6371656150320515,11.057260449346597,False,True
M0002,G02,2025-01-01 21:00:00,2.314416544363584,8.21960879825576,False,True
M0002,G02,2025-01-01 22:00:00,1.968155861937528,10.793667222505922,False,True
M0002,G02,2025-01-01 23:00:00,2.0548148605057692,10.2055540452821,False,True
M0002,G02,2025-01-02 00:00:00,2.0465436808335697,8.415094981754068,False,False
M0002,G02,2025-01-02 01:00:00,2.133947331379986,7.53797433645204,False,False
M0002,G02,2025-01-02 02:00:00,1.5884649105202877,10.123815491144239,False,False
M0002,G02,2025-01-02 03:00:00,1.6384558526014619,9.397816881611142,False,False
M0002,G02,2025-01-02 04:00:00,1.8129266406762783,10.250106643258038,False,False
M0002,G02,2025-01-02 05:00:00,1.6922280877409026,10.255118362577857,False,False
M0002,G02,2025-01-02 06:00:00,1.798220000982725,12.916677463475722,False,False
M0002,G02,2025-01-02 07:00:00,1.4381175810373232,10.414179765764501,False,False
M0002,G02,2025-01-02 08:00:00,1.7637678516977204,11.101473655399738,False,False
M0002,G02,2025-01-02 09:00:00,1.9467452495031776,12.176656337461981,False,False
M0002,G02,2025-01-02 10:00:00,1.8784496391199184,13.842099249395272,False,False
M0002,G02,2025-01-02 11:00:00,1.8718621453537487,13.699784819633754,False,False
M0002,G02,2025-01-02 12:00:00,1.8944023957191254,13.61907809223978,False,False
M0002,G02,2025-01-02 13:00:00,1.7997226655827556,13.344787951744328,False,False
M0002,G02,2025-01-02 14:00:00,2.053957201002667,13.479393718763669,False,False
M0002,G02,2025-01-02 15:00:00,2.457495820683616,14.349644193907844,False,False
M0002,G02,2025-01-02 16:00:00,2.1716973341702093,15.006861511824374,False,False
M0002,G02,2025-01-02 17:00:00,2.0135937314530734,14.25084404903329,False,False
M0002,G02,2025-01-02 18:00:00,2.142896134631935,13.105067844063514,False,False
M0002,G02,2025-01-02 19:00:00,2.3335292869816033,11.918061106637195,False,False
M0002,G02,2025-01-02 20:00:00,2.1672440935608908,11.253743457093744,False,False
M0002,G02,2025-01-02 21:00:00,2.359071448117611,10.82973995341362,False,False
M0002,G02,2025-01-02 22:00:00,2.315013796781135,10.918024232843523,False,False
M0002,G02,2025-01-02 23:00:00,2.3370655657643504,9.422958105006533,False,False
M0002,G02,2025-01-03 00:00:00,2.3836731672631037,8.788845619309392,False,False
M0002,G02,2025-01-03 01:00:00,2.1942254004325905,8.969481186723518,False,False
M0002,G02,2025-01-03 02:00:00,1.6823863112149642,9.552172914199021,False,False
M0002,G02,2025-01-03 03:00:00,1.6256176988777689,9.61667098845171,False,False
M0002,G02,2025-01-03 04:00:00,1.7418581231497723,8.574590704397746,False,False
M0002,G02,2025-01-03 05:00:00,1.6224267902993532,9.37586609968389,False,False
M0002,G02,2025-01-03 06:00:00,1.4620148079971707,10.3516179483618,False,False
M0002,G02,2025-01-03 07:00:00,1.5930087984705645,10.23755978163776,False,False
M0002,G02,2025-01-03 08:00:00,1.5997872111854283,11.603583559395696,False,False
M0002,G02,2025-01-03 09:00:00,1.5916520050377025,14.101148569125446,False,False
M0002,G02,2025-01-03 10:00:00,1.7123434952104124,12.415945583040976,False,False
M0002,G02,2025-01-03 11:00:00,2.0959557936207505,14.478221259463433,False,False
M0002,G02,2025-01-03 12:00:00,1.9609493058124523,11.91423074348761,False,False
M0002,G02,2025-01-03 13:00:00,2.570319355008364,13.71666960248585,False,False
M0002,G02,2025-01-03 14:00:00,2.113178971283995,14.071711554983434,False,False
M0002,G02,2025-01-03 15:00:00,2.0703830921363626,14.84132312873723,False,False
M0002,G02,2025-01-03 16:00:00,2.2039621229009483,15.656279134232452,False,False
M0002,G02,2025-01-03 17:00:00,2.314970053474525,14.105135770079645,False,False
M0002,G02,2025-01-03 18:00:00,2.389759821781705,12.561812965649587,False,False
M0002,G02,2025-01-03 19:00:00,2.833690066669945,12.241665542914632,False,False
M0002,G02,2025-01-03 20:00:00,2.042960288333701,13.120248303901812,False,False
M0002,G02,2025-01-03 21:00:00,2.4571604768933213,10.649796012166531,False,False
M0002,G02,2025-01-03 22:00:00,2.235346309353722,7.548032666436901,False,False
M0002,G02,2025-01-03 23:00:00,1.7293564324039759,8.651190405474777,False,False
M0002,G02,2025-01-04 00:00:00,2.5806897058606872,7.296862596685656,True,False
M0002,G02,2025-01-04 01:00:00,2.613972817537579,10.591752921272674,True,False
M0002,G02,2025-01-04 02:00:00,1.9685053960945893,9.430653797541522,True,False
M0002,G02,2025-01-04 03:00:00,2.102957107246478,10.58861084775486,True,False
M0002,G02,2025-01-04 04:00:00,1.6256179911843465,8.54618372450475,True,False
M0002,G02,2025-01-04 05:00:00,1.692288088902987,9.321232918335875,True,False
M0002,G02,2025-01-04 06:00:00,2.1921548809579146,11.3060916434916,True,False
M0002,G02,2025-01-04 07:00:00,1.8396741077856902,10.639940798261554,True,False
M0002,G02,2025-01-04 08:00:00,1.7078481567064878,11.977365850650523,True,False
M0002,G02,2025-01-04 09:00:00,2.0542647054942895,11.570073102502915,True,False
M0002,G02,2025-01-04 10:00:00,1.9338388363284724,13.873059308798258,True,False
M0002,G02,2025-01-04 11:00:00,2.0168987506937976,13.401950232513116,True,False
M0002,G02,2025-01-04 12:00:00,2.411488922099476,12.92981121634612,True,False
M0002,G02,2025-01-04 13:00:00,1.9971178895952053,15.09615596710226,True,False
M0002,G02,2025-01-04 14:00:00,2.146343631639659,14.35145424234304,True,False
M0002,G02,2025-01-04 15:00:00,2.52699783234419,14.009777650405734,True,False
M0002,G02,2025-01-04 16:00:00,2.8406018829441857,13.389584824970754,True,False
M0002,G02,2025-01-04 17:00:00,2.980016319287819,13.88431727635951,True,False
M0002,G02,2025-01-04 18:00:00,2.4297769635113076,14.129335964425808,True,False
M0002,G02,2025-01-04 19:00:00,2.931009922090405,11.718970812447672,True,False
M0002,G02,2025-01-04 20:00:00,2.3852561570152857,11.078865028962563,True,False
M0002,G02,2025-01-04 21:00:00,3.1384202031702504,10.586411641315076,True,False
M0002,G02,2025-01-04 22:00:00,2.1933692892419048,9.151219283832143,True,False
M0002,G02,2025-01-04 23:00:00,2.833805260162735,8.545432566489422,True,False
M0002,G02,2025-01-05 00:00:00,2.1868889597669914,8.404208452748312,True,False
M0002,G02,2025-01-05 01:00:00,2.8131580813002293,8.530031084428751,True,False
M0002,G02,2025-01-05 02:00:00,2.3392552910609683,9.791845632504774,True,False
M0002,G02,2025-01-05 03:00:00,1.8560449152196334,8.428129895821721,True,False
M0002,G02,2025-01-05 04:00:00,1.9122389581536274,8.619290322138188,True,False
M0002,G02,2025-01-05 05:00:00,2.165564824378294,10.528827201714337,True,False
M0002,G02,2025-01-05 06:00:00,2.1939508127803578,10.228264986611514,True,False
M0002,G02,2025-01-05 07:00:00,1.9302213544130766,12.230707384252987,True,False
M0002,G02,2025-01-05 08:00:00,1.9727361593104764,11.31503225491355,True,False
M0002,G02,2025-01-05 09:00:00,2.1785522455997812,13.016931638069043,True,False
M0002,G02,2025-01-05 10:00:00,2.0918626840278387,12.725713963319489,True,False
M0002,G02,2025-01-05 11:00:00,1.8125046578661943,12.692656651951468,True,False
M0002,G02,2025-01-05 12:00:00,2.009823747237412,14.828041943647799,True,False
M0002,G02,2025-01-05 13:00:00,2.3747663539407005,12.412938392545255,True,False
M0002,G02,2025-01-05 14:00:00,2.7416056424337882,16.11800189783883,True,False
M0002,G02,2025-01-05 15:00:00,2.9517173712779443,15.270888077091074,True,False
M0002,G02,2025-01-05 16:00:00,2.784971273389093,13.842523330336846,True,False
M0002,G02,2025-01-05 17:00:00,2.691863088568568,11.669344736638292,True,False
M0002,G02,2025-01-05 18:00:00,2.865640828907106,12.725696780391793,True,False
M0002,G02,2025-01-05 19:00:00,2.437015539750349,12.236851490284073,True,False
M0002,G02,2025-01-05 20:00:00,2.579551751522143,11.559622008221178,True,False
M0002,G02,2025-01-05 21:00:00,2.338700366577373,11.090697973094391,True,False
M0002,G02,2025-01-05 22:00:00,2.160164487720747,12.44548688179685,True,False
M0002,G02,2025-01-05 23:00:00,2.5496751619074396,10.57220352534012,True,False
M0002,G02,2025-01-06 00:00:00,2.090334402743298,8.417100993437817,False,False
M0002,G02,2025-01-06 01:00:00,2.125648062506651,8.568401522463592,False,False
M0002,G02,2025-01-06 02:00:00,2.0108309204940737,10.003928490122343,False,False
M0002,G02,2025-01-06 03:00:00,1.8707324086452062,10.854409743538882,False,False
M0002,G02,2025-01-06 04:00:00,1.873526077020119,10.846095643380261,False,False
M0002,G02,2025-01-06 05:00:00,1.705846853302037,10.604836113116972,False,False
M0002,G02,2025-01-06 06:00:00,1.7692065556598169,12.35682161707958,False,False
M0002,G02,2025-01-06 07:00:00,1.538786832238793,10.30931715847362,False,False
M0002,G02,2025-01-06 08:00:00,1.7685281237258756,10.45357586704894,False,False
M0002,G02,2025-01-06 09:00:00,1.863827751258932,11.264359516117484,False,False
M0002,G02,2025-01-06 10:00:00,1.6405463240151585,13.111957338296762,False,False
M0002,G02,2025-01-06 11:00:00,1.8554767105442993,11.796411333751607,False,False
M0002,G02,2025-01-06 12:00:00,1.7786399762558787,14.110551436528388,False,False
M0002,G02,2025-01-06 13:00:00,1.8739250779099725,14.470135146357501,False,False
M0002,G02,2025-01-06 14:00:00,1.80161616051319,13.28428990734257,False,False
M0002,G02,2025-01-06 15:00:00,2.462179611918842,13.16133220997711,False,False
M0002,G02,2025-01-06 16:00:00,2.4795270705394454,13.548567472691555,False,False
M0002,G02,2025-01-06 17:00:00,2.3911300417423975,15.114213853314025,False,False
M0002,G02,2025-01-06 18:00:00,2.8007201262737467,14.80384327484529,False,False
M0002,G02,2025-01-06 19:00:00,2.232547372093463,16.28579235591417,False,False
M0002,G02,2025-01-06 20:00:00,3.0721938978938264,12.041269553085106,False,False
M0002,G02,2025-01-06 21:00:00,2.1760501569542066,9.57329714584697,False,False
M0002,G02,2025-01-06 22:00:00,2.2497218427763053,7.958299600107575,False,False
M0002,G02,2025-01-06 23:00:00,2.0215544895058635,10.449548169157596,False,False
M0002,G02,2025-01-07 00:00:00,2.1358332249870955,8.683169456430031,False,False
M0002,G02,2025-01-07 01:00:00,2.1605222402726865,9.526974766626026,False,False
M0002,G02,2025-01-07 02:00:00,1.8659141242530404,8.688315557355557,False,False
M0002,G02,2025-01-07 03:00:00,2.1974824630305467,10.052198211870323,False,False
M0002,G02,2025-01-07 04:00:00,1.8090535793557636,11.40056575576256,False,False
M0002,G02,2025-01-07 05:00:00,1.769256044970027,10.217779130126635,False,False
M0002,G02,2025-01-07 06:00:00,1.5093117284515474,10.272534659094175,False,False
M0002,G02,2025-01-07 07:00:00,1.7642167387355556,9.432286139785749,False,False
M0002,G02,2025-01-07 08:00:00,1.6694941115846242,10.281613460744927,False,False
M0002,G02,2025-01-07 09:00:00,1.6067661650396992,12.032050753699368,False,False
M0002,G02,2025-01-07 10:00:00,1.6190143274778779,12.145229580443003,False,False
M0002,G02,2025-01-07 11:00:00,2.420650760581164,15.767291818334273,False,False
M0002,G02,2025-01-07 12:00:00,1.8600605592221051,14.016742326057827,False,False
M0002,G02,2025-01-07 13:00:00,1.657674416541282,16.527807180492413,False,False
M0002,G02,2025-01-07 14:00:00,1.9057272694105676,13.195322381263107,False,False
M0002,G02,2025-01-07 15:00:00,2.133094692321109,12.418073051611957,False,False
M0002,G02,2025-01-07 16:00:00,2.346849166566596,13.707774621791845,False,False
M0002,G02,2025-01-07 17:00:00,2.396667837393122,13.72174365971219,False,False
M0002,G02,2025-01-07 18:00:00,2.457347230512193,15.57753861501612,False,False
M0002,G02,2025-01-07 19:00:00,2.1119569038057153,11.491207091739328,False,False
M0002,G02,2025-01-07 20:00:00,2.360143676151196,13.460171148217015,False,False
M0002,G02,2025-01-07 21:00:00,2.0075936847860367,9.251756280523356,False,False
M0002,G02,2025-01-07 22:00:00,2.0273948544243945,11.083157178653058,False,False
M0002,G02,2025-01-07 23:00:00,1.8936243795199956,10.699673911392058,False,False
M0002,G02,2025-01-08 00:00:00,1.763612418514254,10.727079461939926,False,False
M0002,G02,2025-01-08 01:00:00,2.214039958073339,9.623568524357609,False,False
M0002,G02,2025-01-08 02:00:00,2.0440174202299555,9.069886326878478,False,False
M0002,G02,2025-01-08 03:00:00,2.028368234355825,10.992529877864001,False,False
M0002,G02,2025-01-08 04:00:00,1.7687702514097228,10.64756184629521,False,False
M0002,G02,2025-01-08 05:00:00,1.871476356365077,8.778245059464945,False,False
M0002,G02,2025-01-08 06:00:00,1.3418712621489055,9.513219714475913,False,False
M0002,G02,2025-01-08 07:00:00,1.8523496396716292,12.776248664707833,False,False
M0002,G02,2025-01-08 08:00:00,1.7318755436488091,13.438973035622976,False,False
M0002,G02,2025-01-08 09:00:00,1.857065166589289,13.657991249847507,False,False
M0002,G02,2025-01-08 10:00:00,1.8602546451216475,12.903639408013682,False,False
M0002,G02,2025-01-08 11:00:00,1.633144207368509,14.467157669567168,False,False
M0002,G02,2025-01-08 12:00:00,1.5841235600551253,15.91611924133532,False,False
M0002,G02,2025-01-08 13:00:00,1.8322227941141105,14.504230932534853,False,False
M0002,G02,2025-01-08 14:00:00,2.2127195227311556,13.820499524696547,False,False
M0002,G02,2025-01-08 15:00:00,2.3199575898848073,16.185731365447584,False,False
M0002,G02,2025-01-08 16:00:00,1.8545032090513613,15.482504065222544,False,False
M0002,G02,2025-01-08 17:00:00,1.9938944219723156,15.850969207293476,False,False
M0002,G02,2025-01-08 18:00:00,2.0860270324516232,13.810101069559066,False,False
M0002,G02,2025-01-08 19:00:00,2.189607043468,11.768434973363396,False,False
M0002,G02,2025-01-08 20:00:00,1.9097619958020682,10.177562739924891,False,False
M0002,G02,2025-01-08 21:00:00,1.8658485193356495,14.009075325653829,False,False
M0002,G02,2025-01-08 22:00:00,1.9766713410943808,13.533233578995999,False,False
M0002,G02,2025-01-08 23:00:00,2.143188824613659,11.623786305995885,False,False
M0002,G02,2025-01-09 00:00:00,1.7663156950692729,9.652612897155048,False,False
M0002,G02,2025-01-09 01:00:00,1.943629518296139,11.57543097139303,False,False
M0002,G02,2025-01-09 02:00:00,2.1267486876794477,9.02158140459381,False,False
M0002,G02,2025-01-09 03:00:00,1.5447243496849206,9.38661838324553,False,False
M0002,G02,2025-01-09 04:00:00,1.7190642797747817,10.804938354736525,False,False
M0002,G02,2025-01-09 05:00:00,1.9220652242901781,10.022678848396223,False,False
M0002,G02,2025-01-09 06:00:00,1.6075345842313358,11.479972466304059,False,False
M0002,G02,2025-01-09 07:00:00,1.5707992317924195,11.208582075906076,False,False
M0002,G02,2025-01-09 08:00:00,1.9282116356277208,12.665375751810336,False,False
M0002,G02,2025-01-09 09:00:00,1.669292873781894,14.846375517276101,False,False
M0002,G02,2025-01-09 10:00:00,2.011884643805717,14.322224517952346,False,False
M0002,G02,2025-01-09 11:00:00,1.9392572896621385,14.703747484067952,False,False
M0002,G02,2025-01-09 12:00:00,1.8439664295337932,11.249218044467655,False,False
M0002,G02,2025-01-09 13:00:00,2.111298435075623,13.863607036906545,False,False
M0002,G02,2025-01-09 14:00:00,2.1544913165709967,13.323970429554612,False,False
M0002,G02,2025-01-09 15:00:00,2.4040238517087342,12.76120832137347,False,False
M0002,G02,2025-01-09 16:00:00,2.066690429336185,13.499528577095765,False,False
M0002,G02,2025-01-09 17:00:00,2.263764526851545,13.237932034585715,False,False
M0002,G02,2025-01-09 18:00:00,2.2631418052768644,14.463258858175736,False,False
M0002,G02,2025-01-09 19:00:00,2.4739698459617903,11.133886696236925,False,False
M0002,G02,2025-01-09 20:00:00,2.0000359235132477,12.282057147948427,False,False
M0002,G02,2025-01-09 21:00:00,2.5041967399695735,11.89875452026409,False,False
M0002,G02,2025-01-09 22:00:00,2.3066315140860403,11.153319368740028,False,False
M0002,G02,2025-01-09 23:00:00,1.7964103803264213,11.909160432296284,False,False
M0002,G02,2025-01-10 00:00:00,2.338949610615753,10.877151183291353,False,False
M0002,G02,2025-01-10 01:00:00,2.4854911904041135,11.60043614353527,False,False
M0002,G02,2025-01-10 02:00:00,2.115290222859996,10.105455728514253,False,False
M0002,G02,2025-01-10 03:00:00,2.126194795031502,9.66912814558679,False,False
M0002,G02,2025-01-10 04:00:00,1.779990677410026,9.739486465870163,False,False
M0002,G02,2025-01-10 05:00:00,1.3843363514602864,11.168458883004371,False,False
M0002,G02,2025-01-10 06:00:00,1.3268393501023121,10.5730675544511,False,False
M0002,G02,2025-01-10 07:00:00,1.7345945157130476,10.784532901287117,False,False
M0002,G02,2025-01-10 08:00:00,1.581058708118994,13.11665166757095,False,False
M0002,G02,2025-01-10 09:00:00,1.5471063352275274,13.407876604120709,False,False
M0002,G02,2025-01-10 10:00:00,1.7699103874803555,17.806221651748917,False,False
M0002,G02,2025-01-10 11:00:00,1.9805062506584132,16.206350571424508,False,False
M0002,G02,2025-01-10 12:00:00,1.5958452494522013,13.876881005080302,False,False
M0002,G02,2025-01-10 13:00:00,1.8954956964428995,14.679031467168839,False,False
M0002,G02,2025-01-10 14:00:00,2.444155943393047,13.320710072712052,False,False
M0002,G02,2025-01-10 15:00:00,1.879257809322545,14.275794373602272,False,False
M0002,G02,2025-01-10 16:00:00,2.433539950796468,15.2243313374124,False,False
M0002,G02,2025-01-10 17:00:00,2.1264970170360913,16.265759978402258,False,False
M0002,G02,2025-01-10 18:00:00,2.4260175547069505,13.690956821483201,False,False
M0002,G02,2025-01-10 19:00:00,2.5802300865563534,12.487936071061027,False,False
M0002,G02,2025-01-10 20:00:00,2.4699019201716514,10.45790050903759,False,False
M0002,G02,2025-01-10 21:00:00,2.4772787337362785,11.433859118094576,False,False
M0002,G02,2025-01-10 22:00:00,1.8943495302765914,10.485069740769799,False,False
M0002,G02,2025-01-10 23:00:00,2.4000868285780648,9.842899280919008,False,False
M0002,G02,2025-01-11 00:00:00,2.13850175760565,10.117456982929154,True,False
M0002,G02,2025-01-11 01:00:00,2.3532204035299804,11.36681426601817,True,False
M0002,G02,2025-01-11 02:00:00,2.2603634571597526,8.119107444533636,True,False
M0002,G02,2025-01-11 03:00:00,2.2312772887899444,7.517882852551727,True,False
M0002,G02,2025-01-11 04:00:00,2.122361210941377,12.905420016497741,True,False
M0002,G02,2025-01-11 05:00:00,1.7939502131915837,10.092686974796736,True,False
M0002,G02,2025-01-11 06:00:00,1.6503989574868496,10.499819157514345,True,False
M0002,G02,2025-01-11 07:00:00,2.150438958278694,14.471128878714081,True,False
M0002,G02,2025-01-11 08:00:00,2.0106068550847085,16.7798382392132,True,False
M0002,G02,2025-01-11 09:00:00,2.276176505092585,12.272817835937394,True,False
M0002,G02,2025-01-11 10:00:00,2.055041617439784,14.206387303727222,True,False
M0002,G02,2025-01-11 11:00:00,1.7895843114143872,15.426768910565762,True,False
M0002,G02,2025-01-11 12:00:00,2.477916569411661,17.789774367263576,True,False
M0002,G02,2025-01-11 13:00:00,2.2174504096103336,14.199407571709203,True,False
M0002,G02,2025-01-11 14:00:00,2.503619176656361,15.447719743763736,True,False
M0002,G02,2025-01-11 15:00:00,2.3017772552350744,15.98347957860116,True,False
M0002,G02,2025-01-11 16:00:00,3.0510935282262417,15.175475851188828,True,False
M0002,G02,2025-01-11 17:00:00,2.344367090587975,14.959186945847026,True,False
M0002,G02,2025-01-11 18:00:00,2.538381035569184,13.986938238889385,True,False
M0002,G02,2025-01-11 19:00:00,2.6832794590764713,12.189036383790805,True,False
M0002,G02,2025-01-11 20:00:00,2.2979053493561485,12.565484972583386,True,False
M0002,G02,2025-01-11 21:00:00,2.6949709245448665,11.52945303192026,True,False
M0002,G02,2025-01-11 22:00:00,3.0131208200351103,11.823518771989997,True,False
M0002,G02,2025-01-11 23:00:00,2.3199303628192136,11.073260851481962,True,False
M0002,G02,2025-01-12 00:00:00,2.4859614278664175,11.631210423641148,True,False
M0002,G02,2025-01-12 01:00:00,1.551670012593398,10.897515504704261,True,False
M0002,G02,2025-01-12 02:00:00,2.185486112186641,10.53170063382245,True,False
M0002,G02,2025-01-12 03:00:00,2.0356532903660307,11.851247689617097,True,False
M0002,G02,2025-01-12 04:00:00,1.8479314758315457,10.744632145615734,True,False
M0002,G02,2025-01-12 05:00:00,2.242588375051657,10.284902641784605,True,False
M0002,G02,2025-01-12 06:00:00,1.8856463295165722,11.783462471368223,True,False
M0002,G02,2025-01-12 07:00:00,1.9123085904610608,13.026749425066432,True,False
M0002,G02,2025-01-12 08:00:00,1.8823208502845863,12.80105732140578,True,False
M0002,G02,2025-01-12 09:00:00,1.55859599649033,15.925948384340346,True,False
M0002,G02,2025-01-12 10:00:00,1.793819028168526,16.632009516774524,True,False
M0002,G02,2025-01-12 11:00:00,2.382439086328185,14.91259878482944,True,False
M0002,G02,2025-01-12 12:00:00,1.6791165161019423,14.776330738993735,True,False
M0002,G02,2025-01-12 13:00:00,2.1115175423475505,14.303826111113063,True,False
M0002,G02,2025-01-12 14:00:00,2.2964424690154877,17.004520175358678,True,False
M0002,G02,2025-01-12 15:00:00,2.998680928904154,15.7556787074754,True,False
M0002,G02,2025-01-12 16:00:00,2.7909811908545197,15.606559244082309,True,False
M0002,G02,2025-01-12 17:00:00,2.443170352933212,13.149891497610339,True,False
M0002,G02,2025-01-12 18:00:00,3.046741420071245,14.883062430727266,True,False
M0002,G02,2025-01-12 19:00:00,2.422296005793552,13.334197124106801,True,False
M0002,G02,2025-01-12 20:00:00,2.945793966296571,11.927510909057231,True,False
M0002,G02,2025-01-12 21:00:00,2.1843823630732815,12.055549451245701,True,False
M0002,G02,2025-01-12 22:00:00,2.85527553584024,12.259388890392074,True,False
M0002,G02,2025-01-12 23:00:00,2.3455111223814153,11.45186505877851,True,False
M0002,G02,2025-01-13 00:00:00,1.8067340343839902,10.441154471310686,False,False
M0002,G02,2025-01-13 01:00:00,1.9246160372448773,10.971834457695762,False,False
M0002,G02,2025-01-13 02:00:00,1.9584725219779282,10.291941675679288,False,False
M0002,G02,2025-01-13 03:00:00,1.720217245312047,10.641797261297526,False,False
M0002,G02,2025-01-13 04:00:00,1.8796610981054023,12.561874794907816,False,False
M0002,G02,2025-01-13 05:00:00,1.6033903951499366,9.279656360208811,False,False
M0002,G02,2025-01-13 06:00:00,1.8165533440797839,10.715385234470485,False,False
M0002,G02,2025-01-13 07:00:00,1.7744631778097362,12.931754937943357,False,False
M0002,G02,2025-01-13 08:00:00,1.6892901837912435,12.632731166717484,False,False
M0002,G02,2025-01-13 09:00:00,1.6456448016768441,13.26372703891409,False,False
M0002,G02,2025-01-13 10:00:00,1.8176585444674327,12.04221371135343,False,False
M0002,G02,2025-01-13 11:00:00,1.9698115916188796,14.235940977988184,False,False
M0002,G02,2025-01-13 12:00:00,2.388621398410394,17.549496154579824,False,False
M0002,G02,2025-01-13 13:00:00,2.2235869735091995,13.501255441632031,False,False
M0002,G02,2025-01-13 14:00:00,2.3186323080782243,15.604084038062027,False,False
M0002,G02,2025-01-13 15:00:00,2.929132349478002,15.557461936267147,False,False
M0002,G02,2025-01-13 16:00:00,2.346327278260899,15.926070976365772,False,False
M0002,G02,2025-01-13 17:00:00,2.3857428266485154,14.366444504174739,False,False
M0002,G02,2025-01-13 18:00:00,2.472418486295996,14.145224406403507,False,False
M0002,G02,2025-01-13 19:00:00,0.18267118951983033,15.347223788588433,False,False
M0002,G02,2025-01-13 20:00:00,2.159061611228486,14.48035819373797,False,False
M0002,G02,2025-01-13 21:00:00,2.1108254880269968,15.390011699310502,False,False
M0002,G02,2025-01-13 22:00:00,2.3582036339429093,13.846772211115868,False,False
M0002,G02,2025-01-13 23:00:00,2.0843139462827067,11.405461853539046,False,False
M0002,G02,2025-01-14 00:00:00,2.0877936961072128,13.310562963836356,False,False
M0002,G02,2025-01-14 01:00:00,2.2268410893368933,11.613967912197644,False,False
M0002,G02,2025-01-14 02:00:00,2.089569724601661,10.871009942986499,False,False
M0002,G02,2025-01-14 03:00:00,1.7923582431939953,10.746213235134709,False,False
M0002,G02,2025-01-14 04:00:00,1.6284029453129025,12.333519997848287,False,False
M0002,G02,2025-01-14 05:00:00,1.9498217968558018,10.997525157262336,False,False
M0002,G02,2025-01-14 06:00:00,1.8481014884310554,13.956439877523342,False,False
M0002,G02,2025-01-14 07:00:00,1.3717606991651738,11.312678019858854,False,False
M0002,G02,2025-01-14 08:00:00,1.6402351272256739,14.184443864197926,False,False
M0002,G02,2025-01-14 09:00:00,1.769730498754844,13.89113465407924,False,False
M0002,G02,2025-01-14 10:00:00,1.949725552773319,15.529815803457208,False,False
M0002,G02,2025-01-14 11:00:00,2.048893767279935,15.469154761115327,False,False
M0002,G02,2025-01-14 12:00:00,1.9902559280376606,18.265223792510582,False,False
M0002,G02,2025-01-14 13:00:00,2.1420969948535005,17.260147981810945,False,False
M0002,G02,2025-01-14 14:00:00,2.098369879931433,13.400231150711077,False,False
M0002,G02,2025-01-14 15:00:00,1.9846866844316797,16.100702775810404,False,False
M0002,G02,2025-01-14 16:00:00,2.146875346942086,13.99740750583295,False,False
M0002,G02,2025-01-14 17:00:00,2.264429460104043,14.597968044660696,False,False
M0002,G02,2025-01-14 18:00:00,2.276828854167751,16.57581605493824,False,False
M0002,G02,2025-01-14 19:00:00,1.7878643052092358,15.191496035184338,False,False
M0002,G02,2025-01-14 20:00:00,2.1727970624383097,12.48487520192574,False,False
M0002,G02,2025-01-14 21:00:00,2.259585719072138,12.12380516045483,False,False
M0002,G02,2025-01-14 22:00:00,2.1217544568422166,12.226277546620118,False,False
M0002,G02,2025-01-14 23:00:00,2.0675929714294936,10.366685619299687,False,False
M0002,G02,2025-01-15 00:00:00,2.1731684830055715,10.061112730660655,False,False
M0002,G02,2025-01-15 01:00:00,1.728183797904313,12.487102174257512,False,False
M0002,G02,2025-01-15 02:00:00,1.5384513163533815,12.569462773696792,False,False
M0002,G02,2025-01-15 03:00:00,1.7537698414963416,12.120373782385478,False,False
M0002,G02,2025-01-15 04:00:00,1.9255158113609128,7.7294720433816835,False,False
M0002,G02,2025-01-15 05:00:00,2.0622295321879767,11.634297979096663,False,False
M0002,G02,2025-01-15 06:00:00,1.8509793605031002,12.90355800060473,False,False
M0002,G02,2025-01-15 07:00:00,1.3999086182067904,13.441242157603504,False,False
M0002,G02,2025-01-15 08:00:00,1.6574114964058608,14.430737619333259,False,False
M0002,G02,2025-01-15 09:00:00,1.7894081858812863,12.13848251384879,False,False
M0002,G02,2025-01-15 10:00:00,1.8254920507231247,13.716960356360584,False,False
M0002,G02,2025-01-15 11:00:00,1.9700363569306603,16.63068890202302,False,False
M0002,G02,2025-01-15 12:00:00,1.7212871961403267,13.671408259580788,False,False
M0002,G02,2025-01-15 14:00:00,2.1864636000220345,16.979681093302887,False,False
M0002,G02,2025-01-15 15:00:00,2.3634462986230926,16.430144732073696,False,False
M0002,G02,2025-01-15 16:00:00,2.0074549603087424,14.431683580484247,False,False
M0002,G02,2025-01-15 17:00:00,2.16982527590623,16.09421003949304,False,False
M0002,G02,2025-01-15 18:00:00,1.5654211628539612,16.39392813576373,False,False
M0002,G02,2025-01-15 19:00:00,2.1276857512458616,13.709238479380433,False,False
M0002,G02,2025-01-15 20:00:00,2.140470320537713,12.89543964006016,False,False
M0002,G02,2025-01-15 21:00:00,1.9789423338743306,13.537400606669937,False,False
M0002,G02,2025-01-15 22:00:00,2.2377592270807467,10.860672394795513,False,False
M0002,G02,2025-01-15 23:00:00,2.1164679376593796,11.30726149305134,False,False
M0002,G02,2025-01-16 00:00:00,1.5147350256672745,10.338378498685225,False,False
M0002,G02,2025-01-16 01:00:00,2.028469725544494,11.320642662384769,False,False
M0002,G02,2025-01-16 02:00:00,1.6948406965018417,12.310879696036013,False,False
M0002,G02,2025-01-16 03:00:00,1.9331221596425674,10.395005312773922,False,False
M0002,G02,2025-01-16 04:00:00,1.504270739271903,10.914184819097326,False,False
M0002,G02,2025-01-16 05:00:00,1.7300309271369718,14.453542012399883,False,False
M0002,G02,2025-01-16 06:00:00,1.6411710247501357,11.130290361394257,False,False
M0002,G02,2025-01-16 07:00:00,1.7505916332219895,11.639580713761962,False,False
M0002,G02,2025-01-16 08:00:00,1.729659935964553,14.626320454205569,False,False
M0002,G02,2025-01-16 09:00:00,1.6867787679228377,15.38091416557988,False,False
M0002,G02,2025-01-16 10:00:00,1.4686460766265628,14.602573150226238,False,False
M0002,G02,2025-01-16 11:00:00,1.5347524456643142,16.899827343959696,False,False
M0002,G02,2025-01-16 12:00:00,1.7975450882600474,17.484627325371196,False,False
M0002,G02,2025-01-16 13:00:00,2.0059109590744444,17.77297430386282,False,False
M0002,G02,2025-01-16 14:00:00,1.937528306379373,16.37141746001302,False,False
M0002,G02,2025-01-16 15:00:00,2.3146269094117513,18.801655629157654,False,False
M0002,G02,2025-01-16 16:00:00,2.14519281443424,15.578822144714866,False,False
M0002,G02,2025-01-16 17:00:00,2.007607271962345,12.48529439528749,False,False
M0002,G02,2025-01-16 18:00:00,2.2149109764328654,16.76213695555481,False,False
M0002,G02,2025-01-16 19:00:00,2.356320934764953,13.715343973893198,False,False
M0002,G02,2025-01-16 20:00:00,2.3682481694903244,14.314435520739243,False,False
M0002,G02,2025-01-16 21:00:00,2.740981478705302,15.142999971291166,False,False
M0002,G02,2025-01-16 22:00:00,2.0252794724139447,10.27755809960902,False,False
M0002,G02,2025-01-16 23:00:00,2.113599560161738,10.238154066235095,False,False
M0002,G02,2025-01-17 00:00:00,2.161437864458022,10.027827541459278,False,False
M0002,G02,2025-01-17 01:00:00,1.9747267787747667,10.121906086218498,False,False
M0002,G02,2025-01-17 02:00:00,1.791092162625703,12.104162427524274,False,False
M0002,G02,2025-01-17 03:00:00,1.4995637960611115,11.95253602640323,False,False
M0002,G02,2025-01-17 04:00:00,1.6647578843256299,11.46404464129904,False,False
M0002,G02,2025-01-17 05:00:00,1.5089736513865115,9.84077405435815,False,False
M0002,G02,2025-01-17 06:00:00,1.3561144564089778,10.48368364849156,False,False
M0002,G02,2025-01-17 07:00:00,1.5348094564047436,13.12224437457569,False,False
M0002,G02,2025-01-17 08:00:00,1.4975104984723253,14.036324231018334,False,False
M0002,G02,2025-01-17 09:00:00,1.8584565558477384,14.723770832893962,False,False
M0002,G02,2025-01-17 10:00:00,1.91669411937429,16.020225376466453,False,False
M0002,G02,2025-01-17 11:00:00,1.6601326952967137,16.91227345738109,False,False
M0002,G02,2025-01-17 12:00:00,1.8718277197310143,16.330808264015666,False,False
M0002,G02,2025-01-17 13:00:00,1.5733686850802486,15.523239389146047,False,False
M0002,G02,2025-01-17 14:00:00,1.966719646383763,17.56165113680056,False,False
M0002,G02,2025-01-17 15:00:00,2.25931405796481,14.938080522017456,False,False
M0002,G02,2025-01-17 16:00:00,2.432874148434838,15.72145505524541,False,False
M0002,G02,2025-01-17 17:00:00,2.075703408225069,15.493217588164107,False,False
M0002,G02,2025-01-17 18:00:00,2.5722995493684935,16.15099398541374,False,False
M0002,G02,2025-01-17 19:00:00,1.8908805027504643,13.481568526929127,False,False
M0002,G02,2025-01-17 20:00:00,1.9507499759756104,14.317709087372064,False,False
M0002,G02,2025-01-17 21:00:00,2.436022105224738,13.041131924658693,False,False
M0002,G02,2025-01-17 22:00:00,2.627456216709511,11.887073380504296,False,False
M0002,G02,2025-01-17 23:00:00,2.256382128420928,12.659892307074758,False,False
M0002,G02,2025-01-18 00:00:00,2.3749439336881952,9.219911488779697,True,False
M0002,G02,2025-01-18 01:00:00,1.706616570783658,9.265349783779524,True,False
M0002,G02,2025-01-18 02:00:00,1.683978977547265,9.460435891974289,True,False
M0002,G02,2025-01-18 03:00:00,2.1537065101890907,8.794583220715863,True,False
M0002,G02,2025-01-18 04:00:00,1.965898857239088,10.771583551863523,True,False
M0002,G02,2025-01-18 05:00:00,1.7412602488084519,12.946204340546103,True,False
M0002,G02,2025-01-18 06:00:00,1.9835156992451184,12.348527145192666,True,False
M0002,G02,2025-01-18 07:00:00,1.9872371894223158,13.212767614662813,True,False
M0002,G02,2025-01-18 08:00:00,2.1952395078881146,15.602931139291437,True,False
M0002,G02,2025-01-18 09:00:00,2.048499670012293,16.908598894183466,True,False
M0002,G02,2025-01-18 10:00:00,2.3732987562559287,14.885183142535956,True,False
M0002,G02,2025-01-18 11:00:00,2.1529558255020405,17.585007996493548,True,False
M0002,G02,2025-01-18 12:00:00,2.207126112293548,16.106145782169754,True,False
M0002,G02,2025-01-18 13:00:00,2.6180158591994553,15.543019229954016,True,False
M0002,G02,2025-01-18 14:00:00,2.1425229772309695,16.51994820326819,True,False
M0002,G02,2025-01-18 15:00:00,3.3239240623278743,14.842839382458747,True,False
M0002,G02,2025-01-18 16:00:00,2.6844465387251657,14.16293447588092,True,False
M0002,G02,2025-01-18 17:00:00,2.7406949093740245,15.51548360330558,True,False
M0002,G02,2025-01-18 18:00:00,2.817763946703502,16.781072755213874,True,False
M0002,G02,2025-01-18 19:00:00,3.2461324917353127,16.55151218546148,True,False
M0002,G02,2025-01-18 20:00:00,2.891094536227983,12.789538444911514,True,False
M0002,G02,2025-01-18 21:00:00,2.118506943235412,13.429626438884675,True,False
M0002,G02,2025-01-18 22:00:00,2.9653571557289813,10.708916553554868,True,False
M0002,G02,2025-01-18 23:00:00,2.374076405616761,12.822792922910843,True,False
M0002,G02,2025-01-19 00:00:00,2.417976587501406,10.918399973222497,True,False
M0002,G02,2025-01-19 01:00:00,1.953600143160961,9.387218760695522,True,False
M0002,G02,2025-01-19 02:00:00,2.3419007203329554,13.376383345086957,True,False
M0002,G02,2025-01-19 03:00:00,1.96185812230163,10.023308949915736,True,False
M0002,G02,2025-01-19 04:00:00,2.0773360325901167,10.673513630415714,True,False
M0002,G02,2025-01-19 05:00:00,1.934649236880301,10.551519854787239,True,False
M0002,G02,2025-01-19 06:00:00,2.412830642506909,12.052205962001478,True,False
M0002,G02,2025-01-19 07:00:00,2.416661457590864,13.802568347136518,True,False
M0002,G02,2025-01-19 08:00:00,1.9895428110471962,14.59148080560638,True,False
M0002,G02,2025-01-19 09:00:00,2.033030972181886,15.63762200392315,True,False
M0002,G02,2025-01-19 10:00:00,1.9866866281031863,16.050948521630936,True,False
M0002,G02,2025-01-19 11:00:00,2.4306667047182953,17.544381920654136,True,False
M0002,G02,2025-01-19 12:00:00,2.1530580085967803,16.069340840798276,True,False
M0002,G02,2025-01-19 13:00:00,2.215852020557094,14.33059983173313,True,False
M0002,G02,2025-01-19 14:00:00,2.6974087927246306,18.32827790054671,True,False
M0002,G02,2025-01-19 15:00:00,2.346426779418994,15.58001245590839,True,False
M0002,G02,2025-01-19 16:00:00,2.5624798457390963,18.039268763787085,True,False
M0002,G02,2025-01-19 17:00:00,2.141244115750778,16.939896563726773,True,False
M0002,G02,2025-01-19 18:00:00,2.8755876434436742,15.317073088682053,True,False
M0002,G02,2025-01-19 19:00:00,3.2685647811734166,15.096477980012892,True,False
M0002,G02,2025-01-19 20:00:00,2.871371228726023,16.66037585018842,True,False
M0002,G02,2025-01-19 21:00:00,3.0545304443879284,14.53357566093989,True,False
M0002,G02,2025-01-19 22:00:00,2.2979758148038556,13.10339229528409,True,False
M0002,G02,2025-01-19 23:00:00,2.5427527039821554,12.486790583976244,True,False
M0002,G02,2025-01-20 00:00:00,1.8366592644180244,13.389340026868071,False,False
M0002,G02,2025-01-20 01:00:00,1.9321230237341365,11.211887855303427,False,False
M0002,G02,2025-01-20 02:00:00,2.0787978700685876,12.150529390257542,False,False
M0002,G02,2025-01-20 03:00:00,1.8569559345454223,11.272275992305124,False,False
M0002,G02,2025-01-20 04:00:00,1.4819064693375206,12.429154412773281,False,False
M0002,G02,2025-01-20 05:00:00,1.4638761221477825,11.554197625832757,False,False
M0002,G02,2025-01-20 06:00:00,1.428054227389625,11.188215367717744,False,False
M0002,G02,2025-01-20 07:00:00,1.793403604082607,11.234561351594683,False,False
M0002,G02,2025-01-20 08:00:00,2.122335713781487,13.46705299076975,False,False
M0002,G02,2025-01-20 09:00:00,2.021498146581026,13.84184939821003,False,False
M0002,G02,2025-01-20 10:00:00,1.3978662648100324,15.274249728001912,False,False
M0002,G02,2025-01-20 11:00:00,2.1691849770791567,19.025638601088907,False,False
M0002,G02,2025-01-20 12:00:00,2.1467113125645696,16.913179208779255,False,False
M0002,G02,2025-01-20 13:00:00,1.650754139693096,15.638357970400747,False,False
M0002,G02,2025-01-20 14:00:00,2.0181483233361037,16.912790295852627,False,False
M0002,G02,2025-01-20 15:00:00,2.4407454476034767,16.02919489376373,False,False
M0002,G02,2025-01-20 16:00:00,2.3674345657314286,15.659652556103772,False,False
M0002,G02,2025-01-20 17:00:00,1.922743318342767,16.193611778312604,False,False
M0002,G02,2025-01-20 18:00:00,2.460214727963449,17.201862551481927,False,False
M0002,G02,2025-01-20 19:00:00,1.728227950139155,13.895951655404877,False,False
M0002,G02,2025-01-20 20:00:00,2.2293286620880455,14.980046241939817,False,False
M0002,G02,2025-01-20 21:00:00,2.554657868344031,11.619888634689064,False,False
M0002,G02,2025-01-20 22:00:00,2.2085100430020623,13.909545422046774,False,False
M0002,G02,2025-01-20 23:00:00,2.014014634682416,15.406501070085989,False,False
M0002,G02,2025-01-21 00:00:00,2.2802423558905027,12.5477721758885,False,False
M0002,G02,2025-01-21 01:00:00,2.212729268683201,13.561610896024723,False,False
M0002,G02,2025-01-21 02:00:00,2.2004438441382925,11.595572298979409,False,False
M0002,G02,2025-01-21 03:00:00,2.024233969572061,12.622502149738974,False,False
M0002,G02,2025-01-21 04:00:00,2.0004087961252406,13.45387798450906,False,False
M0002,G02,2025-01-21 05:00:00,1.879036349750123,13.181738934496819,False,False
M0002,G02,2025-01-21 06:00:00,1.7569356300049968,11.846111739406465,False,False
M0002,G02,2025-01-21 07:00:00,1.7152849658748408,14.65106059389671,False,False
M0002,G02,2025-01-21 08:00:00,1.6642648047204982,13.020353511016996,False,False
M0002,G02,2025-01-21 09:00:00,1.49846048211332,15.01552560128241,False,False
M0002,G02,2025-01-21 10:00:00,1.596430538301443,17.520059388540513,False,False
M0002,G02,2025-01-21 11:00:00,1.8007735544425318,17.245610589345926,False,False
M0002,G02,2025-01-21 12:00:00,1.9914078854318458,16.80255067909132,False,False
M0002,G02,2025-01-21 13:00:00,2.3550533918290433,17.182600160656428,False,False
M0002,G02,2025-01-21 14:00:00,2.0838056367660154,16.504163990716417,False,False
M0002,G02,2025-01-21 15:00:00,2.419577344610703,18.37031341748302,False,False
M0002,G02,2025-01-21 16:00:00,2.5069662399717925,14.621083751450106,False,False
M0002,G02,2025-01-21 17:00:00,2.210237709550228,15.626178899948577,False,False
M0002,G02,2025-01-21 18:00:00,2.458032534236509,12.509449220165227,False,False
M0002,G02,2025-01-21 19:00:00,2.2394537752877843,13.367871737927768,False,False
M0002,G02,2025-01-21 20:00:00,2.6445050983205776,16.634099019767852,False,False
M0002,G02,2025-01-21 21:00:00,2.424544176668429,14.286339745465748,False,False
M0002,G02,2025-01-21 22:00:00,1.8990861527961407,12.663962935269346,False,False
M0002,G02,2025-01-21 23:00:00,2.1808185138887692,11.052959271724509,False,False
M0002,G02,2025-01-22 00:00:00,2.465458244554116,9.28072197617908,False,False
M0002,G02,2025-01-22 01:00:00,1.9463259586419668,11.997124534051665,False,False
M0002,G02,2025-01-22 02:00:00,2.0100793916599042,14.685411353168199,False,False
M0002,G02,2025-01-22 03:00:00,1.9555398911692197,11.926712819385227,False,False
M0002,G02,2025-01-22 04:00:00,1.5625638641123745,11.52483594387207,False,False
M0002,G02,2025-01-22 05:00:00,1.8357694085004095,13.863038916631496,False,False
M0002,G02,2025-01-22 06:00:00,1.428043051945637,11.233993984077678,False,False
M0002,G02,2025-01-22 07:00:00,1.5749478682294333,13.277288649511709,False,False
M0002,G02,2025-01-22 08:00:00,1.9283985685147929,13.83684375609056,False,False
M0002,G02,2025-01-22 09:00:00,1.8198955587467558,16.048196567280506,False,False
M0002,G02,2025-01-22 10:00:00,1.7345277500341767,17.239970126174747,False,False
M0002,G02,2025-01-22 11:00:00,1.960910988525729,17.194435174521008,False,False
M0002,G02,2025-01-22 12:00:00,1.9249357775886893,18.07906338401442,False,False
M0002,G02,2025-01-22 13:00:00,2.0206806164465076,16.505267967251456,False,False
M0002,G02,2025-01-22 14:00:00,2.256634558248249,18.083360021936887,False,False
M0002,G02,2025-01-22 15:00:00,1.9836486537557654,18.915802810244355,False,False
M0002,G02,2025-01-22 16:00:00,2.2388779674079147,15.415247863017331,False,False
M0002,G02,2025-01-22 17:00:00,2.190758646113281,16.64804850275039,False,False
M0002,G02,2025-01-22 18:00:00,1.8745861592003825,17.759043178667994,False,False
M0002,G02,2025-01-22 19:00:00,2.0591096142668093,14.813680567480507,False,False
M0002,G02,2025-01-22 20:00:00,2.7127491533486148,16.545480016997004,False,False
M0002,G02,2025-01-22 21:00:00,2.3604765331495043,12.944621033478914,False,False
M0002,G02,2025-01-22 22:00:00,1.8664746962353398,15.876454010253461,False,False
M0002,G02,2025-01-22 23:00:00,1.757052450506408,12.6876274387306,False,False
M0002,G02,2025-01-23 00:00:00,2.0423906552101694,13.194092143013867,False,False
M0002,G02,2025-01-23 01:00:00,2.353033652893818,14.794574223329278,False,False
M0002,G02,2025-01-23 02:00:00,1.8702943212035401,12.056998047345987,False,False
M0002,G02,2025-01-23 03:00:00,2.120873605028876,11.301812263253696,False,False
M0002,G02,2025-01-23 04:00:00,1.8524981557857947,12.100798831509382,False,False
M0002,G02,2025-01-23 05:00:00,1.8294777545107164,13.545551587538341,False,False
M0002,G02,2025-01-23 06:00:00,1.4409477198987646,11.381478217096127,False,False
M0002,G02,2025-01-23 07:00:00,1.8867950581837987,14.69191410371669,False,False
M0002,G02,2025-01-23 08:00:00,1.6477374687790831,14.892007953860672,False,False
M0002,G02,2025-01-23 09:00:00,1.9249641642769855,16.768892837470496,False,False
M0002,G02,2025-01-23 10:00:00,1.6290017516150888,12.782727847604544,False,False
M0002,G02,2025-01-23 11:00:00,1.904042012797778,15.364477572587107,False,False
M0002,G02,2025-01-23 12:00:00,2.0200779301241063,15.490225416505282,False,False
M0002,G02,2025-01-23 13:00:00,1.9832603797962045,16.559880870844662,False,False
M0002,G02,2025-01-23 14:00:00,2.196927724133413,17.876102018623357,False,False
M0002,G02,2025-01-23 15:00:00,2.1022666419831384,16.869720363904566,False,False
M0002,G02,2025-01-23 16:00:00,2.061409077046185,16.946430009986447,False,False
M0002,G02,2025-01-23 17:00:00,2.7023702899357738,16.053702893011465,False,False
M0002,G02,2025-01-23 18:00:00,2.5846374778140104,16.16299722124754,False,False
M0002,G02,2025-01-23 19:00:00,2.104043025357639,14.720444954296942,False,False
M0002,G02,2025-01-23 20:00:00,2.4473511415101843,16.08409675671489,False,False
M0002,G02,2025-01-23 21:00:00,2.065016339823995,14.455934976907374,False,False
M0002,G02,2025-01-23 22:00:00,1.9040385218745872,13.583020646909528,False,False
M0002,G02,2025-01-23 23:00:00,2.4031869405048583,13.75316260291835,False,False
M0002,G02,2025-01-24 00:00:00,1.6593027682038042,14.023390488412263,False,False
M0002,G02,2025-01-24 01:00:00,2.207731025615862,14.039177024888327,False,False
M0002,G02,2025-01-24 02:00:00,1.8573389838642846,12.504339674090453,False,False
M0002,G02,2025-01-24 03:00:00,1.7963290266255145,11.498350116057477,False,False
M0002,G02,2025-01-24 04:00:00,1.8662905197312545,11.583224106915491,False,False
M0002,G02,2025-01-24 05:00:00,1.8535063921838537,11.780989842876318,False,False
M0002,G02,2025-01-24 06:00:00,1.5439566708635775,12.016065892728477,False,False
M0002,G02,2025-01-24 07:00:00,1.8449093941680306,12.989183851105206,False,False
M0002,G02,2025-01-24 08:00:00,1.7391557047237949,14.888473281773912,False,False
M0002,G02,2025-01-24 09:00:00,1.4936916178078006,15.750260193206481,False,False
M0002,G02,2025-01-24 10:00:00,1.7661070395603928,15.54982798740373,False,False
M0002,G02,2025-01-24 11:00:00,2.1684093981268453,16.208745635880312,False,False
M0002,G02,2025-01-24 12:00:00,2.322385537854508,18.591407279427703,False,False
M0002,G02,2025-01-24 13:00:00,2.1908288988243125,18.693383137063357,False,False
M0002,G02,2025-01-24 14:00:00,1.8079900950215175,16.507740992529754,False,False
M0002,G02,2025-01-24 15:00:00,2.2962380207236532,16.750460477985307,False,False
M0002,G02,2025-01-24 16:00:00,2.4543725217621595,18.13085265192853,False,False
M0002,G02,2025-01-24 17:00:00,2.470951817572131,16.447420433298117,False,False
M0002,G02,2025-01-24 18:00:00,2.516058659252838,14.48652012236122,False,False
M0002,G02,2025-01-24 19:00:00,2.409432069712483,15.477024192488047,False,False
M0002,G02,2025-01-24 20:00:00,2.277792596257545,16.205204513341602,False,False
M0002,G02,2025-01-24 21:00:00,2.10248018805703,14.205252871532894,False,False
M0002,G02,2025-01-24 22:00:00,1.7216565304004674,13.115320084308044,False,False
M0002,G02,2025-01-24 23:00:00,2.231511385320109,12.703095777156493,False,False
M0002,G02,2025-01-25 00:00:00,2.4533151650273544,14.121685907363519,True,False
M0002,G02,2025-01-25 01:00:00,2.4595352200587794,14.714001020899033,True,False
M0002,G02,2025-01-25 02:00:00,1.8719492430334856,12.823167146654981,True,False
M0002,G02,2025-01-25 03:00:00,2.2957480527667165,12.664424483649988,True,False
M0002,G02,2025-01-25 04:00:00,2.5598120813542495,10.330602985885276,True,False
M0002,G02,2025-01-25 05:00:00,2.03039555248008,11.931787939968872,True,False
M0002,G02,2025-01-25 06:00:00,9.007971418521784,13.815569255520312,True,False
M0002,G02,2025-01-25 07:00:00,2.044369780551093,13.322667870108454,True,False
M0002,G02,2025-01-25 08:00:00,2.461745583098702,16.596384479228586,True,False
M0002,G02,2025-01-25 09:00:00,1.7864789154274896,18.222442178613598,True,False
M0002,G02,2025-01-25 10:00:00,2.1381749624285833,14.895064259358355,True,False
M0002,G02,2025-01-25 11:00:00,1.9623499349262292,16.4517819419794,True,False
M0002,G02,2025-01-25 12:00:00,2.1075019067511223,17.87873849124899,True,False
M0002,G02,2025-01-25 13:00:00,2.3296756865368846,19.854999598469334,True,False
M0002,G02,2025-01-25 14:00:00,2.8169487087711476,15.841796446209491,True,False
M0002,G02,2025-01-25 15:00:00,3.046875836973403,17.331965479178436,True,False
M0002,G02,2025-01-25 16:00:00,2.7233101099556913,19.207700016197148,True,False
M0002,G02,2025-01-25 17:00:00,2.5243702613723618,14.616184239697628,True,False
M0002,G02,2025-01-25 18:00:00,3.4492349565313725,15.246755543498132,True,False
M0002,G02,2025-01-25 19:00:00,2.5455103346848995,15.767650667536996,True,False
M0002,G02,2025-01-25 20:00:00,2.4852538235206927,14.43866771719398,True,False
M0002,G02,2025-01-25 21:00:00,2.079757523538207,16.184472399346923,True,False
M0002,G02,2025-01-25 22:00:00,2.9817508033425475,14.865165318054244,True,False
M0002,G02,2025-01-25 23:00:00,2.769278143307211,11.364916991050022,True,False
M0002,G02,2025-01-26 00:00:00,3.0821313290357066,13.354929003436961,True,False
M0002,G02,2025-01-26 01:00:00,1.9365080822132965,12.992273009356925,True,False
M0002,G02,2025-01-26 02:00:00,2.5987348051498502,14.311273900003888,True,False
M0002,G02,2025-01-26 03:00:00,2.154621467810775,12.20760890395712,True,False
M0002,G02,2025-01-26 04:00:00,2.261151101565824,12.21364155320154,True,False
M0002,G02,2025-01-26 05:00:00,1.6265165280656475,13.749141732039076,True,False
M0002,G02,2025-01-26 06:00:00,2.322691795946356,14.243637978835284,True,False
M0002,G02,2025-01-26 07:00:00,2.1565666378189636,15.519551700934393,True,False
M0002,G02,2025-01-26 08:00:00,1.9825805843784499,12.898028607378526,True,False
M0002,G02,2025-01-26 09:00:00,2.184030008914261,18.13490047035722,True,False
M0002,G02,2025-01-26 10:00:00,1.9038640942352447,14.778239461873087,True,False
M0002,G02,2025-01-26 11:00:00,2.0200477233045833,16.733852964570204,True,False
M0002,G02,2025-01-26 12:00:00,2.1316235131231696,16.02409745997755,True,False
M0002,G02,2025-01-26 13:00:00,1.8381970681769955,19.027503797446602,True,False
M0002,G02,2025-01-26 14:00:00,2.681663834999193,16.876822058491367,True,False
M0002,G02,2025-01-26 15:00:00,2.8706513404958414,16.474220110692286,True,False
M0002,G02,2025-01-26 16:00:00,2.378380792760205,17.41231987969923,True,False
M0002,G02,2025-01-26 17:00:00,2.750612226743314,17.03143052132119,True,False
M0002,G02,2025-01-26 18:00:00,2.5914282368805495,15.288865888948344,True,False
M0002,G02,2025-01-26 19:00:00,2.784776857686564,16.753385221796243,True,False
M0002,G02,2025-01-26 20:00:00,2.470204645552363,14.842153126316859,True,False
M0002,G02,2025-01-26 21:00:00,2.355228215188605,13.582513700392209,True,False
M0002,G02,2025-01-26 22:00:00,2.8816832298897808,13.724044069359202,True,False
M0002,G02,2025-01-26 23:00:00,2.471947333297662,12.532482944261194,True,False
M0002,G02,2025-01-27 00:00:00,2.5683373636864957,13.468813455949197,False,False
M0002,G02,2025-01-27 01:00:00,2.0090029012097395,12.62740320008911,False,False
M0002,G02,2025-01-27 02:00:00,1.712062283204078,12.642980440597706,False,False
M0002,G02,2025-01-27 03:00:00,2.1120843544522754,15.151412306314983,False,False
M0002,G02,2025-01-27 04:00:00,1.918075395724094,12.446581425186238,False,False
M0002,G02,2025-01-27 05:00:00,1.88875580775057,11.39145937590485,False,False
M0002,G02,2025-01-27 06:00:00,1.9523074668493026,16.166321525315663,False,False
M0002,G02,2025-01-27 07:00:00,1.5772899927991717,18.048035712086357,False,False
M0002,G02,2025-01-27 08:00:00,1.6960738089566667,15.253590063726314,False,False
M0002,G02,2025-01-27 09:00:00,1.7205788991869684,13.877826644013508,False,False
M0002,G02,2025-01-27 10:00:00,1.534945232794291,16.162978404912245,False,False
M0002,G02,2025-01-27 11:00:00,1.8152931816020301,16.7422344772936,False,False
M0002,G02,2025-01-27 12:00:00,2.2520623300601175,17.012532032375322,False,False
M0002,G02,2025-01-27 13:00:00,2.0838480595033424,16.773713661677284,False,False
M0002,G02,2025-01-27 14:00:00,1.775193383807393,18.63262211523511,False,False
M0002,G02,2025-01-27 15:00:00,1.7826943236530073,18.196792872053507,False,False
M0002,G02,2025-01-27 16:00:00,2.6746513484928993,15.52481068732155,False,False
M0002,G02,2025-01-27 17:00:00,2.260764033326375,17.485759998414757,False,False
M0002,G02,2025-01-27 18:00:00,2.137069652129991,19.686798980259585,False,False
M0002,G02,2025-01-27 19:00:00,2.2442532104473787,16.376865177752585,False,False
M0002,G02,2025-01-27 20:00:00,1.9067445134345364,14.647966127037074,False,False
M0002,G02,2025-01-27 21:00:00,2.647339902758218,15.070978736061598,False,False
M0002,G02,2025-01-27 22:00:00,2.1167145010032433,14.692240046771003,False,False
M0002,G02,2025-01-27 23:00:00,2.496653284976173,10.936333138224771,False,False
M0002,G02,2025-01-28 00:00:00,2.0925349182259687,14.198835872585152,False,False
M0002,G02,2025-01-28 01:00:00,2.3342195025178616,12.50409959400282,False,False
M0002,G02,2025-01-28 02:00:00,1.9792822053697103,15.16895986430678,False,False
M0002,G02,2025-01-28 03:00:00,2.03364570052282,13.05278755774989,False,False
M0002,G02,2025-01-28 04:00:00,1.9385641160720324,16.063715629141303,False,False
M0002,G02,2025-01-28 05:00:00,1.86969743611558,12.573782248992298,False,False
M0002,G02,2025-01-28 06:00:00,1.7855707265019019,14.511171830954655,False,False
M0002,G02,2025-01-28 07:00:00,1.6627879022656389,15.664190599713182,False,False
M0002,G02,2025-01-28 08:00:00,2.10895356500385,14.37066783429532,False,False
M0002,G02,2025-01-28 09:00:00,1.571482649531334,17.459904329949282,False,False
M0002,G02,2025-01-28 10:00:00,1.8101690213215471,18.360482137062895,False,False
M0002,G02,2025-01-28 11:00:00,1.8781990155566908,15.917718552737039,False,False
M0002,G02,2025-01-28 12:00:00,2.041809295068163,15.969410210399138,False,False
M0002,G02,2025-01-28 13:00:00,1.928039563981047,19.022057463943767,False,False
M0002,G02,2025-01-28 14:00:00,2.185963772514247,17.8610718243856,False,False
M0002,G02,2025-01-28 15:00:00,2.137770134099375,18.575501977568216,False,False
M0002,G02,2025-01-28 16:00:00,1.8276802298556762,17.213297487012138,False,False
M0002,G02,2025-01-28 17:00:00,2.289854779435678,15.833079885600059,False,False
M0002,G02,2025-01-28 18:00:00,2.0169038526400533,14.606232116810748,False,False
M0002,G02,2025-01-28 19:00:00,1.8508994265499208,16.993691908959313,False,False
M0002,G02,2025-01-28 20:00:00,2.343530190781161,14.392280744090437,False,False
M0002,G02,2025-01-28 21:00:00,2.402016336738343,11.60905068848158,False,False
M0002,G02,2025-01-28 22:00:00,2.3574843034972743,15.009708889111874,False,False
M0002,G02,2025-01-28 23:00:00,2.2979486806244576,14.664373787297949,False,False
M0002,G02,2025-01-29 00:00:00,1.612405382505966,13.206630508347345,False,False
M0002,G02,2025-01-29 01:00:00,1.6843007801143153,11.971383291490246,False,False
M0002,G02,2025-01-29 02:00:00,2.3670960885249976,13.655743012366907,False,False
M0002,G02,2025-01-29 03:00:00,1.6250492676671195,13.676570710192381,False,False
M0002,G02,2025-01-29 04:00:00,1.9180620904665975,16.148985234105822,False,False
M0002,G02,2025-01-29 05:00:00,1.6048274544405503,14.999281489668197,False,False
M0002,G02,2025-01-29 06:00:00,1.7337261627677325,15.632320441740406,False,False
M0002,G02,2025-01-29 07:00:00,1.5846145113422883,15.508815909946257,False,False
M0002,G02,2025-01-29 08:00:00,1.83851492646246,16.430505576749837,False,False
M0002,G02,2025-01-29 09:00:00,1.7876328754190147,15.855367538926743,False,False
M0002,G02,2025-01-29 10:00:00,1.7164389579632093,17.6965733070306,False,False
M0002,G02,2025-01-29 11:00:00,1.6468416047801584,17.68097718546013,False,False
M0002,G02,2025-01-29 12:00:00,2.0133523628502386,17.269931318085824,False,False
M0002,G02,2025-01-29 13:00:00,1.7443185505103198,17.292512697313136,False,False
M0002,G02,2025-01-29 14:00:00,2.2161473201005633,20.098276457950302,False,False
M0002,G02,2025-01-29 15:00:00,2.852667543550423,20.67342811264031,False,False
M0002,G02,2025-01-29 16:00:00,2.5980123473876997,17.454663524459228,False,False
M0002,G02,2025-01-29 17:00:00,2.4818725667171915,16.93932117990007,False,False
M0002,G02,2025-01-29 18:00:00,2.2936808003606943,17.38882630805459,False,False
M0002,G02,2025-01-29 19:00:00,1.7974883281169443,16.29369945775195,False,False
M0002,G02,2025-01-29 20:00:00,1.9526766082089577,17.77047227024507,False,False
M0002,G02,2025-01-29 21:00:00,2.615810662218607,12.690037596436852,False,False
M0002,G02,2025-01-29 22:00:00,2.018320142078475,13.948952706036692,False,False
M0002,G02,2025-01-29 23:00:00,1.9814301830694592,13.705952746632379,False,False
M0002,G02,2025-01-30 00:00:00,2.044296150315647,10.465671275163318,False,False
M0002,G02,2025-01-30 01:00:00,1.756178844662703,12.806250247271786,False,False
M0002,G02,2025-01-30 02:00:00,1.650086234662419,12.254528283654082,False,False
M0002,G02,2025-01-30 03:00:00,1.8425890608784072,12.08581225096835,False,False
M0002,G02,2025-01-30 04:00:00,1.6058024811944316,14.106410789538314,False,False
M0002,G02,2025-01-30 05:00:00,1.595602901692548,13.429101459845445,False,False
M0002,G02,2025-01-30 06:00:00,1.5628220647506696,13.778635149970906,False,False
M0002,G02,2025-01-30 07:00:00,1.817541908200508,15.341506720457613,False,False
M0002,G02,2025-01-30 08:00:00,1.680512393021676,17.35119169931745,False,False
M0002,G02,2025-01-30 09:00:00,1.724784578674982,16.451368774761765,False,False
M0002,G02,2025-01-30 10:00:00,1.9396682275789696,15.522765331864354,False,False
M0002,G02,2025-01-30 11:00:00,1.8479449235247836,18.424309027003577,False,False
M0002,G02,2025-01-30 12:00:00,1.8910077494066027,18.051437931991043,False,False
M0002,G02,2025-01-30 13:00:00,2.1460874667642447,18.823659636304875,False,False
M0002,G02,2025-01-30 14:00:00,2.278033764340495,18.497787222387114,False,False
M0002,G02,2025-01-30 15:00:00,2.1480791661812733,18.456836276387982,False,False
M0002,G02,2025-01-30 16:00:00,2.2678876812914557,17.62792288124984,False,False
M0002,G02,2025-01-30 17:00:00,2.083134109658239,17.41245809575523,False,False
M0002,G02,2025-01-30 18:00:00,2.0863539955309034,18.012872065153463,False,False
M0002,G02,2025-01-30 19:00:00,2.5349601189104543,15.171741341872618,False,False
M0002,G02,2025-01-30 20:00:00,2.4318978147958563,14.637853245257165,False,False
M0002,G02,2025-01-30 21:00:00,2.3986920849510214,16.149199795077717,False,False
M0002,G02,2025-01-30 22:00:00,2.298833729432705,14.313485225208161,False,False
M0002,G02,2025-01-30 23:00:00,2.1716674388875408,12.713482042445833,False,False
M0002,G02,2025-01-31 00:00:00,2.2567206805666995,13.95109948509665,False,False
M0002,G02,2025-01-31 01:00:00,2.2262364032729707,15.269823164486123,False,False
M0002,G02,2025-01-31 02:00:00,2.133327771293362,10.543001085278709,False,False
M0002,G02,2025-01-31 03:00:00,1.8338123418936705,11.898712552646003,False,False
M0002,G02,2025-01-31 04:00:00,2.0850524301636346,12.594439081418631,False,False
M0002,G02,2025-01-31 05:00:00,1.7953947748322783,17.307495476088054,False,False
M0002,G02,2025-01-31 06:00:00,1.8487819840646533,15.216254748729952,False,False
M0002,G02,2025-01-31 07:00:00,1.7715211680535843,17.218364905828057,False,False
M0002,G02,2025-01-31 08:00:00,1.779193338076835,14.706011485827286,False,False
M0002,G02,2025-01-31 09:00:00,1.6120405972215879,15.605264137381731,False,False
M0002,G02,2025-01-31 10:00:00,1.9640327418242527,17.298710178427225,False,False
M0002,G02,2025-01-31 11:00:00,2.5062709961106844,17.78617560833758,False,False
M0002,G02,2025-01-31 12:00:00,1.8711288760113296,19.100833181675274,False,False
M0002,G02,2025-01-31 13:00:00,2.0535667371167134,19.15462704627107,False,False
M0002,G02,2025-01-31 14:00:00,2.0053779798005325,19.116779614766294,False,False
M0002,G02,2025-01-31 15:00:00,2.063445623543282,19.46843340238791,False,False
M0002,G02,2025-01-31 16:00:00,2.6549554355140996,19.59076468564707,False,False
M0002,G02,2025-01-31 17:00:00,2.114694044155957,19.721893315214682,False,False
M0002,G02,2025-01-31 18:00:00,2.1935781036093247,15.448648252259954,False,False
M0002,G02,2025-01-31 19:00:00,1.8970932278821655,15.317452455855786,False,False
M0002,G02,2025-01-31 20:00:00,2.109722187122572,17.131412129907353,False,False
M0002,G02,2025-01-31 21:00:00,1.8253854925876298,16.567007336241794,False,False
M0002,G02,2025-01-31 22:00:00,2.392796052395549,13.092241705922085,False,False
M0002,G02,2025-01-31 23:00:00,2.86941658803626,13.33795864914052,False,False
M0003,G03,2025-01-01 00:00:00,12.79548739328864,9.343849827369608,False,True
M0003,G03,2025-01-01 01:00:00,11.997612037695374,6.916938711991281,False,True
M0003,G03,2025-01-01 02:00:00,12.057893140541456,9.814719033567727,False,True
M0003,G03,2025-01-01 03:00:00,11.360141181843455,9.036161594477319,False,True
M0003,G03,2025-01-01 04:00:00,10.68802806412307,6.487295334424531,False,True
M0003,G03,2025-01-01 05:00:00,10.146453681487879,8.264972040667208,False,True
M0003,G03,2025-01-01 06:00:00,10.408883617766474,10.27059442272009,False,True
M0003,G03,2025-01-01 07:00:00,10.008271037895367,10.484283360377583,False,True
M0003,G03,2025-01-01 08:00:00,10.106095605349232,11.162977572088437,False,True
M0003,G03,2025-01-01 09:00:00,11.11229494572784,11.423929787613751,False,True
M0003,G03,2025-01-01 10:00:00,9.825162493829017,13.983288965673278,False,True
M0003,G03,2025-01-01 11:00:00,10.658666987141437,14.139849575057932,False,True
M0003,G03,2025-01-01 12:00:00,11.675045751432643,13.923735032644315,False,True
M0003,G03,2025-01-01 13:00:00,11.757434243699706,15.358377588739085,False,True
M0003,G03,2025-01-01 14:00:00,11.922878211677862,14.056941251481998,False,True
M0003,G03,2025-01-01 15:00:00,12.87279995069198,11.927375951870106,False,True
M0003,G03,2025-01-01 16:00:00,11.58149140643844,14.033407310734395,False,True
M0003,G03,2025-01-01 17:00:00,12.767614552544371,12.105814244840271,False,True
M0003,G03,2025-01-01 18:00:00,13.083484411084195,14.065038154590997,False,True
M0003,G03,2025-01-01 19:00:00,13.598835990319708,11.33463767950314,False,True
M0003,G03,2025-01-01 20:00:00,13.787211988357926,10.540611431560093,False,True
M0003,G03,2025-01-01 21:00:00,14.280530985639297,9.981448864565841,False,True
M0003,G03,2025-01-01 22:00:00,11.972226728136175,11.39712790943528,False,True
M0003,G03,2025-01-01 23:00:00,12.987682901500284,8.319578660718495,False,True
M0003,G03,2025-01-02 00:00:00,13.348355515229672,8.875917960145353,False,False
M0003,G03,2025-01-02 01:00:00,12.563623458570987,7.60383449052206,False,False
M0003,G03,2025-01-02 02:00:00,12.946631880598044,9.033563521052413,False,False
M0003,G03,2025-01-02 03:00:00,11.885370117588701,10.06697977226936,False,False
M0003,G03,2025-01-02 04:00:00,11.064482012413672,10.610075907682733,False,False
M0003,G03,2025-01-02 05:00:00,11.966560145285243,9.508810840732194,False,False
M0003,G03,2025-01-02 06:00:00,9.423960141912435,12.52270212666329,False,False
M0003,G03,2025-01-02 07:00:00,10.83367163848474,10.253986403446596,False,False
M0003,G03,2025-01-02 08:00:00,10.905782316225157,11.643342963230022,False,False
M0003,G03,2025-01-02 09:00:00,10.76804085944042,10.79150663927173,False,False
M0003,G03,2025-01-02 10:00:00,11.251670608025494,13.118154069899038,False,False
M0003,G03,2025-01-02 11:00:00,10.426784774668395,15.264317257787953,False,False
M0003,G03,2025-01-02 12:00:00,12.478796500047292,13.2083527582412,False,False
M0003,G03,2025-01-02 13:00:00,13.262710182053631,13.135148422175948,False,False
M0003,G03,2025-01-02 14:00:00,13.580956246784687,12.139471832939382,False,False
M0003,G03,2025-01-02 15:00:00,11.831248309931667,14.477330313391231,False,False
M0003,G03,2025-01-02 16:00:00,12.971277838125841,13.594590870067108,False,False
M0003,G03,2025-01-02 17:00:00,14.312597564632728,13.259255958779836,False,False
M0003,G03,2025-01-02 18:00:00,14.34466393084953,12.23840980315478,False,False
M0003,G03,2025-01-02 19:00:00,12.330743635631801,12.268109279218093,False,False
M0003,G03,2025-01-02 20:00:00,15.21032618627968,11.34789087501747,False,False
M0003,G03,2025-01-02 21:00:00,14.324734269452733,10.60842466565314,False,False
M0003,G03,2025-01-02 22:00:00,13.080994161285584,11.05280727124227,False,False
M0003,G03,2025-01-02 23:00:00,14.106678512747608,10.018525063438682,False,False
M0003,G03,2025-01-03 00:00:00,12.248364993958022,10.661641475377145,False,False
M0003,G03,2025-01-03 01:00:00,12.480706894828305,7.8742575815366855,False,False
M0003,G03,2025-01-03 02:00:00,12.307512558550615,8.951613297217664,False,False
M0003,G03,2025-01-03 03:00:00,12.3944891424913,9.942830032299169,False,False
M0003,G03,2025-01-03 04:00:00,12.609281257182637,7.557468554652049,False,False
M0003,G03,2025-01-03 05:00:00,11.152124139324918,9.57086631458932,False,False
M0003,G03,2025-01-03 06:00:00,11.082526955047431,9.83987356383301,False,False
M0003,G03,2025-01-03 07:00:00,11.324690448543922,9.954415643776072,False,False
M0003,G03,2025-01-03 08:00:00,10.200654422610247,10.926953306455479,False,False
M0003,G03,2025-01-03 09:00:00,10.790055307319658,13.838777047290915,False,False
M0003,G03,2025-01-03 10:00:00,10.882133901861463,12.305924442000567,False,False
M0003,G03,2025-01-03 11:00:00,11.457214994305009,14.084247617944376,False,False
M0003,G03,2025-01-03 12:00:00,12.378756657194485,11.63476702787124,False,False
M0003,G03,2025-01-03 13:00:00,12.738246948749321,13.625174242660039,False,False
M0003,G03,2025-01-03 14:00:00,12.524882907970232,14.996029748984324,False,False
M0003,G03,2025-01-03 15:00:00,11.022946208083662,14.488677840156734,False,False
M0003,G03,2025-01-03 16:00:00,13.239501894463249,15.01848933913909,False,False
M0003,G03,2025-01-03 17:00:00,13.772825619723,14.856323942759877,False,False
M0003,G03,2025-01-03 18:00:00,14.595533424524517,12.320203386727638,False,False
M0003,G03,2025-01-03 19:00:00,14.400966476557171,11.507416577941529,False,False
M0003,G03,2025-01-03 20:00:00,15.088502294623469,12.385594827405566,False,False
M0003,G03,2025-01-03 21:00:00,14.457636677600428,10.516026236185557,False,False
M0003,G03,2025-01-03 22:00:00,14.530692359192312,9.166846948203998,False,False
M0003,G03,2025-01-03 23:00:00,14.610885423541863,8.508343984778302,False,False
M0003,G03,2025-01-04 00:00:00,14.117329073419672,8.524244580582117,True,False
M0003,G03,2025-01-04 01:00:00,12.462734323744282,9.29417255061214,True,False
M0003,G03,2025-01-04 02:00:00,11.09853506525525,8.862171823257274,True,False
M0003,G03,2025-01-04 03:00:00,11.260421161437648,11.160497250207355,True,False
M0003,G03,2025-01-04 04:00:00,12.245847562851637,8.908326430950932,True,False
M0003,G03,2025-01-04 05:00:00,11.180888320403364,9.710100657196723,True,False
M0003,G03,2025-01-04 06:00:00,11.183731588227403,11.891264034215666,True,False
M0003,G03,2025-01-04 07:00:00,11.215660852363115,10.797646792581402,True,False
M0003,G03,2025-01-04 08:00:00,11.608919582466138,12.512213722161366,True,False
M0003,G03,2025-01-04 09:00:00,11.382376179554663,11.458718924495766,True,False
M0003,G03,2025-01-04 10:00:00,12.033244571982362,12.330004817493725,True,False
M0003,G03,2025-01-04 11:00:00,12.41096922699951,12.899894272579942,True,False
M0003,G03,2025-01-04 12:00:00,13.99066563872554,11.713692828265147,True,False
M0003,G03,2025-01-04 13:00:00,11.554526992140211,14.630223816615633,True,False
M0003,G03,2025-01-04 14:00:00,13.088545438128381,13.759739708938254,True,False
M0003,G03,2025-01-04 15:00:00,13.935639819489015,15.030045103777985,True,False
M0003,G03,2025-01-04 16:00:00,14.929838860025706,14.459965011311008,True,False
M0003,G03,2025-01-04 17:00:00,14.82160078390918,12.811521821757363,True,False
M0003,G03,2025-01-04 18:00:00,14.178068970337186,13.676475393035247,True,False
M0003,G03,2025-01-04 19:00:00,14.875424668257637,13.573623076559361,True,False
M0003,G03,2025-01-04 20:00:00,15.454987071544682,11.600231121699748,True,False
M0003,G03,2025-01-04 21:00:00,14.567016754992094,10.526852040911939,True,False
M0003,G03,2025-01-04 22:00:00,15.2223685533459,8.695757915125856,True,False
M0003,G03,2025-01-04 23:00:00,15.564099537628643,7.79969734634127,True,False
M0003,G03,2025-01-05 00:00:00,15.52619586347998,7.401534382652904,True,False
M0003,G03,2025-01-05 01:00:00,13.887992822221978,8.045045746251228,True,False
M0003,G03,2025-01-05 02:00:00,12.352632937285497,9.856233478400268,True,False
M0003,G03,2025-01-05 03:00:00,12.512184618600468,7.393274003341271,True,False
M0003,G03,2025-01-05 04:00:00,12.183264433296149,8.637302967135028,True,False
M0003,G03,2025-01-05 05:00:00,10.802118835699165,11.6272159726808,True,False
M0003,G03,2025-01-05 06:00:00,11.350116966690775,9.949137833444524,True,False
M0003,G03,2025-01-05 07:00:00,10.17051434663388,12.26611789168996,True,False
M0003,G03,2025-01-05 08:00:00,12.281735811781418,10.10306580704658,True,False
M0003,G03,2025-01-05 09:00:00,10.589041609138718,12.58832060430451,True,False
M0003,G03,2025-01-05 10:00:00,11.76698871647764,11.348835172289917,True,False
M0003,G03,2025-01-05 11:00:00,11.81388851277871,14.013035599567221,True,False
M0003,G03,2025-01-05 12:00:00,13.451151917204033,14.146295318933525,True,False
M0003,G03,2025-01-05 13:00:00,13.298715988959739,11.626494109412858,True,False
M0003,G03,2025-01-05 14:00:00,12.526754105843574,15.060734960483655,True,False
M0003,G03,2025-01-05 15:00:00,12.988853851692777,15.362955100982935,True,False
M0003,G03,2025-01-05 16:00:00,15.379258763553738,13.440346267395743,True,False
M0003,G03,2025-01-05 17:00:00,12.79308198248186,12.144667674504133,True,False
M0003,G03,2025-01-05 18:00:00,13.824134915740022,13.176065046805885,True,False
M0003,G03,2025-01-05 19:00:00,17.173882747051692,11.329198321534857,True,False
M0003,G03,2025-01-05 20:00:00,15.132426367415322,11.864883466218668,True,False
M0003,G03,2025-01-05 21:00:00,13.972716066979851,10.603961288593904,True,False
M0003,G03,2025-01-05 22:00:00,13.865198889448644,11.863520872409374,True,False
M0003,G03,2025-01-05 23:00:00,14.026862033013757,9.976621940438589,True,False
M0003,G03,2025-01-06 00:00:00,13.959936173839832,8.032860653873675,False,False
M0003,G03,2025-01-06 01:00:00,13.400120686045629,9.94780334511158,False,False
M0003,G03,2025-01-06 02:00:00,12.231613856829043,9.10079479018056,False,False
M0003,G03,2025-01-06 03:00:00,10.67755473234868,11.352112180149222,False,False
M0003,G03,2025-01-06 04:00:00,11.275783303233764,10.580438846679908,False,False
M0003,G03,2025-01-06 05:00:00,10.103291859999624,11.351496230363356,False,False
M0003,G03,2025-01-06 06:00:00,9.572076305777648,12.655533062777998,False,False
M0003,G03,2025-01-06 07:00:00,9.771186726489178,10.532038314078338,False,False
M0003,G03,2025-01-06 08:00:00,10.011403478597712,10.842184948012697,False,False
M0003,G03,2025-01-06 09:00:00,10.524667490346028,11.550938298716746,False,False
M0003,G03,2025-01-06 10:00:00,10.594913480198638,12.279394802679931,False,False
M0003,G03,2025-01-06 11:00:00,12.04105206803847,11.896651100051582,False,False
M0003,G03,2025-01-06 12:00:00,10.839160502536423,14.783902679791058,False,False
M0003,G03,2025-01-06 13:00:00,10.407353764642819,13.772928364385564,False,False
M0003,G03,2025-01-06 14:00:00,12.640303700423711,12.114991162698953,False,False
M0003,G03,2025-01-06 15:00:00,13.301596632692528,12.477071151972286,False,False
M0003,G03,2025-01-06 16:00:00,13.217105784294164,13.359116214072623,False,False
M0003,G03,2025-01-06 17:00:00,14.523825883561939,14.233055748212887,False,False
M0003,G03,2025-01-06 18:00:00,12.884942402879707,15.947534163891056,False,False
M0003,G03,2025-01-06 19:00:00,13.78615183229283,15.332143451483448,False,False
M0003,G03,2025-01-06 20:00:00,14.07745468040708,11.800940042329534,False,False
M0003,G03,2025-01-06 21:00:00,13.971039761393769,11.04866607434691,False,False
M0003,G03,2025-01-06 22:00:00,13.975690938822439,7.861006583723293,False,False
M0003,G03,2025-01-06 23:00:00,13.116475517880763,10.701719951953644,False,False
M0003,G03,2025-01-07 00:00:00,12.504064758686495,9.326432154873503,False,False
M0003,G03,2025-01-07 01:00:00,12.475855939421592,9.563886192409091,False,False
M0003,G03,2025-01-07 02:00:00,12.098147980101198,8.150193131280943,False,False
M0003,G03,2025-01-07 03:00:00,10.91710733209918,9.446572936084666,False,False
M0003,G03,2025-01-07 04:00:00,11.405011672181276,10.450865538181624,False,False
M0003,G03,2025-01-07 05:00:00,10.561393882478757,11.78971666287995,False,False
M0003,G03,2025-01-07 06:00:00,10.517060898865019,9.908066969002519,False,False
M0003,G03,2025-01-07 07:00:00,10.969621095525236,9.732114179874559,False,False
M0003,G03,2025-01-07 08:00:00,11.10576522156305,9.615946444390763,False,False
M0003,G03,2025-01-07 09:00:00,10.548755129177794,11.461014288963607,False,False
M0003,G03,2025-01-07 10:00:00,10.801499643705789,14.007624299353033,False,False
M0003,G03,2025-01-07 11:00:00,10.61635742488338,17.24637320526072,False,False
M0003,G03,2025-01-07 12:00:00,11.12751071445309,14.229384781028994,False,False
M0003,G03,2025-01-07 13:00:00,10.970858548962598,15.079756810984879,False,False
M0003,G03,2025-01-07 14:00:00,12.817604762830108,12.928248937846751,False,False
M0003,G03,2025-01-07 15:00:00,13.799649320416792,13.016694092217932,False,False
M0003,G03,2025-01-07 16:00:00,13.258745684307133,12.994607088658274,False,False
M0003,G03,2025-01-07 17:00:00,15.762038678430098,12.717714017800137,False,False
M0003,G03,2025-01-07 18:00:00,13.85433346432128,16.060717711367055,False,False
M0003,G03,2025-01-07 19:00:00,15.141985354276198,12.004836574551527,False,False
M0003,G03,2025-01-07 20:00:00,14.093817419433217,13.313595078909307,False,False
M0003,G03,2025-01-07 21:00:00,15.55212222330702,10.257243743011767,False,False
M0003,G03,2025-01-07 22:00:00,12.883163484036462,11.462943106118704,False,False
M0003,G03,2025-01-07 23:00:00,11.34153558628555,11.17295716072077,False,False
M0003,G03,2025-01-08 00:00:00,12.510563809491247,9.958391058586129,False,False
M0003,G03,2025-01-08 01:00:00,12.487830347604413,10.285612330858303,False,False
M0003,G03,2025-01-08 02:00:00,11.972566758478077,9.414455705747017,False,False
M0003,G03,2025-01-08 03:00:00,11.52403766067996,9.714754207058437,False,False
M0003,G03,2025-01-08 04:00:00,11.991664540401343,8.877008375927335,False,False
M0003,G03,2025-01-08 05:00:00,11.310131967591474,8.688898936668837,False,False
M0003,G03,2025-01-08 06:00:00,11.402769472894297,8.993505372197292,False,False
M0003,G03,2025-01-08 07:00:00,9.772483880957333,12.242846942024462,False,False
M0003,G03,2025-01-08 08:00:00,9.385346146621236,14.375727511212649,False,False
M0003,G03,2025-01-08 09:00:00,11.255788696818879,13.693792711463251,False,False
M0003,G03,2025-01-08 10:00:00,10.912370004575466,13.611040582899768,False,False
M0003,G03,2025-01-08 11:00:00,10.73379037022327,14.520246276952275,False,False
M0003,G03,2025-01-08 12:00:00,11.07715759559886,16.637293655207543,False,False
M0003,G03,2025-01-08 13:00:00,11.531776390153114,15.218100402752992,False,False
M0003,G03,2025-01-08 14:00:00,12.132836436388398,14.346100970244544,False,False
M0003,G03,2025-01-08 15:00:00,11.933719163606339,16.78775070028605,False,False
M0003,G03,2025-01-08 16:00:00,12.06195832306756,15.042324842717598,False,False
M0003,G03,2025-01-08 17:00:00,13.077659416834244,15.763667006428767,False,False
M0003,G03,2025-01-08 18:00:00,13.415674116028363,13.356132860803632,False,False
M0003,G03,2025-01-08 19:00:00,15.044834971098705,11.834360669740578,False,False
M0003,G03,2025-01-08 20:00:00,14.435414314081106,11.281897397352605,False,False
M0003,G03,2025-01-08 21:00:00,13.288251048615788,13.613935370730653,False,False
M0003,G03,2025-01-08 22:00:00,12.18228428591353,13.777519842356044,False,False
M0003,G03,2025-01-08 23:00:00,13.458316224771137,9.336965640634892,False,False
M0003,G03,2025-01-09 00:00:00,13.049595186263476,9.812938305030883,False,False
M0003,G03,2025-01-09 01:00:00,12.129218811354823,11.784424416174877,False,False
M0003,G03,2025-01-09 02:00:00,12.119568286871345,8.273601282603265,False,False
M0003,G03,2025-01-09 03:00:00,11.837198564882,10.168996817780398,False,False
M0003,G03,2025-01-09 04:00:00,10.697231453667188,11.0393856150805,False,False
M0003,G03,2025-01-09 05:00:00,11.17776105676039,10.02039480105903,False,False
M0003,G03,2025-01-09 06:00:00,10.150499777706463,11.22238810391179,False,False
M0003,G03,2025-01-09 07:00:00,9.684384181459562,10.620967327010492,False,False
M0003,G03,2025-01-09 08:00:00,10.529792844684126,12.490708783145386,False,False
M0003,G03,2025-01-09 09:00:00,10.427076112640293,15.293199118314586,False,False
M0003,G03,2025-01-09 10:00:00,11.181939789743465,13.50978249807483,False,False
M0003,G03,2025-01-09 11:00:00,11.27279938992296,14.591609210757586,False,False
M0003,G03,2025-01-09 12:00:00,11.853863991269888,12.825173093740192,False,False
M0003,G03,2025-01-09 13:00:00,11.423874865589024,15.492032971141565,False,False
M0003,G03,2025-01-09 14:00:00,12.946864688132269,14.212172198988249,False,False
M0003,G03,2025-01-09 15:00:00,13.6114452347996,13.190233513454105,False,False
M0003,G03,2025-01-09 16:00:00,13.162303535629153,13.457098423847558,False,False
M0003,G03,2025-01-09 17:00:00,14.483984376701885,13.430297130597037,False,False
M0003,G03,2025-01-09 18:00:00,12.882457420505082,14.317249778572016,False,False
M0003,G03,2025-01-09 19:00:00,14.109543169084203,10.998721394573733,False,False
M0003,G03,2025-01-09 20:00:00,15.030643172818664,12.19328387497982,False,False
M0003,G03,2025-01-09 21:00:00,14.658681347047773,10.720141859160154,False,False
M0003,G03,2025-01-09 22:00:00,13.580315626796386,10.040493014753196,False,False
M0003,G03,2025-01-09 23:00:00,12.881267385221676,12.010797059535234,False,False
M0003,G03,2025-01-10 00:00:00,12.483608353493613,11.224962114028491,False,False
M0003,G03,2025-01-10 01:00:00,9.890464810091903,12.66744885106094,False,False
M0003,G03,2025-01-10 02:00:00,11.270389199578105,9.607413309360926,False,False
M0003,G03,2025-01-10 03:00:00,11.360414791414136,9.525093903722281,False,False
M0003,G03,2025-01-10 04:00:00,10.66180482932655,10.349651508557864,False,False
M0003,G03,2025-01-10 06:00:00,10.779859040114605,11.96104413315745,False,False
M0003,G03,2025-01-10 07:00:00,10.349218555817176,11.066290602627175,False,False
M0003,G03,2025-01-10 08:00:00,9.735594268142929,12.899282594190378,False,False
M0003,G03,2025-01-10 09:00:00,10.635391828181396,13.42009106503725,False,False
M0003,G03,2025-01-10 10:00:00,10.28235385524118,16.719193099401597,False,False
M0003,G03,2025-01-10 11:00:00,10.827012812028032,15.963092845744002,False,False
M0003,G03,2025-01-10 12:00:00,11.714659140015751,13.365201908119825,False,False
M0003,G03,2025-01-10 13:00:00,13.418382903999365,14.385940078550973,False,False
M0003,G03,2025-01-10 14:00:00,11.5887007862627,12.808873025219038,False,False
M0003,G03,2025-01-10 15:00:00,12.613085750475378,14.552917440948479,False,False
M0003,G03,2025-01-10 16:00:00,12.996360547446361,15.76909275690117,False,False
M0003,G03,2025-01-10 17:00:00,12.661495052541175,15.387749390505833,False,False
M0003,G03,2025-01-10 18:00:00,14.47894985288672,13.143809421218148,False,False
M0003,G03,2025-01-10 19:00:00,14.750153810396208,11.97200562354825,False,False
M0003,G03,2025-01-10 20:00:00,14.624927232387115,9.897781387482192,False,False
M0003,G03,2025-01-10 21:00:00,13.613363409360606,11.43957780163908,False,False
M0003,G03,2025-01-10 22:00:00,13.616823586353258,10.403039838709903,False,False
M0003,G03,2025-01-10 23:00:00,13.267793474180976,9.884500955911413,False,False
M0003,G03,2025-01-11 00:00:00,13.211884252037084,10.07795722173841,True,False
M0003,G03,2025-01-11 01:00:00,12.55732939810116,10.138633440490452,True,False
M0003,G03,2025-01-11 02:00:00,12.952463765699617,7.8553475337219165,True,False
M0003,G03,2025-01-11 03:00:00,12.745856094418091,7.98750196678285,True,False
M0003,G03,2025-01-11 04:00:00,9.891186803067027,13.306058738267827,True,False
M0003,G03,2025-01-11 05:00:00,10.635079457154308,9.924358608765175,True,False
M0003,G03,2025-01-11 06:00:00,10.0924274588746,10.35994139227016,True,False
M0003,G03,2025-01-11 07:00:00,10.368023727724637,15.466087912583777,True,False
M0003,G03,2025-01-11 08:00:00,10.27814734142514,16.99039778747099,True,False
M0003,G03,2025-01-11 09:00:00,11.614606340450901,11.876827233954675,True,False
M0003,G03,2025-01-11 10:00:00,10.53303183570303,13.438510993098118,True,False
M0003,G03,2025-01-11 11:00:00,12.379161550360571,15.201905431984946,True,False
M0003,G03,2025-01-11 12:00:00,11.523044388930614,16.609914550682255,True,False
M0003,G03,2025-01-11 13:00:00,12.619782501649224,14.603153683022319,True,False
M0003,G03,2025-01-11 14:00:00,13.398259485710655,15.175890303938552,True,False
M0003,G03,2025-01-11 15:00:00,12.600760653715191,16.26527257057332,True,False
M0003,G03,2025-01-11 16:00:00,13.180580354507118,15.819683090853738,True,False
M0003,G03,2025-01-11 17:00:00,13.861982389363142,14.967218067322069,True,False
M0003,G03,2025-01-11 18:00:00,16.156368897411568,13.964313576821793,True,False
M0003,G03,2025-01-11 19:00:00,15.085448598002785,11.730075915423923,True,False
M0003,G03,2025-01-11 20:00:00,15.219807194132054,13.25797477703898,True,False
M0003,G03,2025-01-11 21:00:00,14.925986979543978,12.30648606537581,True,False
M0003,G03,2025-01-11 22:00:00,14.106944378836507,11.657537405506936,True,False
M0003,G03,2025-01-11 23:00:00,13.074306705322298,10.357857066927615,True,False
M0003,G03,2025-01-12 00:00:00,13.501415020254633,11.451280844470835,True,False
M0003,G03,2025-01-12 01:00:00,11.232553896687767,11.934158556871981,True,False
M0003,G03,2025-01-12 02:00:00,13.15313283361979,9.961022936640969,True,False
M0003,G03,2025-01-12 03:00:00,11.79231494949356,10.188858489363959,True,False
M0003,G03,2025-01-12 04:00:00,9.80025894124551,10.407835565539486,True,False
M0003,G03,2025-01-12 05:00:00,10.819709301525803,10.702772766146024,True,False
M0003,G03,2025-01-12 06:00:00,11.354748714912517,10.5150260216707,True,False
M0003,G03,2025-01-12 07:00:00,10.32366470211743,13.002908491205037,True,False
M0003,G03,2025-01-12 08:00:00,11.115717417959779,12.751599172649811,True,False
M0003,G03,2025-01-12 09:00:00,10.02333516692336,16.209854554886476,True,False
M0003,G03,2025-01-12 10:00:00,10.175434260284607,15.478681846857526,True,False
M0003,G03,2025-01-12 11:00:00,11.332591348653775,14.952769383482064,True,False
M0003,G03,2025-01-12 12:00:00,12.042821890920317,14.49583135760816,True,False
M0003,G03,2025-01-12 13:00:00,12.371190421581964,14.330204697339337,True,False
M0003,G03,2025-01-12 14:00:00,13.619943889926665,16.51989229852105,True,False
M0003,G03,2025-01-12 15:00:00,12.675694943958785,15.76375249799738,True,False
M0003,G03,2025-01-12 16:00:00,13.74194060495653,16.793467189180564,True,False
M0003,G03,2025-01-12 17:00:00,14.613156896420573,12.618272472877885,True,False
M0003,G03,2025-01-12 18:00:00,12.709712356793425,14.96914037370696,True,False
M0003,G03,2025-01-12 19:00:00,13.098041342611278,14.058278492840826,True,False
M0003,G03,2025-01-12 20:00:00,14.647931848383548,11.66637940137441,True,False
M0003,G03,2025-01-12 21:00:00,15.691380484171264,11.664346096866852,True,False
M0003,G03,2025-01-12 22:00:00,14.117106475152369,12.00359096379794,True,False
M0003,G03,2025-01-12 23:00:00,12.508044909134679,10.526277475501072,True,False
M0003,G03,2025-01-13 00:00:00,10.7141113617539,10.120109422936483,False,False
M0003,G03,2025-01-13 01:00:00,12.453544696573763,10.50342548696725,False,False
M0003,G03,2025-01-13 02:00:00,11.536000043650473,10.23208675404534,False,False
M0003,G03,2025-01-13 03:00:00,11.696496697326566,10.602259404275115,False,False
M0003,G03,2025-01-13 04:00:00,9.794372650645018,12.629313657997297,False,False
M0003,G03,2025-01-13 05:00:00,11.321987788206064,8.299843938527998,False,False
M0003,G03,2025-01-13 06:00:00,10.581816876894662,12.027580003755464,False,False
M0003,G03,2025-01-13 07:00:00,9.867515372872749,12.632255018182432,False,False
M0003,G03,2025-01-13 08:00:00,9.83044904542056,13.671837983178468,False,False
M0003,G03,2025-01-13 09:00:00,10.54048177566065,13.047043557358617,False,False
M0003,G03,2025-01-13 10:00:00,11.380183061589602,12.545075315729765,False,False
M0003,G03,2025-01-13 11:00:00,10.865232203207844,15.4663202751343,False,False
M0003,G03,2025-01-13 12:00:00,11.909003940900496,17.78788586095285,False,False
M0003,G03,2025-01-13 13:00:00,11.859283129860874,14.048004703950372,False,False
M0003,G03,2025-01-13 14:00:00,11.479423735582188,16.948055020783222,False,False
M0003,G03,2025-01-13 15:00:00,13.909856198100801,15.08846918655113,False,False
M0003,G03,2025-01-13 16:00:00,12.564386675531875,15.331037500893538,False,False
M0003,G03,2025-01-13 17:00:00,13.037117742157909,14.153136797252216,False,False
M0003,G03,2025-01-13 18:00:00,13.596425713119071,13.639708901376373,False,False
M0003,G03,2025-01-13 19:00:00,13.137336973274852,15.009990829951443,False,False
M0003,G03,2025-01-13 20:00:00,13.005034777228401,13.906995582265253,False,False
M0003,G03,2025-01-13 21:00:00,12.650163403199421,14.75645975177318,False,False
M0003,G03,2025-01-13 22:00:00,12.835626188480578,12.867934610046053,False,False
M0003,G03,2025-01-13 23:00:00,12.80221155085572,11.838849372947292,False,False
M0003,G03,2025-01-14 00:00:00,10.387977100129499,13.162891150114502,False,False
M0003,G03,2025-01-14 01:00:00,13.18967798615572,10.286569782250195,False,False
M0003,G03,2025-01-14 02:00:00,11.111503509022095,11.666021432815734,False,False
M0003,G03,2025-01-14 03:00:00,11.421207542528855,10.432873988900088,False,False
M0003,G03,2025-01-14 04:00:00,9.885388192854347,11.116877613447082,False,False
M0003,G03,2025-01-14 05:00:00,10.11269467600856,11.385514211650575,False,False
M0003,G03,2025-01-14 06:00:00,9.667356980271038,12.611834187548027,False,False
M0003,G03,2025-01-14 07:00:00,11.299830437317654,10.808909369192195,False,False
M0003,G03,2025-01-14 08:00:00,9.926044946027325,12.914955127030169,False,False
M0003,G03,2025-01-14 09:00:00,10.799227901667873,13.460040625951681,False,False
M0003,G03,2025-01-14 10:00:00,10.067680455012098,15.739907350386424,False,False
M0003,G03,2025-01-14 11:00:00,10.617143931973064,15.696053766565393,False,False
M0003,G03,2025-01-14 12:00:00,11.209440893206134,18.18591018366778,False,False
M0003,G03,2025-01-14 13:00:00,12.583518738276785,17.00428557154617,False,False
M0003,G03,2025-01-14 14:00:00,11.434121303177669,13.934712670638405,False,False
M0003,G03,2025-01-14 15:00:00,11.827915219778989,15.43139684676354,False,False
M0003,G03,2025-01-14 16:00:00,11.824870520146192,14.553982327689392,False,False
M0003,G03,2025-01-14 17:00:00,12.591957460215587,14.418184827497555,False,False
M0003,G03,2025-01-14 18:00:00,12.629147069098948,15.936571715761481,False,False
M0003,G03,2025-01-14 19:00:00,12.397222561094235,13.836196462379904,False,False
M0003,G03,2025-01-14 20:00:00,13.307684075625787,12.222858854046306,False,False
M0003,G03,2025-01-14 21:00:00,12.256994255215393,11.796045971390166,False,False
M0003,G03,2025-01-14 22:00:00,12.095047182254518,13.2098404715117,False,False
M0003,G03,2025-01-14 23:00:00,14.000801127518203,10.08539865615966,False,False
M0003,G03,2025-01-15 00:00:00,12.901837566980259,10.095066268869125,False,False
M0003,G03,2025-01-15 01:00:00,12.013969711239758,10.815290064762987,False,False
M0003,G03,2025-01-15 02:00:00,10.384331666504773,12.610527760247107,False,False
M0003,G03,2025-01-15 03:00:00,10.137564348380911,10.881567043520795,False,False
M0003,G03,2025-01-15 04:00:00,10.547356324755881,8.808737499689899,False,False
M0003,G03,2025-01-15 05:00:00,10.058354828666575,12.45450479376767,False,False
M0003,G03,2025-01-15 06:00:00,10.448362449653128,12.502755883261797,False,False
M0003,G03,2025-01-15 07:00:00,10.376704209964768,13.187965762487924,False,False
M0003,G03,2025-01-15 08:00:00,9.988285528132403,15.670097813521128,False,False
M0003,G03,2025-01-15 09:00:00,10.457445160150211,11.704806734921032,False,False
M0003,G03,2025-01-15 10:00:00,10.785034679682402,13.59978983760665,False,False
M0003,G03,2025-01-15 11:00:00,10.676502446378292,16.85023657027218,False,False
M0003,G03,2025-01-15 12:00:00,11.650119067990898,13.53948640907738,False,False
M0003,G03,2025-01-15 13:00:00,13.0116947160938,18.02200544237811,False,False
M0003,G03,2025-01-15 14:00:00,11.19084343183619,15.180896662659205,False,False
M0003,G03,2025-01-15 15:00:00,12.493095713925849,17.517126658891492,False,False
M0003,G03,2025-01-15 16:00:00,13.701671422682246,15.662488856728507,False,False
M0003,G03,2025-01-15 17:00:00,12.144662919451006,16.207376143255413,False,False
M0003,G03,2025-01-15 18:00:00,12.72516151412968,16.259727253321998,False,False
M0003,G03,2025-01-15 19:00:00,12.837393679136849,14.65393469649096,False,False
M0003,G03,2025-01-15 20:00:00,13.249725500417114,13.408065155184346,False,False
M0003,G03,2025-01-15 21:00:00,12.043005638508724,13.399101295867712,False,False
M0003,G03,2025-01-15 22:00:00,13.901152305237456,10.757846316142738,False,False
M0003,G03,2025-01-15 23:00:00,13.285022014899326,11.198996037688818,False,False
M0003,G03,2025-01-16 00:00:00,12.434355289160662,11.830255271261457,False,False
M0003,G03,2025-01-16 01:00:00,11.02118998637665,12.14746116491086,False,False
M0003,G03,2025-01-16 02:00:00,11.138304058669757,11.961475593293692,False,False
M0003,G03,2025-01-16 03:00:00,10.798714184404416,9.563028212211954,False,False
M0003,G03,2025-01-16 04:00:00,10.448388106883918,10.977001600985808,False,False
M0003,G03,2025-01-16 05:00:00,10.726209387201811,13.99117373551638,False,False
M0003,G03,2025-01-16 06:00:00,10.431097235179005,10.97257598307896,False,False
M0003,G03,2025-01-16 07:00:00,9.576797984251144,12.159482934072525,False,False
M0003,G03,2025-01-16 08:00:00,9.957812183704979,14.231065083573815,False,False
M0003,G03,2025-01-16 09:00:00,9.315456420331824,15.23106136425137,False,False
M0003,G03,2025-01-16 10:00:00,9.764183639670788,15.383617363164491,False,False
M0003,G03,2025-01-16 11:00:00,10.278615283251359,16.825238824805094,False,False
M0003,G03,2025-01-16 12:00:00,11.074415886531973,16.701162736103207,False,False
M0003,G03,2025-01-16 13:00:00,12.35414690389066,16.551249778484053,False,False
M0003,G03,2025-01-16 14:00:00,12.601465434782286,17.28840272345825,False,False
M0003,G03,2025-01-16 15:00:00,12.954861182431184,18.439612310707773,False,False
M0003,G03,2025-01-16 16:00:00,12.20779641746783,15.708629639738609,False,False
M0003,G03,2025-01-16 17:00:00,13.415670406194703,12.94275641698282,False,False
M0003,G03,2025-01-16 18:00:00,13.308597986836322,16.263587950323974,False,False
M0003,G03,2025-01-16 19:00:00,13.170423698081857,13.408130971755687,False,False
M0003,G03,2025-01-16 20:00:00,12.859771010390025,14.435766900791242,False,False
M0003,G03,2025-01-16 21:00:00,12.935976214542789,14.640116228452808,False,False
M0003,G03,2025-01-16 22:00:00,13.510700578011829,9.937587628105105,False,False
M0003,G03,2025-01-16 23:00:00,13.20712237597196,10.497794781839849,False,False
M0003,G03,2025-01-17 00:00:00,13.769350419204654,9.622624374634187,False,False
M0003,G03,2025-01-17 01:00:00,11.410681453927046,12.141523511804094,False,False
M0003,G03,2025-01-17 02:00:00,11.730506438987078,11.95240427232671,False,False
M0003,G03,2025-01-17 03:00:00,11.010326940577976,11.806176846554655,False,False
M0003,G03,2025-01-17 04:00:00,9.449998568523666,12.658757889061903,False,False
M0003,G03,2025-01-17 05:00:00,10.220783532927154,9.39867432715155,False,False
M0003,G03,2025-01-17 06:00:00,10.216303824584433,9.807314378666558,False,False
M0003,G03,2025-01-17 07:00:00,9.253149442922044,14.197669361487876,False,False
M0003,G03,2025-01-17 08:00:00,10.085057336638185,13.158047541889301,False,False
M0003,G03,2025-01-17 09:00:00,10.516894729579175,14.113938440927377,False,False
M0003,G03,2025-01-17 10:00:00,11.01709571630978,15.676663793695408,False,False
M0003,G03,2025-01-17 11:00:00,10.993167820291259,16.44319411635149,False,False
M0003,G03,2025-01-17 12:00:00,11.06274632040539,17.047536434507688,False,False
M0003,G03,2025-01-17 13:00:00,10.575756412135268,16.052718584339676,False,False
M0003,G03,2025-01-17 14:00:00,12.280808841494183,16.57573466756743,False,False
M0003,G03,2025-01-17 15:00:00,12.630985553229738,15.071634939139086,False,False
M0003,G03,2025-01-17 16:00:00,13.015920546853295,15.912407179325527,False,False
M0003,G03,2025-01-17 17:00:00,14.436202446173931,16.455274759859225,False,False
M0003,G03,2025-01-17 18:00:00,13.925765262530017,16.54312410133567,False,False
M0003,G03,2025-01-17 19:00:00,13.835018371137766,14.184842721576562,False,False
M0003,G03,2025-01-17 20:00:00,12.626666203450702,13.741856751284976,False,False
M0003,G03,2025-01-17 21:00:00,13.117162262322058,12.152258004383704,False,False
M0003,G03,2025-01-17 22:00:00,12.813337627741523,12.657853834248307,False,False
M0003,G03,2025-01-17 23:00:00,12.007156299664631,12.337198772931256,False,False
M0003,G03,2025-01-18 00:00:00,13.740615679839724,9.280819395044661,True,False
M0003,G03,2025-01-18 01:00:00,12.806323711143103,10.131832723985752,True,False
M0003,G03,2025-01-18 02:00:00,11.682453661354543,9.102919385692317,True,False
M0003,G03,2025-01-18 03:00:00,12.852604466732682,8.22305378358498,True,False
M0003,G03,2025-01-18 04:00:00,11.134406793342833,10.924297490373828,True,False
M0003,G03,2025-01-18 05:00:00,9.381714810424306,13.333717730773992,True,False
M0003,G03,2025-01-18 06:00:00,10.296958676795894,12.889237365852836,True,False
M0003,G03,2025-01-18 07:00:00,10.30647861536168,13.844166063264245,True,False
M0003,G03,2025-01-18 08:00:00,10.563071402897183,15.294228153854096,True,False
M0003,G03,2025-01-18 09:00:00,10.225154881208173,15.817512455004053,True,False
M0003,G03,2025-01-18 10:00:00,11.379156615581056,14.58191984071142,True,False
M0003,G03,2025-01-18 11:00:00,11.392779451123184,17.08697033659012,True,False
M0003,G03,2025-01-18 12:00:00,11.024503622473228,16.43092215237736,True,False
M0003,G03,2025-01-18 13:00:00,11.432216629634752,15.528587410748434,True,False
M0003,G03,2025-01-18 14:00:00,13.578609709955323,14.687107444804003,True,False
M0003,G03,2025-01-18 15:00:00,14.22371943008437,14.195671096815946,True,False
M0003,G03,2025-01-18 16:00:00,13.662665779431098,15.65189552108884,True,False
M0003,G03,2025-01-18 17:00:00,14.637307657618129,15.32809331148417,True,False
M0003,G03,2025-01-18 18:00:00,14.393013992559881,15.456136427007875,True,False
M0003,G03,2025-01-18 19:00:00,14.054453732655395,17.840220861259606,True,False
M0003,G03,2025-01-18 20:00:00,13.686627433384812,12.277250175695217,True,False
M0003,G03,2025-01-18 21:00:00,14.565473155881218,13.966851189117353,True,False
M0003,G03,2025-01-18 22:00:00,14.119228716141922,11.651448511338574,True,False
M0003,G03,2025-01-18 23:00:00,12.697174847492334,12.568410680414429,True,False
M0003,G03,2025-01-19 00:00:00,12.318829869680643,11.432851492684957,True,False
M0003,G03,2025-01-19 01:00:00,12.603761754592682,10.567941759675287,True,False
M0003,G03,2025-01-19 02:00:00,10.258123058635471,13.23456514857308,True,False
M0003,G03,2025-01-19 03:00:00,11.661677303028334,11.389159003343213,True,False
M0003,G03,2025-01-19 04:00:00,10.37627883742225,11.601406624231767,True,False
M0003,G03,2025-01-19 05:00:00,11.163620889310533,10.565877282187186,True,False
M0003,G03,2025-01-19 06:00:00,10.088458258419255,12.722630987727094,True,False
M0003,G03,2025-01-19 07:00:00,10.09346801680303,13.563860410953748,True,False
M0003,G03,2025-01-19 08:00:00,1.2823542328790167,14.033556013833659,True,False
M0003,G03,2025-01-19 09:00:00,10.484026619098488,14.340752886645017,True,False
M0003,G03,2025-01-19 10:00:00,11.88187474095509,14.782882623272876,True,False
M0003,G03,2025-01-19 11:00:00,12.052597319301096,17.63071236480875,True,False
M0003,G03,2025-01-19 12:00:00,11.990324959918148,15.468176318708409,True,False
M0003,G03,2025-01-19 13:00:00,12.663451095603941,13.767007223741182,True,False
M0003,G03,2025-01-19 14:00:00,13.280485704333348,18.169977475241943,True,False
M0003,G03,2025-01-19 15:00:00,13.875739996615655,17.196074968613384,True,False
M0003,G03,2025-01-19 16:00:00,12.882131562781023,18.316360396126,True,False
M0003,G03,2025-01-19 17:00:00,13.5617612410271,16.21816637003452,True,False
M0003,G03,2025-01-19 18:00:00,12.429044860435559,15.216063440986481,True,False
M0003,G03,2025-01-19 19:00:00,14.337804333976072,15.628437637885838,True,False
M0003,G03,2025-01-19 20:00:00,14.741352449036679,17.021284905951035,True,False
M0003,G03,2025-01-19 21:00:00,13.101437970024287,15.792566986577377,True,False
M0003,G03,2025-01-19 22:00:00,11.903851746206533,12.969352043903646,True,False
M0003,G03,2025-01-19 23:00:00,13.282848233816164,12.693774986278415,True,False
M0003,G03,2025-01-20 00:00:00,11.024157131572634,13.691592243535982,False,False
M0003,G03,2025-01-20 01:00:00,11.463656327457246,10.792083377848881,False,False
M0003,G03,2025-01-20 02:00:00,11.347375704477196,12.127871228505535,False,False
M0003,G03,2025-01-20 03:00:00,10.629763840210039,12.532295585507898,False,False
M0003,G03,2025-01-20 04:00:00,9.809306876497219,13.104616099407414,False,False
M0003,G03,2025-01-20 05:00:00,9.874403380232591,11.759125170510389,False,False
M0003,G03,2025-01-20 06:00:00,10.157973011722277,11.990302946938701,False,False
M0003,G03,2025-01-20 07:00:00,10.222058975387831,10.960378786838941,False,False
M0003,G03,2025-01-20 08:00:00,9.404322126950044,13.758855192625163,False,False
M0003,G03,2025-01-20 09:00:00,9.871800177046037,14.656124396494878,False,False
M0003,G03,2025-01-20 10:00:00,10.517527268782345,16.82191256102678,False,False
M0003,G03,2025-01-20 11:00:00,10.702933218683384,17.78443278838855,False,False
M0003,G03,2025-01-20 12:00:00,10.491168171242808,17.435812331139182,False,False
M0003,G03,2025-01-20 13:00:00,12.338950907309279,15.757933544110994,False,False
M0003,G03,2025-01-20 14:00:00,10.546786972982245,17.404096573328648,False,False
M0003,G03,2025-01-20 15:00:00,12.302149381839289,17.189619578087793,False,False
M0003,G03,2025-01-20 16:00:00,12.468210589047926,15.777868966061217,False,False
M0003,G03,2025-01-20 17:00:00,13.131071368181484,16.73084639550977,False,False
M0003,G03,2025-01-20 18:00:00,13.447458953926288,16.862466246609472,False,False
M0003,G03,2025-01-20 19:00:00,13.773420046688127,14.880490752103809,False,False
M0003,G03,2025-01-20 20:00:00,12.350791984575203,15.08435307221707,False,False
M0003,G03,2025-01-20 21:00:00,13.537813501506168,12.974735322397914,False,False
M0003,G03,2025-01-20 22:00:00,12.644131561284786,13.66049874439043,False,False
M0003,G03,2025-01-20 23:00:00,10.656022535895445,15.937463182741821,False,False
M0003,G03,2025-01-21 00:00:00,12.946973265405543,12.662765549666815,False,False
M0003,G03,2025-01-21 01:00:00,10.201228277000627,13.876056371600027,False,False
M0003,G03,2025-01-21 02:00:00,11.25220031949297,12.028415842061266,False,False
M0003,G03,2025-01-21 03:00:00,10.553049385666098,13.060470040172513,False,False
M0003,G03,2025-01-21 04:00:00,10.400546989319093,12.240323608113268,False,False
M0003,G03,2025-01-21 05:00:00,9.872357664695516,12.06144098633337,False,False
M0003,G03,2025-01-21 06:00:00,10.562035751136934,11.748284825888806,False,False
M0003,G03,2025-01-21 07:00:00,8.939481525905553,13.951255415539721,False,False
M0003,G03,2025-01-21 08:00:00,9.964251740559556,13.54718101862491,False,False
M0003,G03,2025-01-21 09:00:00,9.661930194131331,15.890231502487918,False,False
M0003,G03,2025-01-21 10:00:00,9.987600775305738,17.117975826352573,False,False
M0003,G03,2025-01-21 11:00:00,11.018910931177663,16.915970732797206,False,False
M0003,G03,2025-01-21 12:00:00,11.875401895598369,15.96586409060893,False,False
M0003,G03,2025-01-21 13:00:00,11.552157293833172,18.150362869438887,False,False
M0003,G03,2025-01-21 14:00:00,12.667004191650273,16.453696444193675,False,False
M0003,G03,2025-01-21 15:00:00,12.601368506083542,17.7787171482632,False,False
M0003,G03,2025-01-21 16:00:00,12.391092540550016,14.666528851442278,False,False
M0003,G03,2025-01-21 17:00:00,12.889860492994702,14.904742534409563,False,False
M0003,G03,2025-01-21 18:00:00,13.575679556148913,12.92371790536285,False,False
M0003,G03,2025-01-21 19:00:00,12.936427930887872,13.80147054020268,False,False
M0003,G03,2025-01-21 20:00:00,13.06458315187905,15.22588323561874,False,False
M0003,G03,2025-01-21 21:00:00,12.62984615282062,15.443920988449404,False,False
M0003,G03,2025-01-21 22:00:00,11.687816466545689,13.100151527610924,False,False
M0003,G03,2025-01-21 23:00:00,11.879652436474412,10.702460755245788,False,False
M0003,G03,2025-01-22 00:00:00,13.143429564223817,9.05155422827607,False,False
M0003,G03,2025-01-22 01:00:00,11.001393668906797,12.120680326617675,False,False
M0003,G03,2025-01-22 02:00:00,10.429200725754256,14.799249380109115,False,False
M0003,G03,2025-01-22 03:00:00,10.716446612436364,13.16908027973079,False,False
M0003,G03,2025-01-22 04:00:00,9.789312307034013,11.456021309148174,False,False
M0003,G03,2025-01-22 05:00:00,9.14984367673944,13.179674111201402,False,False
M0003,G03,2025-01-22 06:00:00,11.149591283520122,11.105327703678176,False,False
M0003,G03,2025-01-22 07:00:00,9.88962458478224,13.795633911037932,False,False
M0003,G03,2025-01-22 08:00:00,9.424137149398307,15.326503453335654,False,False
M0003,G03,2025-01-22 09:00:00,9.472077319908063,15.079816323946455,False,False
M0003,G03,2025-01-22 10:00:00,10.065276950882643,16.19148872550589,False,False
M0003,G03,2025-01-22 11:00:00,10.144367421832424,16.268133772740217,False,False
M0003,G03,2025-01-22 12:00:00,11.757707745658251,17.792500401309958,False,False
M0003,G03,2025-01-22 13:00:00,11.290642571366162,17.138971993176888,False,False
M0003,G03,2025-01-22 14:00:00,12.84621386074632,18.402386949183853,False,False
M0003,G03,2025-01-22 15:00:00,12.310944882812182,18.80423658697983,False,False
M0003,G03,2025-01-22 16:00:00,12.178674931831807,16.012122028738535,False,False
M0003,G03,2025-01-22 17:00:00,12.73919578159292,15.210928807749518,False,False
M0003,G03,2025-01-22 18:00:00,11.36182538652581,17.29194455433617,False,False
M0003,G03,2025-01-22 19:00:00,13.051247716031,14.566351235308591,False,False
M0003,G03,2025-01-22 20:00:00,12.674848878572131,17.01695605203704,False,False
M0003,G03,2025-01-22 21:00:00,13.940394012044832,12.180451533659241,False,False
M0003,G03,2025-01-22 22:00:00,10.949970595869997,15.523130251098483,False,False
M0003,G03,2025-01-22 23:00:00,13.00616374096531,12.786289517735401,False,False
M0003,G03,2025-01-23 00:00:00,12.27163711386843,12.738379060976827,False,False
M0003,G03,2025-01-23 01:00:00,11.317809204607245,15.107742986516616,False,False
M0003,G03,2025-01-23 02:00:00,11.115774763283998,11.507548229143465,False,False
M0003,G03,2025-01-23 03:00:00,11.435551253321341,10.914542690329672,False,False
M0003,G03,2025-01-23 04:00:00,9.545641888877,12.030200669621609,False,False
M0003,G03,2025-01-23 05:00:00,10.026770503088107,13.780695828888014,False,False
M0003,G03,2025-01-23 06:00:00,9.812980330209927,11.448899570413444,False,False
M0003,G03,2025-01-23 07:00:00,8.841967128357226,14.129726353333599,False,False
M0003,G03,2025-01-23 08:00:00,9.384348173485828,13.719363676594321,False,False
M0003,G03,2025-01-23 09:00:00,9.92757755218565,17.463828082045335,False,False
M0003,G03,2025-01-23 10:00:00,10.358655641771962,13.213014376863686,False,False
M0003,G03,2025-01-23 11:00:00,10.974037793284372,15.848170012869772,False,False
M0003,G03,2025-01-23 12:00:00,10.297228465503903,14.809329472570152,False,False
M0003,G03,2025-01-23 13:00:00,10.49633933379103,15.892328706175789,False,False
M0003,G03,2025-01-23 14:00:00,13.00514691893489,18.434722154444934,False,False
M0003,G03,2025-01-23 15:00:00,13.113949296176052,16.904385034833922,False,False
M0003,G03,2025-01-23 16:00:00,12.165897767262182,16.43806383513641,False,False
M0003,G03,2025-01-23 17:00:00,13.002845977482167,16.92355463866446,False,False
M0003,G03,2025-01-23 18:00:00,13.712432309775558,15.931624057486736,False,False
M0003,G03,2025-01-23 19:00:00,13.610071241337188,13.938179038714072,False,False
M0003,G03,2025-01-23 20:00:00,12.867185612362688,15.652081259263806,False,False
M0003,G03,2025-01-23 21:00:00,13.16090689582098,14.947024951926865,False,False
M0003,G03,2025-01-23 22:00:00,11.894677127824817,14.140589547315424,False,False
M0003,G03,2025-01-23 23:00:00,11.712854051433018,14.744646071209388,False,False
M0003,G03,2025-01-24 00:00:00,11.601881783403105,13.328448424253692,False,False
M0003,G03,2025-01-24 01:00:00,10.831262734015139,13.807932625747423,False,False
M0003,G03,2025-01-24 02:00:00,10.655230150124998,12.52832267602098,False,False
M0003,G03,2025-01-24 03:00:00,10.587398652188561,12.20531177908885,False,False
M0003,G03,2025-01-24 04:00:00,10.334458020816728,11.922114615853992,False,False
M0003,G03,2025-01-24 05:00:00,9.56735261682466,12.086177706606525,False,False
M0003,G03,2025-01-24 06:00:00,10.408491502910282,12.211980920609522,False,False
M0003,G03,2025-01-24 07:00:00,9.36831457419659,13.229775774407116,False,False
M0003,G03,2025-01-24 08:00:00,9.50644341344024,15.191391856471121,False,False
M0003,G03,2025-01-24 09:00:00,9.772683036450454,15.74684757792452,False,False
M0003,G03,2025-01-24 10:00:00,10.495096790351042,15.80721351201122,False,False
M0003,G03,2025-01-24 11:00:00,9.633992341560827,17.330701555930123,False,False
M0003,G03,2025-01-24 12:00:00,11.745031372127873,17.857042473962647,False,False
M0003,G03,2025-01-24 13:00:00,11.332478058880639,18.321867438282062,False,False
M0003,G03,2025-01-24 14:00:00,12.904099022674277,16.53027811522411,False,False
M0003,G03,2025-01-24 15:00:00,12.245054423294834,16.659235609218943,False,False
M0003,G03,2025-01-24 16:00:00,12.793857468763544,17.3262504486804,False,False
M0003,G03,2025-01-24 17:00:00,14.229377900439001,16.741784996092903,False,False
M0003,G03,2025-01-24 18:00:00,12.86386491795732,15.004465831155718,False,False
M0003,G03,2025-01-24 19:00:00,13.761039189577316,15.771162299332266,False,False
M0003,G03,2025-01-24 20:00:00,12.789103969710037,15.568333946344879,False,False
M0003,G03,2025-01-24 21:00:00,13.590185821989014,12.357402433830675,False,False
M0003,G03,2025-01-24 22:00:00,12.1471255047631,14.865945865887651,False,False
M0003,G03,2025-01-24 23:00:00,13.404203861320966,10.860191618821561,False,False
M0003,G03,2025-01-25 00:00:00,11.208766243242405,15.343579175087113,True,False
M0003,G03,2025-01-25 01:00:00,10.635738253659301,14.734436306726064,True,False
M0003,G03,2025-01-25 02:00:00,10.945234713347922,12.626584527115456,True,False
M0003,G03,2025-01-25 03:00:00,10.913038379341,12.7347772066167,True,False
M0003,G03,2025-01-25 04:00:00,11.093679817447388,10.159764011375488,True,False
M0003,G03,2025-01-25 05:00:00,10.983889824727758,11.750094106779475,True,False
M0003,G03,2025-01-25 06:00:00,10.752087823940764,13.552924038956762,True,False
M0003,G03,2025-01-25 07:00:00,9.805641331533675,13.082395589375361,True,False
M0003,G03,2025-01-25 08:00:00,9.662444054977193,14.97890948325726,True,False
M0003,G03,2025-01-25 09:00:00,9.605809413310842,18.74563448253286,True,False
M0003,G03,2025-01-25 10:00:00,11.855467367341559,14.93844771579683,True,False
M0003,G03,2025-01-25 11:00:00,11.396203257982004,15.661349625699692,True,False
M0003,G03,2025-01-25 12:00:00,12.008751522746087,17.3083768924048,True,False
M0003,G03,2025-01-25 13:00:00,11.4154455795698,19.668322689492275,True,False
M0003,G03,2025-01-25 14:00:00,67.25214909967548,15.727211613191553,True,False
M0003,G03,2025-01-25 15:00:00,13.409977014429554,16.727009090640653,True,False
M0003,G03,2025-01-25 16:00:00,13.206400989794377,19.695125989427638,True,False
M0003,G03,2025-01-25 17:00:00,14.27529174671774,15.186146431516333,True,False
M0003,G03,2025-01-25 18:00:00,15.258901150726926,14.753839996832859,True,False
M0003,G03,2025-01-25 19:00:00,12.983345173346937,14.705707204794965,True,False
M0003,G03,2025-01-25 20:00:00,12.780941285756523,14.560700632404822,True,False
M0003,G03,2025-01-25 21:00:00,12.510065582486108,14.736746705777952,True,False
M0003,G03,2025-01-25 22:00:00,14.05391333925419,13.66731532282785,True,False
M0003,G03,2025-01-25 23:00:00,14.105018672565745,10.867868564597671,True,False
M0003,G03,2025-01-26 00:00:00,11.76235469613318,14.187844424654259,True,False
M0003,G03,2025-01-26 01:00:00,11.981408777384576,12.023279209420696,True,False
M0003,G03,2025-01-26 02:00:00,10.441692210180557,14.117849369629862,True,False
M0003,G03,2025-01-26 03:00:00,11.223747545894362,13.121872563447255,True,False
M0003,G03,2025-01-26 04:00:00,10.386979635480133,12.559675314599183,True,False
M0003,G03,2025-01-26 05:00:00,9.808888563991706,14.363534150425089,True,False
M0003,G03,2025-01-26 06:00:00,10.072939181209222,14.793107321388543,True,False
M0003,G03,2025-01-26 07:00:00,9.740066674448318,14.90493170533736,True,False
M0003,G03,2025-01-26 08:00:00,10.623216971607334,12.196525914318261,True,False
M0003,G03,2025-01-26 09:00:00,10.341723113499405,17.089505121820586,True,False
M0003,G03,2025-01-26 10:00:00,11.170881591769215,15.545431106057515,True,False
M0003,G03,2025-01-26 11:00:00,12.135989948775341,17.27296120545418,True,False
M0003,G03,2025-01-26 12:00:00,12.062866395202803,15.700414751252703,True,False
M0003,G03,2025-01-26 13:00:00,12.707829037890766,18.630919189093483,True,False
M0003,G03,2025-01-26 14:00:00,12.555344896879113,16.06717219347983,True,False
M0003,G03,2025-01-26 15:00:00,12.612682721273606,15.893158234821747,True,False
M0003,G03,2025-01-26 16:00:00,13.799481236626633,17.76594215698232,True,False
M0003,G03,2025-01-26 17:00:00,13.658949601391644,18.255940935410447,True,False
M0003,G03,2025-01-26 18:00:00,12.634258372041234,16.26350151944378,True,False
M0003,G03,2025-01-26 19:00:00,13.29138008035904,16.599561826202503,True,False
M0003,G03,2025-01-26 20:00:00,13.5845116671881,14.026782195984927,True,False
M0003,G03,2025-01-26 21:00:00,12.773252324712498,14.637754674518682,True,False
M0003,G03,2025-01-26 22:00:00,13.795431382163052,14.148921946366714,True,False
M0003,G03,2025-01-26 23:00:00,13.31163737231733,12.13888873722946,True,False
M0003,G03,2025-01-27 00:00:00,11.90730676280038,14.85683749274998,False,False
M0003,G03,2025-01-27 01:00:00,11.44636663154394,12.585468905976867,False,False
M0003,G03,2025-01-27 02:00:00,10.836011206455451,12.727598506078012,False,False
M0003,G03,2025-01-27 03:00:00,9.515009105624909,14.358505458731148,False,False
M0003,G03,2025-01-27 04:00:00,10.177278747607172,12.431526632418901,False,False
M0003,G03,2025-01-27 05:00:00,10.435950549788675,10.630836600733154,False,False
M0003,G03,2025-01-27 06:00:00,8.682847949720708,16.02560913846644,False,False
M0003,G03,2025-01-27 07:00:00,9.141860642355443,18.20180324159065,False,False
M0003,G03,2025-01-27 08:00:00,9.640177894869893,14.183334430236568,False,False
M0003,G03,2025-01-27 09:00:00,10.206808557680557,14.605512225243487,False,False
M0003,G03,2025-01-27 10:00:00,10.528591523154267,16.45277016723272,False,False
M0003,G03,2025-01-27 11:00:00,10.436013321846835,17.548927848853697,False,False
M0003,G03,2025-01-27 12:00:00,11.488490691376754,16.883601353230894,False,False
M0003,G03,2025-01-27 13:00:00,11.599061343658725,16.101322684708272,False,False
M0003,G03,2025-01-27 14:00:00,10.416740945958244,18.098679591477783,False,False
M0003,G03,2025-01-27 15:00:00,12.218572267973336,18.653528583704308,False,False
M0003,G03,2025-01-27 16:00:00,13.48657550379,15.88892474794297,False,False
M0003,G03,2025-01-27 17:00:00,11.889803631976335,17.85875345269056,False,False
M0003,G03,2025-01-27 18:00:00,13.092184987881218,18.690343713198345,False,False
M0003,G03,2025-01-27 19:00:00,13.95819505123294,15.704258208121269,False,False
M0003,G03,2025-01-27 20:00:00,12.260319074248358,15.055124186588381,False,False
M0003,G03,2025-01-27 21:00:00,12.61909903187931,14.433911471466288,False,False
M0003,G03,2025-01-27 22:00:00,11.370838967112826,14.629660955489058,False,False
M0003,G03,2025-01-27 23:00:00,13.368598568038234,12.413128194796693,False,False
M0003,G03,2025-01-28 00:00:00,11.4450339426127,13.647061888879218,False,False
M0003,G03,2025-01-28 01:00:00,11.09049663868303,13.40766955574934,False,False
M0003,G03,2025-01-28 02:00:00,10.867079904483422,15.106783318069827,False,False
M0003,G03,2025-01-28 03:00:00,10.618816642480533,13.15458568947463,False,False
M0003,G03,2025-01-28 04:00:00,9.113637906595681,15.464683009618078,False,False
M0003,G03,2025-01-28 05:00:00,9.832883905702074,11.71495244880008,False,False
M0003,G03,2025-01-28 06:00:00,9.538135441839623,15.824899547159227,False,False
M0003,G03,2025-01-28 07:00:00,9.097672080406635,15.324675294140885,False,False
M0003,G03,2025-01-28 08:00:00,8.583988174536666,14.986371806242662,False,False
M0003,G03,2025-01-28 09:00:00,9.868461631433686,16.13992798295377,False,False
M0003,G03,2025-01-28 10:00:00,9.532315860406255,18.27861980727196,False,False
M0003,G03,2025-01-28 11:00:00,11.601278236199132,16.601810121724693,False,False
M0003,G03,2025-01-28 12:00:00,11.31988982989792,16.408726965702996,False,False
M0003,G03,2025-01-28 13:00:00,11.173383470349986,18.205463241538993,False,False
M0003,G03,2025-01-28 14:00:00,11.718480763633567,17.25663844345335,False,False
M0003,G03,2025-01-28 15:00:00,11.340313531333178,18.339116906742422,False,False
M0003,G03,2025-01-28 16:00:00,12.09696456610179,18.30134822815238,False,False
M0003,G03,2025-01-28 17:00:00,13.618718290865884,15.759674955679811,False,False
M0003,G03,2025-01-28 18:00:00,14.733509509363461,14.256365713160372,False,False
M0003,G03,2025-01-28 19:00:00,13.399874538931714,16.53370764949251,False,False
M0003,G03,2025-01-28 20:00:00,12.832690053207896,14.526812890454627,False,False
M0003,G03,2025-01-28 21:00:00,13.019605049289513,12.295045417735837,False,False
M0003,G03,2025-01-28 22:00:00,11.463557284488495,15.433158208668708,False,False
M0003,G03,2025-01-28 23:00:00,13.258237110658747,13.519839930411344,False,False
M0003,G03,2025-01-29 00:00:00,11.647654058779882,12.711898841006905,False,False
M0003,G03,2025-01-29 01:00:00,12.930910102892051,11.085917258965447,False,False
M0003,G03,2025-01-29 02:00:00,11.079152834654383,14.30437547735972,False,False
M0003,G03,2025-01-29 03:00:00,9.424216212680907,13.004704175173648,False,False
M0003,G03,2025-01-29 04:00:00,9.208294867580385,16.78645722226949,False,False
M0003,G03,2025-01-29 05:00:00,9.100343751349754,14.753424924337988,False,False
M0003,G03,2025-01-29 06:00:00,9.268258236908368,15.997202262005255,False,False
M0003,G03,2025-01-29 07:00:00,9.355721718885546,15.404559761679488,False,False
M0003,G03,2025-01-29 08:00:00,11.007483005839784,16.596658158547093,False,False
M0003,G03,2025-01-29 09:00:00,9.361393663900206,17.634169146708725,False,False
M0003,G03,2025-01-29 10:00:00,10.399483581365192,17.881222315623038,False,False
M0003,G03,2025-01-29 11:00:00,11.063339065673864,16.488927394578482,False,False
M0003,G03,2025-01-29 12:00:00,11.215216204269234,17.63713005378329,False,False
M0003,G03,2025-01-29 13:00:00,11.756909609341664,16.588750175071727,False,False
M0003,G03,2025-01-29 14:00:00,11.50450289965635,19.258365918765243,False,False
M0003,G03,2025-01-29 15:00:00,12.573043910233716,19.530716493836934,False,False
M0003,G03,2025-01-29 16:00:00,13.112974160648877,17.493092691075965,False,False
M0003,G03,2025-01-29 17:00:00,13.169466740617878,16.547154546408425,False,False
M0003,G03,2025-01-29 18:00:00,13.374179954403974,17.667000983188746,False,False
M0003,G03,2025-01-29 19:00:00,13.833451372539313,16.18978177039191,False,False
M0003,G03,2025-01-29 20:00:00,13.3197473543863,17.670631588025927,False,False
M0003,G03,2025-01-29 21:00:00,13.284436527422505,12.48217115136905,False,False
M0003,G03,2025-01-29 22:00:00,11.861219925224512,13.20161678703639,False,False
M0003,G03,2025-01-29 23:00:00,11.818576030330652,12.997874764183651,False,False
M0003,G03,2025-01-30 00:00:00,12.292441509180135,10.378391077167162,False,False
M0003,G03,2025-01-30 01:00:00,11.410642667403394,12.631887928387483,False,False
M0003,G03,2025-01-30 02:00:00,10.529180691194725,12.696737784142524,False,False
M0003,G03,2025-01-30 03:00:00,9.448082399147786,14.578457867201143,False,False
M0003,G03,2025-01-30 04:00:00,8.990511422020257,14.859577565229017,False,False
M0003,G03,2025-01-30 05:00:00,8.850571827953004,13.804262978767197,False,False
M0003,G03,2025-01-30 06:00:00,9.618346228202107,13.22514427345551,False,False
M0003,G03,2025-01-30 07:00:00,8.695929547661578,15.390663788353075,False,False
M0003,G03,2025-01-30 08:00:00,9.103653630368521,17.449853612969427,False,False
M0003,G03,2025-01-30 09:00:00,9.692361412812835,15.449209611204163,False,False
M0003,G03,2025-01-30 10:00:00,9.597128180534515,16.700473097730775,False,False
M0003,G03,2025-01-30 11:00:00,10.932488618923196,18.12953595221805,False,False
M0003,G03,2025-01-30 12:00:00,11.622820488467362,18.39230719452949,False,False
M0003,G03,2025-01-30 13:00:00,11.369366451128013,19.461045121394584,False,False
M0003,G03,2025-01-30 14:00:00,11.865095613656102,18.477608889896167,False,False
M0003,G03,2025-01-30 15:00:00,12.834772783391806,19.09934262305158,False,False
M0003,G03,2025-01-30 16:00:00,12.33026672815932,18.13630365197801,False,False
M0003,G03,2025-01-30 17:00:00,12.450313296384508,17.344761046649406,False,False
M0003,G03,2025-01-30 18:00:00,13.772202570866272,17.146138571248418,False,False
M0003,G03,2025-01-30 19:00:00,13.554567419084403,14.81286896871028,False,False
M0003,G03,2025-01-30 20:00:00,13.10225229853369,15.016636836868226,False,False
M0003,G03,2025-01-30 21:00:00,12.986241054516295,16.619264393972895,False,False
M0003,G03,2025-01-30 22:00:00,11.13011259448728,13.989682201917855,False,False
M0003,G03,2025-01-30 23:00:00,12.90838075576308,13.261794205772452,False,False
M0003,G03,2025-01-31 00:00:00,11.59058613599215,14.020385381051788,False,False
M0003,G03,2025-01-31 01:00:00,11.18441320896057,14.85251143629173,False,False
M0003,G03,2025-01-31 02:00:00,11.361746905525905,11.314212448350386,False,False
M0003,G03,2025-01-31 03:00:00,10.54879928329792,12.15588745612815,False,False
M0003,G03,2025-01-31 04:00:00,9.872954918394775,13.007337871390165,False,False
M0003,G03,2025-01-31 05:00:00,9.514953374961264,16.13670358565947,False,False
M0003,G03,2025-01-31 06:00:00,9.15361485111654,15.476647379985586,False,False
M0003,G03,2025-01-31 07:00:00,9.779621831701313,16.560442660726007,False,False
M0003,G03,2025-01-31 08:00:00,8.860137319580405,14.833369317743639,False,False
M0003,G03,2025-01-31 09:00:00,9.61616632688848,15.155112358620496,False,False
M0003,G03,2025-01-31 10:00:00,11.31623631753703,18.806275334631106,False,False
M0003,G03,2025-01-31 11:00:00,10.393047688022522,17.48450193259724,False,False
M0003,G03,2025-01-31 12:00:00,11.074096262463058,19.209383955720526,False,False
M0003,G03,2025-01-31 13:00:00,11.171826470332322,18.201504759640418,False,False
M0003,G03,2025-01-31 14:00:00,12.325182805480058,19.885561860652807,False,False
M0003,G03,2025-01-31 15:00:00,12.040218257767334,18.32483195317949,False,False
M0003,G03,2025-01-31 16:00:00,12.660310949136196,18.902768499665445,False,False
M0003,G03,2025-01-31 17:00:00,13.49331215116323,18.423283613851428,False,False
M0003,G03,2025-01-31 18:00:00,12.545095052796942,15.639901886387786,False,False
M0003,G03,2025-01-31 19:00:00,13.96994898080454,13.435815770745563,False,False
M0003,G03,2025-01-31 20:00:00,13.236306045567565,17.13484598398553,False,False
M0003,G03,2025-01-31 21:00:00,13.060739048193309,15.874055341913486,False,False
M0003,G03,2025-01-31 22:00:00,12.475934548308334,13.817478807830648,False,False
M0003,G03,2025-01-31 23:00:00,14.504519000568145,11.922338883983354,False,False
